Name,Start,End,Size
entry,0x00120008,0x001200B4,172
FUN_001200b8,0x001200B8,0x001200C0,8
FUN_001200c0,0x001200C0,0x001200D4,20
FUN_001200d4,0x001200D4,0x001200E0,12
FUN_001200e0,0x001200E0,0x0012010C,44
FUN_0012010c,0x0012010C,0x00120114,8
FUN_00120114,0x00120114,0x00120138,36
FUN_00120138,0x00120138,0x00120154,28
FUN_00120154,0x00120154,0x001201A8,84
FUN_001201a8,0x001201A8,0x001201B8,16
FUN_001201b8,0x001201B8,0x00120210,88
FUN_00120210,0x00120210,0x0012026C,92
FUN_0012026c,0x0012026C,0x001202D8,108
FUN_001202d8,0x001202D8,0x00120334,92
FUN_001203e8,0x001203E8,0x001203F8,16
FUN_001203f8,0x001203F8,0x00120408,16
FUN_00120408,0x00120408,0x001204B8,176
FUN_001204b8,0x001204B8,0x001204CC,20
FUN_001204cc,0x001204CC,0x0012051C,80
FUN_0012051c,0x0012051C,0x001205BC,160
FUN_001205bc,0x001205BC,0x00120678,188
FUN_00120678,0x00120678,0x00120764,236
FUN_00120764,0x00120764,0x001207C0,92
FUN_001207c0,0x001207C0,0x00120898,216
FUN_00120898,0x00120898,0x001208D8,64
FUN_001208d8,0x001208D8,0x00120900,40
FUN_00120900,0x00120900,0x0012092C,44
FUN_0012092c,0x0012092C,0x00120944,24
FUN_00120944,0x00120944,0x00120968,36
FUN_00120968,0x00120968,0x001209D4,108
FUN_001209d4,0x001209D4,0x001209EC,24
FUN_001209ec,0x001209EC,0x00120A04,24
FUN_00120a04,0x00120A04,0x00120A10,12
FUN_00120a10,0x00120A10,0x00120A28,24
FUN_00120c34,0x00120C34,0x00120C8C,88
FUN_00120c8c,0x00120C8C,0x00120CE4,88
FUN_00120ce4,0x00120CE4,0x00120E0C,296
FUN_00120e0c,0x00120E0C,0x00120E74,104
FUN_00120e74,0x00120E74,0x00120EDC,104
FUN_00120edc,0x00120EDC,0x00120FB4,216
FUN_00120fb4,0x00120FB4,0x00121008,84
FUN_00121008,0x00121008,0x00121090,136
FUN_00121090,0x00121090,0x00121110,128
FUN_00121110,0x00121110,0x00121118,8
FUN_00121118,0x00121118,0x00121120,8
FUN_00121120,0x00121120,0x00121128,8
FUN_00121194,0x00121194,0x00121214,128
FUN_00121214,0x00121214,0x0012125C,72
FUN_0012125c,0x0012125C,0x001212A4,72
FUN_001212a4,0x001212A4,0x00121330,140
FUN_00121330,0x00121330,0x001213A0,112
FUN_001213a0,0x001213A0,0x00121410,112
FUN_00121410,0x00121410,0x0012143C,44
FUN_0012143c,0x0012143C,0x00121468,44
FUN_00121468,0x00121468,0x001214A8,64
FUN_001214a8,0x001214A8,0x001214E8,64
FUN_001214e8,0x001214E8,0x00121500,24
FUN_00121500,0x00121500,0x00121510,16
FUN_00121510,0x00121510,0x00121524,20
FUN_00121524,0x00121524,0x0012153C,24
FUN_0012153c,0x0012153C,0x00121554,24
entry_0012156c,0x0012156C,0x001215D8,108
FUN_001215d8,0x001215D8,0x001215F4,28
FUN_001215f4,0x001215F4,0x00121604,16
FUN_00121604,0x00121604,0x00121618,20
FUN_00121618,0x00121618,0x00121644,44
FUN_00121644,0x00121644,0x00121668,36
FUN_00121668,0x00121668,0x0012169C,52
FUN_0012169c,0x0012169C,0x0012172C,144
FUN_0012172c,0x0012172C,0x00121768,60
FUN_00121768,0x00121768,0x001217C0,88
FUN_001217c0,0x001217C0,0x00121834,116
FUN_00121834,0x00121834,0x00121934,256
FUN_00121934,0x00121934,0x001219CC,152
FUN_001219cc,0x001219CC,0x00121B6C,416
FUN_00121b6c,0x00121B6C,0x00121BE0,116
FUN_00121be0,0x00121BE0,0x00121CF4,276
FUN_00121cf4,0x00121CF4,0x00121DB4,192
FUN_00121db4,0x00121DB4,0x00121E80,204
FUN_00121e80,0x00121E80,0x00121F2C,172
FUN_00121f2c,0x00121F2C,0x00121FEC,192
FUN_00121fec,0x00121FEC,0x001220B0,196
FUN_001220b0,0x001220B0,0x00122174,196
FUN_00122174,0x00122174,0x00122194,32
FUN_00122194,0x00122194,0x001221A8,20
FUN_001221a8,0x001221A8,0x001222EC,324
FUN_001222ec,0x001222EC,0x00122310,36
FUN_00122310,0x00122310,0x0012233C,44
FUN_0012233c,0x0012233C,0x00122464,296
FUN_00122464,0x00122464,0x00122550,236
FUN_00122550,0x00122550,0x00122688,312
FUN_00122688,0x00122688,0x001227C8,320
FUN_001227c8,0x001227C8,0x001227E4,28
FUN_001227e4,0x001227E4,0x0012284C,104
FUN_0012284c,0x0012284C,0x00122908,188
FUN_00122908,0x00122908,0x00122968,96
FUN_00122968,0x00122968,0x00122988,32
FUN_00122988,0x00122988,0x001229B0,40
FUN_001229b0,0x001229B0,0x00122A24,116
FUN_00122a24,0x00122A24,0x00122A58,52
FUN_00122a58,0x00122A58,0x00122AA4,76
FUN_00122aa4,0x00122AA4,0x00122AE4,64
FUN_00122ae4,0x00122AE4,0x00122B74,144
FUN_00122b74,0x00122B74,0x00122BEC,120
FUN_00122bec,0x00122BEC,0x00122C24,56
FUN_00122c24,0x00122C24,0x00122C40,28
FUN_00122c40,0x00122C40,0x00122C4C,12
FUN_00122c4c,0x00122C4C,0x00122F58,780
FUN_00122f58,0x00122F58,0x001230F8,416
FUN_001230f8,0x001230F8,0x00123168,112
FUN_00123168,0x00123168,0x00123180,24
FUN_00123180,0x00123180,0x0012318C,12
FUN_0012318c,0x0012318C,0x001231D0,68
FUN_001231d0,0x001231D0,0x00123210,64
FUN_00123210,0x00123210,0x00123264,84
FUN_00123264,0x00123264,0x0012327C,24
FUN_0012327c,0x0012327C,0x001232BC,64
FUN_001232bc,0x001232BC,0x00123304,72
FUN_00123304,0x00123304,0x00123354,80
FUN_00123354,0x00123354,0x00123378,36
FUN_00123378,0x00123378,0x0012339C,36
FUN_0012339c,0x0012339C,0x00123420,132
FUN_00123420,0x00123420,0x00123494,116
FUN_00123494,0x00123494,0x00123500,108
FUN_00123500,0x00123500,0x00123578,120
entry_001235cc,0x001235CC,0x0012364C,128
FUN_0012364c,0x0012364C,0x001236CC,128
FUN_001236cc,0x001236CC,0x001236E4,24
FUN_001236e4,0x001236E4,0x00123718,52
FUN_00123718,0x00123718,0x0012374C,52
FUN_0012374c,0x0012374C,0x0012376C,32
FUN_0012376c,0x0012376C,0x0012378C,32
FUN_0012378c,0x0012378C,0x001237AC,32
FUN_001237ac,0x001237AC,0x001237B8,12
FUN_001237b8,0x001237B8,0x001237E0,40
FUN_001237e0,0x001237E0,0x001238AC,204
FUN_001238ac,0x001238AC,0x00123998,236
FUN_00123998,0x00123998,0x00123AAC,276
FUN_00123aac,0x00123AAC,0x00123B9C,240
FUN_00123b9c,0x00123B9C,0x00123BD4,56
FUN_00123bd4,0x00123BD4,0x00123CA0,204
FUN_00123ca0,0x00123CA0,0x00123D74,212
FUN_00123d74,0x00123D74,0x00123D88,20
FUN_00123d88,0x00123D88,0x00123D9C,20
FUN_00123d9c,0x00123D9C,0x00123E98,252
FUN_00123e98,0x00123E98,0x00123F10,120
FUN_00123f10,0x00123F10,0x00124114,516
FUN_00124114,0x00124114,0x00124240,300
FUN_00124240,0x00124240,0x0012427C,60
FUN_0012427c,0x0012427C,0x001242C0,68
FUN_001242c0,0x001242C0,0x001242F8,56
FUN_001242f8,0x001242F8,0x00124330,56
FUN_00124330,0x00124330,0x00124360,48
FUN_00124360,0x00124360,0x001243A0,64
FUN_001243a0,0x001243A0,0x001243E4,68
FUN_001243e4,0x001243E4,0x00124420,60
FUN_00124420,0x00124420,0x0012445C,60
FUN_0012445c,0x0012445C,0x001244A4,72
FUN_001244a4,0x001244A4,0x0012459C,248
FUN_0012459c,0x0012459C,0x001245DC,64
FUN_001245dc,0x001245DC,0x00124650,116
FUN_00124650,0x00124650,0x001246D8,136
FUN_001246d8,0x001246D8,0x00124760,136
FUN_00124760,0x00124760,0x0012481C,188
FUN_0012481c,0x0012481C,0x001248E4,200
FUN_001248e4,0x001248E4,0x00124928,68
FUN_00124928,0x00124928,0x0012493C,20
FUN_0012493c,0x0012493C,0x00124954,24
FUN_00124954,0x00124954,0x00124968,20
FUN_00124968,0x00124968,0x00124980,24
FUN_00124980,0x00124980,0x001249BC,60
FUN_001249bc,0x001249BC,0x001249D8,28
FUN_001249d8,0x001249D8,0x00124A08,48
FUN_00124a08,0x00124A08,0x00124A1C,20
FUN_00124a1c,0x00124A1C,0x00124A40,44
FUN_00124a40,0x00124A40,0x00124A64,36
FUN_00124a64,0x00124A64,0x00124A88,36
FUN_00124a88,0x00124A88,0x00124AAC,36
FUN_00124aac,0x00124AAC,0x00124AD0,36
entry_00124ad0,0x00124AD0,0x00124AD8,8
FUN_00124ad8,0x00124AD8,0x00124AEC,20
FUN_00124aec,0x00124AEC,0x00124B08,28
FUN_00124b08,0x00124B08,0x00124B68,96
FUN_00124b68,0x00124B68,0x00124BCC,100
FUN_00124bcc,0x00124BCC,0x00124D48,380
FUN_00124d48,0x00124D48,0x00124DAC,100
FUN_00124dac,0x00124DAC,0x00124E58,172
FUN_00124e58,0x00124E58,0x00124F04,172
FUN_00124f04,0x00124F04,0x00124F54,80
FUN_00124f54,0x00124F54,0x00125224,720
FUN_00125224,0x00125224,0x001252AC,136
FUN_001252ac,0x001252AC,0x00125324,120
FUN_00125324,0x00125324,0x001253CC,168
FUN_001253cc,0x001253CC,0x0012542C,96
FUN_0012542c,0x0012542C,0x00125488,92
FUN_00125488,0x00125488,0x001255C8,320
FUN_001255c8,0x001255C8,0x001255F4,44
FUN_001255f4,0x001255F4,0x0012591C,808
FUN_0012591c,0x0012591C,0x00125998,124
FUN_00125998,0x00125998,0x00125AAC,276
FUN_00125aac,0x00125AAC,0x00125ECC,1056
FUN_00125ecc,0x00125ECC,0x00125FE8,284
FUN_00125fe8,0x00125FE8,0x00126008,32
FUN_00126008,0x00126008,0x00126010,8
FUN_00126010,0x00126010,0x0012607C,108
FUN_0012607c,0x0012607C,0x0012662C,1456
FUN_0012662c,0x0012662C,0x00126A08,988
FUN_00126a08,0x00126A08,0x00126A50,72
FUN_00126a50,0x00126A50,0x00126AC0,112
FUN_00126ac0,0x00126AC0,0x00126B1C,92
FUN_00126b1c,0x00126B1C,0x00126B28,12
FUN_00126b28,0x00126B28,0x00126E3C,788
FUN_00126e3c,0x00126E3C,0x00126E50,20
FUN_00126e50,0x00126E50,0x00126E58,8
FUN_00126e58,0x00126E58,0x00126EB4,92
FUN_00126eb4,0x00126EB4,0x00126EE4,48
FUN_00126ee4,0x00126EE4,0x00126F2C,72
FUN_00126f2c,0x00126F2C,0x00126F4C,32
FUN_00126f4c,0x00126F4C,0x00127068,284
FUN_00127068,0x00127068,0x00127070,8
FUN_00127070,0x00127070,0x00127184,276
FUN_00127184,0x00127184,0x001271D4,80
FUN_001271d4,0x001271D4,0x00127428,596
FUN_00127428,0x00127428,0x001274C8,160
FUN_001274c8,0x001274C8,0x001274F4,44
FUN_001274f4,0x001274F4,0x00127534,64
FUN_00127534,0x00127534,0x00127550,28
FUN_00127550,0x00127550,0x0012759C,76
FUN_0012759c,0x0012759C,0x001275F4,88
FUN_001275f4,0x001275F4,0x00127628,52
FUN_00127628,0x00127628,0x00127648,32
FUN_00127648,0x00127648,0x00127934,748
FUN_00127934,0x00127934,0x00127A78,324
FUN_00127a78,0x00127A78,0x00127A98,32
FUN_00127a98,0x00127A98,0x00127B5C,196
FUN_00127b5c,0x00127B5C,0x00127B7C,32
FUN_00127b7c,0x00127B7C,0x001284A4,2344
FUN_001284a4,0x001284A4,0x001286FC,600
FUN_001286fc,0x001286FC,0x0012871C,32
FUN_0012871c,0x0012871C,0x00128794,120
FUN_00128794,0x00128794,0x001287F0,92
FUN_001287f0,0x001287F0,0x001288DC,236
FUN_001288dc,0x001288DC,0x00128934,88
FUN_00128934,0x00128934,0x0012893C,8
FUN_0012893c,0x0012893C,0x00128994,88
FUN_00128994,0x00128994,0x001289B4,32
FUN_001289b4,0x001289B4,0x00128A10,92
FUN_00128a10,0x00128A10,0x00128A6C,92
FUN_00128a6c,0x00128A6C,0x00128AC4,88
FUN_00128ac4,0x00128AC4,0x00128B08,68
FUN_00128b08,0x00128B08,0x00128BC8,192
FUN_00128bc8,0x00128BC8,0x00128BE8,32
FUN_00128be8,0x00128BE8,0x00128BF0,8
FUN_00128bf0,0x00128BF0,0x00128BFC,12
entry_00128bfc,0x00128BFC,0x00128C0C,16
FUN_00128c0c,0x00128C0C,0x00128C48,60
FUN_00128c48,0x00128C48,0x00128C7C,52
FUN_00128c7c,0x00128C7C,0x00128C9C,32
FUN_00128c9c,0x00128C9C,0x00128D68,204
FUN_00128d68,0x00128D68,0x00128D70,8
FUN_00128d70,0x00128D70,0x00128FB0,576
FUN_00128fb0,0x00128FB0,0x00128FF4,68
FUN_00128ff4,0x00128FF4,0x0012908C,152
FUN_0012908c,0x0012908C,0x0012916C,224
FUN_0012916c,0x0012916C,0x001291CC,96
FUN_001291cc,0x001291CC,0x001291DC,16
FUN_001291dc,0x001291DC,0x00129204,40
FUN_00129204,0x00129204,0x001292E8,228
FUN_001292e8,0x001292E8,0x00129970,1672
FUN_00129970,0x00129970,0x00129A74,260
FUN_00129a74,0x00129A74,0x00129B94,288
FUN_00129b94,0x00129B94,0x00129CCC,312
FUN_00129ccc,0x00129CCC,0x00129D30,100
FUN_00129d30,0x00129D30,0x00129EDC,428
FUN_00129edc,0x00129EDC,0x00129F08,44
FUN_00129f08,0x00129F08,0x00129F28,32
FUN_00129f28,0x00129F28,0x00129F38,16
FUN_00129f38,0x00129F38,0x00129F60,40
FUN_00129f60,0x00129F60,0x00129F68,8
FUN_00129f68,0x00129F68,0x00129F70,8
FUN_00129f70,0x00129F70,0x00129FC8,88
FUN_00129fc8,0x00129FC8,0x00129FD0,8
FUN_00129fd0,0x00129FD0,0x00129FD8,8
FUN_00129fd8,0x00129FD8,0x00129FE0,8
FUN_00129fe0,0x00129FE0,0x00129FE8,8
FUN_00129fe8,0x00129FE8,0x0012A008,32
FUN_0012a008,0x0012A008,0x0012A010,8
FUN_0012a010,0x0012A010,0x0012A018,8
FUN_0012a018,0x0012A018,0x0012A020,8
FUN_0012a020,0x0012A020,0x0012A13C,284
FUN_0012a13c,0x0012A13C,0x0012A190,84
FUN_0012a190,0x0012A190,0x0012A208,120
FUN_0012a208,0x0012A208,0x0012A264,92
FUN_0012a264,0x0012A264,0x0012A294,48
FUN_0012a294,0x0012A294,0x0012A428,404
FUN_0012a428,0x0012A428,0x0012A434,12
FUN_0012a434,0x0012A434,0x0012A470,60
FUN_0012a470,0x0012A470,0x0012A490,32
FUN_0012a490,0x0012A490,0x0012A4F0,96
FUN_0012a4f0,0x0012A4F0,0x0012A550,96
FUN_0012a550,0x0012A550,0x0012A5B0,96
FUN_0012a5b0,0x0012A5B0,0x0012A648,152
FUN_0012a648,0x0012A648,0x0012A6EC,164
FUN_0012a6ec,0x0012A6EC,0x0012A710,36
FUN_0012a710,0x0012A710,0x0012A730,32
FUN_0012a730,0x0012A730,0x0012A780,80
FUN_0012a780,0x0012A780,0x0012A804,132
FUN_0012a804,0x0012A804,0x0012A86C,104
FUN_0012a86c,0x0012A86C,0x0012A8E4,120
FUN_0012a8e4,0x0012A8E4,0x0012A99C,184
FUN_0012a99c,0x0012A99C,0x0012AAD0,308
FUN_0012aad0,0x0012AAD0,0x0012AB5C,140
FUN_0012ab5c,0x0012AB5C,0x0012AC18,188
FUN_0012ac18,0x0012AC18,0x0012ACB4,156
FUN_0012acb4,0x0012ACB4,0x0012AD00,76
FUN_0012ad00,0x0012AD00,0x0012AD94,148
FUN_0012ad94,0x0012AD94,0x0012AE20,140
FUN_0012ae20,0x0012AE20,0x0012AEC4,164
FUN_0012aec4,0x0012AEC4,0x0012AF54,144
FUN_0012af54,0x0012AF54,0x0012AF74,32
FUN_0012af74,0x0012AF74,0x0012AFA8,52
FUN_0012afa8,0x0012AFA8,0x0012AFC4,28
FUN_0012afc4,0x0012AFC4,0x0012B04C,136
FUN_0012b04c,0x0012B04C,0x0012B0BC,112
FUN_0012b0bc,0x0012B0BC,0x0012B134,120
FUN_0012b134,0x0012B134,0x0012B15C,40
FUN_0012b15c,0x0012B15C,0x0012B1A4,72
FUN_0012b1a4,0x0012B1A4,0x0012B1CC,40
FUN_0012b1cc,0x0012B1CC,0x0012B210,68
FUN_0012b210,0x0012B210,0x0012B258,72
FUN_0012b258,0x0012B258,0x0012B360,264
FUN_0012b360,0x0012B360,0x0012B384,36
FUN_0012b384,0x0012B384,0x0012B3EC,104
FUN_0012b3ec,0x0012B3EC,0x0012B410,36
FUN_0012b410,0x0012B410,0x0012B43C,44
FUN_0012b43c,0x0012B43C,0x0012B468,44
FUN_0012b468,0x0012B468,0x0012B494,44
FUN_0012b494,0x0012B494,0x0012B4C0,44
FUN_0012b4c0,0x0012B4C0,0x0012B4EC,44
FUN_0012b4ec,0x0012B4EC,0x0012B520,52
FUN_0012b520,0x0012B520,0x0012B540,32
FUN_0012b540,0x0012B540,0x0012B700,448
FUN_0012b700,0x0012B700,0x0012B8D0,464
FUN_0012b8d0,0x0012B8D0,0x0012BD7C,1196
FUN_0012bd7c,0x0012BD7C,0x0012D688,6412
FUN_0012d688,0x0012D688,0x0012D834,428
FUN_0012d834,0x0012D834,0x0012D848,20
FUN_0012d848,0x0012D848,0x0012D858,16
FUN_0012d858,0x0012D858,0x0012D864,12
FUN_0012d864,0x0012D864,0x0012D870,12
FUN_0012d870,0x0012D870,0x0012D880,16
FUN_0012d880,0x0012D880,0x0012D88C,12
FUN_0012d88c,0x0012D88C,0x0012D914,136
FUN_0012d914,0x0012D914,0x0012D968,84
FUN_0012d968,0x0012D968,0x0012D99C,52
FUN_0012d99c,0x0012D99C,0x0012D9BC,32
FUN_0012d9bc,0x0012D9BC,0x0012DAB0,244
FUN_0012dab0,0x0012DAB0,0x0012DB28,120
FUN_0012db28,0x0012DB28,0x0012DBA4,124
FUN_0012dba4,0x0012DBA4,0x0012DC70,204
FUN_0012dc70,0x0012DC70,0x0012DCF8,136
FUN_0012dcf8,0x0012DCF8,0x0012DD1C,36
FUN_0012dd1c,0x0012DD1C,0x0012DD48,44
FUN_0012dd48,0x0012DD48,0x0012DD54,12
FUN_0012dd54,0x0012DD54,0x0012DDA8,84
FUN_0012dda8,0x0012DDA8,0x0012DF5C,436
FUN_0012df5c,0x0012DF5C,0x0012DFF4,152
FUN_0012dff4,0x0012DFF4,0x0012E078,132
FUN_0012e078,0x0012E078,0x0012E0A4,44
FUN_0012e0a4,0x0012E0A4,0x0012E174,208
FUN_0012e174,0x0012E174,0x0012E2A8,308
FUN_0012e2a8,0x0012E2A8,0x0012E304,92
FUN_0012e304,0x0012E304,0x0012E328,36
FUN_0012e328,0x0012E328,0x0012E6E0,952
FUN_0012e6e0,0x0012E6E0,0x0012E9E0,768
FUN_0012e9e0,0x0012E9E0,0x0012EBE0,512
FUN_0012ebe0,0x0012EBE0,0x0012ECA4,196
FUN_0012eca4,0x0012ECA4,0x0012EDF0,332
FUN_0012edf0,0x0012EDF0,0x0012EE68,120
FUN_0012ee68,0x0012EE68,0x0012EF44,220
FUN_0012ef44,0x0012EF44,0x0012EF74,48
FUN_0012ef74,0x0012EF74,0x0012F144,464
FUN_0012f144,0x0012F144,0x0012F1E8,164
FUN_0012f1e8,0x0012F1E8,0x0012F454,620
FUN_0012f454,0x0012F454,0x0012F618,452
FUN_0012f618,0x0012F618,0x0012F624,12
FUN_0012f624,0x0012F624,0x0012F65C,56
FUN_0012f65c,0x0012F65C,0x0012F694,56
FUN_0012f694,0x0012F694,0x0012F6B4,32
FUN_0012f6b4,0x0012F6B4,0x0012F708,84
FUN_0012f708,0x0012F708,0x0012FA58,848
FUN_0012fa58,0x0012FA58,0x0012FE7C,1060
FUN_0012fe7c,0x0012FE7C,0x0012FEEC,112
FUN_0012feec,0x0012FEEC,0x0012FF28,60
FUN_0012ff28,0x0012FF28,0x0012FF84,92
FUN_0012ff84,0x0012FF84,0x0012FFCC,72
FUN_0012ffcc,0x0012FFCC,0x0012FFE4,24
FUN_0012ffe4,0x0012FFE4,0x00130048,100
FUN_00130048,0x00130048,0x001300C8,128
FUN_001300c8,0x001300C8,0x00130138,112
FUN_00130138,0x00130138,0x00130168,48
FUN_00130168,0x00130168,0x001302C0,344
FUN_001302c0,0x001302C0,0x001304F4,564
FUN_001304f4,0x001304F4,0x00130548,84
FUN_00130548,0x00130548,0x0013058C,68
FUN_0013058c,0x0013058C,0x001305D8,76
FUN_001305d8,0x001305D8,0x0013065C,132
FUN_0013065c,0x0013065C,0x001306C4,104
FUN_001306c4,0x001306C4,0x00130730,108
FUN_00130730,0x00130730,0x0013079C,108
FUN_0013079c,0x0013079C,0x001307D8,60
FUN_001307d8,0x001307D8,0x00130818,64
FUN_00130818,0x00130818,0x00130928,272
FUN_00130928,0x00130928,0x00130964,60
FUN_00130964,0x00130964,0x00130C0C,680
FUN_00130c0c,0x00130C0C,0x00130CBC,176
FUN_00130cbc,0x00130CBC,0x00130D28,108
FUN_00130d28,0x00130D28,0x00130DA0,120
FUN_00130da0,0x00130DA0,0x00130DD4,52
FUN_00130dd4,0x00130DD4,0x00130E08,52
FUN_00130e08,0x00130E08,0x00130E48,64
FUN_00130e48,0x00130E48,0x00130FB0,360
FUN_00130fb0,0x00130FB0,0x00131028,120
FUN_00131028,0x00131028,0x00131050,40
FUN_00131050,0x00131050,0x001310A0,80
FUN_001310a0,0x001310A0,0x001310AC,12
FUN_001310ac,0x001310AC,0x00131130,132
FUN_00131130,0x00131130,0x0013117C,76
FUN_0013117c,0x0013117C,0x001311B8,60
FUN_001311b8,0x001311B8,0x001311F8,64
FUN_001311f8,0x001311F8,0x00131230,56
FUN_00131230,0x00131230,0x001312D0,160
FUN_001312d0,0x001312D0,0x00131364,148
FUN_00131364,0x00131364,0x001313BC,88
FUN_001313bc,0x001313BC,0x001313DC,32
FUN_001313dc,0x001313DC,0x00131460,132
FUN_00131460,0x00131460,0x00131468,8
FUN_00131468,0x00131468,0x001314F4,140
FUN_001314f4,0x001314F4,0x001314FC,8
FUN_001314fc,0x001314FC,0x00131504,8
FUN_00131504,0x00131504,0x0013151C,24
FUN_0013151c,0x0013151C,0x00131534,24
FUN_00131534,0x00131534,0x00131544,16
FUN_00131544,0x00131544,0x0013154C,8
FUN_0013154c,0x0013154C,0x00131560,20
FUN_00131560,0x00131560,0x00131574,20
FUN_00131574,0x00131574,0x0013157C,8
FUN_0013157c,0x0013157C,0x00131584,8
FUN_00131584,0x00131584,0x001315A4,32
FUN_001315a4,0x001315A4,0x001315D0,44
FUN_001315d0,0x001315D0,0x00131610,64
FUN_00131610,0x00131610,0x00131630,32
FUN_00131630,0x00131630,0x001316D8,168
FUN_001316d8,0x001316D8,0x0013172C,84
FUN_0013172c,0x0013172C,0x00131788,92
FUN_00131788,0x00131788,0x001317D0,72
FUN_001317d0,0x001317D0,0x00131DE8,1560
FUN_00131de8,0x00131DE8,0x00131E50,104
FUN_00131e50,0x00131E50,0x00131E70,32
FUN_00131e70,0x00131E70,0x00131EF8,136
FUN_00131ef8,0x00131EF8,0x00131F04,12
FUN_00131f04,0x00131F04,0x00131F0C,8
FUN_00131f0c,0x00131F0C,0x00131F14,8
FUN_00131f14,0x00131F14,0x00131F20,12
FUN_00131f20,0x00131F20,0x00131F3C,28
FUN_00131f3c,0x00131F3C,0x00131F7C,64
FUN_00131f7c,0x00131F7C,0x00131FBC,64
FUN_00131fbc,0x00131FBC,0x00131FFC,64
FUN_00131ffc,0x00131FFC,0x0013203C,64
FUN_0013217c,0x0013217C,0x001321A8,44
FUN_001321a8,0x001321A8,0x001321B8,16
FUN_001321b8,0x001321B8,0x001321CC,20
FUN_001321cc,0x001321CC,0x001321E0,32
FUN_001321e0,0x001321E0,0x00132208,40
entry_00132208,0x00132208,0x00132240,56
FUN_00132240,0x00132240,0x001322D4,148
FUN_001322d4,0x001322D4,0x00132B40,2188
FUN_00132b40,0x00132B40,0x00132BD8,152
FUN_00132bd8,0x00132BD8,0x001330CC,1308
FUN_001330cc,0x001330CC,0x00133168,156
FUN_00133168,0x00133168,0x00133198,48
FUN_00133198,0x00133198,0x001331CC,52
FUN_001331cc,0x001331CC,0x00133268,156
FUN_00133268,0x00133268,0x001332DC,116
FUN_001332dc,0x001332DC,0x00133320,68
FUN_00133320,0x00133320,0x00133328,8
FUN_00133328,0x00133328,0x00133330,8
FUN_00133330,0x00133330,0x00133398,104
FUN_00133398,0x00133398,0x00133404,108
FUN_00133404,0x00133404,0x00133424,32
FUN_00133424,0x00133424,0x00133530,268
FUN_00133530,0x00133530,0x00133594,100
FUN_00133594,0x00133594,0x001335A4,16
FUN_001335a4,0x001335A4,0x001335B0,12
FUN_001335b0,0x001335B0,0x001335C8,24
FUN_001335c8,0x001335C8,0x001335E0,24
FUN_001335e0,0x001335E0,0x001335E8,8
FUN_001335e8,0x001335E8,0x00133608,32
FUN_00133608,0x00133608,0x0013362C,36
FUN_0013362c,0x0013362C,0x001336FC,208
FUN_001336fc,0x001336FC,0x0013377C,128
FUN_0013377c,0x0013377C,0x001338B0,308
FUN_001338b0,0x001338B0,0x00133918,104
FUN_00133918,0x00133918,0x00133970,88
FUN_00133970,0x00133970,0x001339DC,108
FUN_001339dc,0x001339DC,0x001339E8,12
FUN_001339e8,0x001339E8,0x00133A18,48
FUN_00133a18,0x00133A18,0x00133B20,264
FUN_00133b20,0x00133B20,0x00133C0C,236
FUN_00133c0c,0x00133C0C,0x00133CEC,224
FUN_00133cec,0x00133CEC,0x00133D44,88
FUN_00133d44,0x00133D44,0x00133DAC,104
FUN_00133dac,0x00133DAC,0x00133E40,148
FUN_00133e40,0x00133E40,0x00133E4C,12
FUN_00133e4c,0x00133E4C,0x00133FF8,428
FUN_00133ff8,0x00133FF8,0x0013413C,324
FUN_0013413c,0x0013413C,0x00134198,92
FUN_00134198,0x00134198,0x001341F4,92
FUN_001341f4,0x001341F4,0x00134250,92
FUN_00134250,0x00134250,0x001342AC,92
FUN_001342ac,0x001342AC,0x001342B4,8
FUN_001342b4,0x001342B4,0x001342BC,8
FUN_001342bc,0x001342BC,0x001342C4,8
FUN_001342c4,0x001342C4,0x001342CC,8
FUN_001342cc,0x001342CC,0x00134300,52
FUN_00134300,0x00134300,0x00134314,20
FUN_00134314,0x00134314,0x0013434C,56
FUN_0013434c,0x0013434C,0x00134354,8
FUN_00134354,0x00134354,0x0013438C,56
FUN_0013438c,0x0013438C,0x00134394,8
FUN_00134394,0x00134394,0x001343CC,56
FUN_001343cc,0x001343CC,0x001343E0,20
FUN_001343e0,0x001343E0,0x00134418,56
FUN_00134418,0x00134418,0x00134420,8
FUN_00134420,0x00134420,0x00134458,56
FUN_00134458,0x00134458,0x00134460,8
FUN_00134460,0x00134460,0x00134498,56
FUN_00134498,0x00134498,0x001344AC,20
FUN_001344ac,0x001344AC,0x00134520,116
FUN_00134520,0x00134520,0x00134540,32
FUN_00134540,0x00134540,0x00134724,484
FUN_00134724,0x00134724,0x00134818,244
FUN_00134818,0x00134818,0x00134870,88
FUN_00134870,0x00134870,0x001348D8,104
FUN_001348d8,0x001348D8,0x0013496C,148
FUN_0013496c,0x0013496C,0x001349EC,128
FUN_001349ec,0x001349EC,0x001349F4,8
FUN_001349f4,0x001349F4,0x00134A00,12
FUN_00134a00,0x00134A00,0x00134A38,56
FUN_00134a38,0x00134A38,0x00134A40,8
FUN_00134a40,0x00134A40,0x00134A78,56
FUN_00134a78,0x00134A78,0x00134A8C,20
FUN_00134a8c,0x00134A8C,0x00134AE4,88
FUN_00134ae4,0x00134AE4,0x00134B18,52
FUN_00134b18,0x00134B18,0x00134B2C,20
FUN_00134b2c,0x00134B2C,0x00134B84,88
FUN_00134b84,0x00134B84,0x00134BB8,52
FUN_00134bb8,0x00134BB8,0x00134BCC,20
FUN_00134bcc,0x00134BCC,0x00134C24,88
FUN_00134c24,0x00134C24,0x00134C58,52
FUN_00134c58,0x00134C58,0x00134C6C,20
FUN_00134c6c,0x00134C6C,0x00134CC4,88
FUN_00134cc4,0x00134CC4,0x00134CF8,52
FUN_00134cf8,0x00134CF8,0x00134D0C,20
FUN_00134d0c,0x00134D0C,0x00134DB0,164
FUN_00134db0,0x00134DB0,0x00134E1C,108
FUN_00134e1c,0x00134E1C,0x00134F5C,320
FUN_00134f5c,0x00134F5C,0x00134FCC,112
FUN_00134fcc,0x00134FCC,0x001350A0,212
FUN_001350a0,0x001350A0,0x0013511C,124
FUN_0013511c,0x0013511C,0x0013520C,240
FUN_0013520c,0x0013520C,0x0013527C,112
FUN_0013527c,0x0013527C,0x001352EC,112
FUN_001352ec,0x001352EC,0x0013535C,112
FUN_0013535c,0x0013535C,0x001353CC,112
FUN_001353cc,0x001353CC,0x0013541C,80
FUN_0013541c,0x0013541C,0x0013546C,80
FUN_0013546c,0x0013546C,0x001354BC,80
FUN_001354bc,0x001354BC,0x0013550C,80
FUN_0013550c,0x0013550C,0x001355FC,240
FUN_001355fc,0x001355FC,0x00135668,108
FUN_00135668,0x00135668,0x001356E0,120
FUN_001356e0,0x001356E0,0x00135758,120
FUN_00135758,0x00135758,0x001357E0,136
FUN_001357e0,0x001357E0,0x00135848,104
FUN_00135848,0x00135848,0x00135890,72
FUN_00135890,0x00135890,0x001358A4,20
FUN_001358a4,0x001358A4,0x001358B0,12
FUN_001358b0,0x001358B0,0x001358F0,64
FUN_001358f0,0x001358F0,0x00135930,64
FUN_00135930,0x00135930,0x00135970,64
FUN_00135970,0x00135970,0x001359B8,72
FUN_001359b8,0x001359B8,0x00135A00,72
FUN_00135a00,0x00135A00,0x00135A0C,12
FUN_00135a0c,0x00135A0C,0x00135A78,108
FUN_00135a78,0x00135A78,0x00135B2C,180
FUN_00135b2c,0x00135B2C,0x00135B4C,32
FUN_00135b4c,0x00135B4C,0x00135C00,180
FUN_00135c00,0x00135C00,0x00135CA8,168
FUN_00135ca8,0x00135CA8,0x00135CF0,72
FUN_00135cf0,0x00135CF0,0x00136094,932
FUN_00136094,0x00136094,0x0013612C,152
FUN_0013612c,0x0013612C,0x00136158,44
FUN_00136158,0x00136158,0x001361F8,160
FUN_001361f8,0x001361F8,0x001362D8,224
FUN_001362d8,0x001362D8,0x00136348,112
FUN_00136348,0x00136348,0x00136410,200
FUN_00136410,0x00136410,0x001364C8,184
FUN_001364c8,0x001364C8,0x00136528,96
FUN_00136528,0x00136528,0x001365B8,144
FUN_001365b8,0x001365B8,0x00136880,712
FUN_00136880,0x00136880,0x001368E8,104
FUN_001368e8,0x001368E8,0x00136978,144
FUN_00136978,0x00136978,0x0013699C,36
FUN_0013699c,0x0013699C,0x001369D8,60
FUN_001369d8,0x001369D8,0x00136CF8,800
FUN_00136cf8,0x00136CF8,0x00136F74,636
FUN_00136f74,0x00136F74,0x00137208,660
FUN_00137208,0x00137208,0x00137210,8
FUN_00137210,0x00137210,0x001372F4,228
FUN_001372f4,0x001372F4,0x00137320,44
FUN_00137320,0x00137320,0x0013733C,28
FUN_0013733c,0x0013733C,0x00137350,20
FUN_00137350,0x00137350,0x00137388,56
FUN_00137388,0x00137388,0x001373A8,32
FUN_001373a8,0x001373A8,0x001373E8,64
FUN_001373e8,0x001373E8,0x001374F0,264
FUN_001374f0,0x001374F0,0x001375DC,236
FUN_001375dc,0x001375DC,0x0013762C,80
FUN_0013762c,0x0013762C,0x0013764C,32
FUN_0013764c,0x0013764C,0x0013770C,192
FUN_0013770c,0x0013770C,0x00137840,308
FUN_00137840,0x00137840,0x0013793C,252
FUN_0013793c,0x0013793C,0x00137AE4,424
FUN_00137ae4,0x00137AE4,0x00137CD4,496
FUN_00137cd4,0x00137CD4,0x00137CF8,36
FUN_00137cf8,0x00137CF8,0x00137D30,56
FUN_00137d30,0x00137D30,0x00137E40,272
FUN_00137e40,0x00137E40,0x00137EB8,120
FUN_00137eb8,0x00137EB8,0x00137F44,140
FUN_00137f44,0x00137F44,0x00137FC4,128
FUN_00137fc4,0x00137FC4,0x00138058,148
FUN_00138058,0x00138058,0x001380B8,96
FUN_001380b8,0x001380B8,0x00138118,96
FUN_00138118,0x00138118,0x0013820C,244
FUN_0013820c,0x0013820C,0x00138358,332
FUN_00138358,0x00138358,0x00138398,64
FUN_00138398,0x00138398,0x00138468,208
FUN_00138468,0x00138468,0x001384EC,132
FUN_001384ec,0x001384EC,0x00138574,136
FUN_00138574,0x00138574,0x00138584,16
FUN_00138584,0x00138584,0x0013858C,8
FUN_0013858c,0x0013858C,0x001385B4,40
FUN_001385b4,0x001385B4,0x001385F0,60
FUN_001385f0,0x001385F0,0x0013867C,140
FUN_0013867c,0x0013867C,0x00138690,20
FUN_00138690,0x00138690,0x001386C4,52
FUN_001386c4,0x001386C4,0x001386E4,32
FUN_001386e4,0x001386E4,0x001386EC,8
FUN_001386ec,0x001386EC,0x001386F4,8
FUN_001386f4,0x001386F4,0x001386FC,8
FUN_001386fc,0x001386FC,0x00138704,8
FUN_00138704,0x00138704,0x00138728,36
FUN_00138728,0x00138728,0x0013874C,36
FUN_0013874c,0x0013874C,0x00138770,36
FUN_00138770,0x00138770,0x00138794,36
FUN_00138794,0x00138794,0x001387FC,104
FUN_001387fc,0x001387FC,0x00138804,8
FUN_00138804,0x00138804,0x0013880C,8
FUN_0013880c,0x0013880C,0x00138814,8
FUN_00138814,0x00138814,0x0013881C,8
FUN_0013881c,0x0013881C,0x00138888,108
FUN_00138888,0x00138888,0x001388A0,24
FUN_001388a0,0x001388A0,0x001388EC,76
FUN_001388ec,0x001388EC,0x0013890C,32
FUN_0013890c,0x0013890C,0x00138920,20
FUN_00138920,0x00138920,0x00138928,8
FUN_00138928,0x00138928,0x00138930,8
FUN_00138930,0x00138930,0x00138A48,280
FUN_00138a48,0x00138A48,0x00138CE4,668
FUN_00138ce4,0x00138CE4,0x00138D9C,184
FUN_00138d9c,0x00138D9C,0x00138DBC,32
FUN_00138dbc,0x00138DBC,0x00138DC8,12
FUN_00138dc8,0x00138DC8,0x00138E38,112
FUN_00138e38,0x00138E38,0x00138E70,56
FUN_00138e70,0x00138E70,0x00138EA4,52
FUN_00138ea4,0x00138EA4,0x00138ED0,44
FUN_00138ed0,0x00138ED0,0x00138ED8,8
FUN_00138ed8,0x00138ED8,0x00138F2C,84
FUN_00138f2c,0x00138F2C,0x00138F7C,80
FUN_00138f7c,0x00138F7C,0x00138FF0,116
FUN_00138ff0,0x00138FF0,0x00139060,112
FUN_00139060,0x00139060,0x00139100,160
FUN_00139100,0x00139100,0x00139160,96
FUN_00139160,0x00139160,0x0013918C,44
FUN_0013918c,0x0013918C,0x00139194,8
FUN_00139194,0x00139194,0x001391B4,32
FUN_001391b4,0x001391B4,0x001391BC,8
FUN_001391bc,0x001391BC,0x00139214,88
FUN_00139214,0x00139214,0x00139260,76
FUN_00139260,0x00139260,0x001392A8,72
FUN_001392a8,0x001392A8,0x001392E8,64
FUN_001392e8,0x001392E8,0x00139318,48
FUN_00139318,0x00139318,0x00139344,44
FUN_00139344,0x00139344,0x00139374,48
FUN_00139374,0x00139374,0x001393A4,48
FUN_001393a4,0x001393A4,0x001393AC,8
FUN_001393ac,0x001393AC,0x001393B4,8
FUN_001393b4,0x001393B4,0x001393BC,8
FUN_001393bc,0x001393BC,0x001393C4,8
FUN_001393c4,0x001393C4,0x001393CC,8
FUN_001393cc,0x001393CC,0x001393D4,8
FUN_001393d4,0x001393D4,0x001393DC,8
FUN_001393dc,0x001393DC,0x001393E4,8
FUN_001393e4,0x001393E4,0x001393EC,8
FUN_001393ec,0x001393EC,0x00139418,44
FUN_00139418,0x00139418,0x0013947C,100
FUN_0013947c,0x0013947C,0x001394A8,44
FUN_001394a8,0x001394A8,0x001394D4,44
FUN_001394d4,0x001394D4,0x00139500,44
FUN_00139500,0x00139500,0x0013952C,44
FUN_0013952c,0x0013952C,0x00139558,44
FUN_00139558,0x00139558,0x00139584,44
FUN_00139584,0x00139584,0x001395C0,60
FUN_001395c0,0x001395C0,0x001395F0,48
FUN_001395f0,0x001395F0,0x001395F8,8
FUN_001395f8,0x001395F8,0x00139600,8
FUN_00139600,0x00139600,0x0013961C,28
FUN_0013961c,0x0013961C,0x0013963C,32
FUN_0013963c,0x0013963C,0x00139644,8
FUN_00139644,0x00139644,0x0013965C,24
FUN_0013965c,0x0013965C,0x0013967C,32
FUN_0013967c,0x0013967C,0x00139698,28
FUN_00139698,0x00139698,0x001396B8,32
FUN_001396b8,0x001396B8,0x00139718,96
FUN_00139718,0x00139718,0x00139790,120
FUN_00139790,0x00139790,0x001397E4,84
FUN_001397e4,0x001397E4,0x00139820,60
FUN_00139820,0x00139820,0x001398AC,140
FUN_001398ac,0x001398AC,0x001398E4,56
FUN_001398e4,0x001398E4,0x001398EC,8
FUN_001398ec,0x001398EC,0x001399A0,180
FUN_001399a0,0x001399A0,0x001399A8,8
FUN_001399a8,0x001399A8,0x001399B0,8
FUN_001399b0,0x001399B0,0x001399B8,8
FUN_001399b8,0x001399B8,0x001399C0,8
FUN_001399c0,0x001399C0,0x001399C8,8
FUN_001399c8,0x001399C8,0x001399F4,44
FUN_001399f4,0x001399F4,0x001399FC,8
FUN_001399fc,0x001399FC,0x00139A04,8
FUN_00139a04,0x00139A04,0x00139A0C,8
FUN_00139a0c,0x00139A0C,0x00139A14,8
FUN_00139a14,0x00139A14,0x00139A60,76
FUN_00139a60,0x00139A60,0x00139A68,8
FUN_00139a68,0x00139A68,0x00139ABC,84
FUN_00139abc,0x00139ABC,0x00139B00,68
FUN_00139b00,0x00139B00,0x00139B28,40
FUN_00139b28,0x00139B28,0x00139B58,48
FUN_00139b58,0x00139B58,0x00139B88,48
FUN_00139b88,0x00139B88,0x00139BC0,56
FUN_00139bc0,0x00139BC0,0x00139BE8,40
FUN_00139be8,0x00139BE8,0x00139BF0,8
FUN_00139bf0,0x00139BF0,0x00139C10,32
FUN_00139c10,0x00139C10,0x00139C18,8
FUN_00139c18,0x00139C18,0x00139C24,12
FUN_00139c24,0x00139C24,0x00139C4C,40
FUN_00139c4c,0x00139C4C,0x00139C54,8
FUN_00139c54,0x00139C54,0x00139C5C,8
FUN_00139c5c,0x00139C5C,0x00139C64,8
FUN_00139c64,0x00139C64,0x00139C94,48
FUN_00139c94,0x00139C94,0x00139CCC,56
FUN_00139ccc,0x00139CCC,0x00139CFC,48
FUN_00139cfc,0x00139CFC,0x00139D38,60
FUN_00139d38,0x00139D38,0x00139EFC,452
FUN_00139efc,0x00139EFC,0x0013A084,392
FUN_0013a084,0x0013A084,0x0013A180,252
FUN_0013a180,0x0013A180,0x0013A26C,236
FUN_0013a26c,0x0013A26C,0x0013A340,212
FUN_0013a340,0x0013A340,0x0013A35C,28
FUN_0013a35c,0x0013A35C,0x0013A394,56
FUN_0013a394,0x0013A394,0x0013A3B0,28
FUN_0013a3b0,0x0013A3B0,0x0013A3B8,8
FUN_0013a3b8,0x0013A3B8,0x0013A3C0,8
FUN_0013a3c0,0x0013A3C0,0x0013A3E4,36
FUN_0013a3e4,0x0013A3E4,0x0013A3EC,8
FUN_0013a3ec,0x0013A3EC,0x0013A410,36
FUN_0013a410,0x0013A410,0x0013A434,36
FUN_0013a434,0x0013A434,0x0013A43C,8
FUN_0013a43c,0x0013A43C,0x0013A478,60
FUN_0013a478,0x0013A478,0x0013A4BC,68
FUN_0013a4bc,0x0013A4BC,0x0013A4C4,8
FUN_0013a4c4,0x0013A4C4,0x0013A4EC,40
FUN_0013a4ec,0x0013A4EC,0x0013A58C,160
FUN_0013a58c,0x0013A58C,0x0013A594,8
FUN_0013a594,0x0013A594,0x0013A5B4,32
FUN_0013a5b4,0x0013A5B4,0x0013A5C4,16
FUN_0013a5c4,0x0013A5C4,0x0013A5CC,8
FUN_0013a5cc,0x0013A5CC,0x0013A5E8,28
FUN_0013a5e8,0x0013A5E8,0x0013A70C,292
FUN_0013a70c,0x0013A70C,0x0013A830,292
FUN_0013a830,0x0013A830,0x0013A888,88
FUN_0013a888,0x0013A888,0x0013A890,8
FUN_0013a890,0x0013A890,0x0013A898,8
FUN_0013a898,0x0013A898,0x0013A8CC,52
FUN_0013a8cc,0x0013A8CC,0x0013A8D4,8
FUN_0013a8d4,0x0013A8D4,0x0013A8E8,20
FUN_0013a8e8,0x0013A8E8,0x0013A8F0,8
FUN_0013a8f0,0x0013A8F0,0x0013A904,20
FUN_0013a904,0x0013A904,0x0013A90C,8
FUN_0013a90c,0x0013A90C,0x0013A918,12
FUN_0013a918,0x0013A918,0x0013A920,8
FUN_0013a920,0x0013A920,0x0013A928,8
FUN_0013a928,0x0013A928,0x0013A930,8
FUN_0013a930,0x0013A930,0x0013A938,8
FUN_0013a938,0x0013A938,0x0013A940,8
FUN_0013a940,0x0013A940,0x0013A94C,12
FUN_0013a94c,0x0013A94C,0x0013A954,8
FUN_0013a954,0x0013A954,0x0013A95C,8
FUN_0013a95c,0x0013A95C,0x0013A964,8
FUN_0013a964,0x0013A964,0x0013A978,20
FUN_0013a978,0x0013A978,0x0013A980,8
FUN_0013a980,0x0013A980,0x0013A994,20
FUN_0013a994,0x0013A994,0x0013A99C,8
FUN_0013a99c,0x0013A99C,0x0013A9A4,8
FUN_0013a9a4,0x0013A9A4,0x0013AA18,116
FUN_0013aa18,0x0013AA18,0x0013AA38,32
FUN_0013aa38,0x0013AA38,0x0013AA84,76
FUN_0013aa84,0x0013AA84,0x0013AACC,72
FUN_0013aacc,0x0013AACC,0x0013AC88,444
FUN_0013ac88,0x0013AC88,0x0013AE44,444
FUN_0013ae44,0x0013AE44,0x0013AF98,340
FUN_0013af98,0x0013AF98,0x0013B0F8,352
FUN_0013b0f8,0x0013B0F8,0x0013B13C,68
FUN_0013b13c,0x0013B13C,0x0013B178,60
FUN_0013b178,0x0013B178,0x0013B1C0,72
FUN_0013b1c0,0x0013B1C0,0x0013B1D4,20
FUN_0013b1d4,0x0013B1D4,0x0013B1EC,24
FUN_0013b1ec,0x0013B1EC,0x0013B218,44
FUN_0013b218,0x0013B218,0x0013B244,44
FUN_0013b244,0x0013B244,0x0013B2A0,92
FUN_0013b2a0,0x0013B2A0,0x0013B2FC,92
FUN_0013b2fc,0x0013B2FC,0x0013B39C,160
FUN_0013b39c,0x0013B39C,0x0013B460,196
FUN_0013b460,0x0013B460,0x0013B48C,44
FUN_0013b48c,0x0013B48C,0x0013B4E4,88
FUN_0013b4e4,0x0013B4E4,0x0013B55C,120
FUN_0013b55c,0x0013B55C,0x0013B5A4,72
FUN_0013b5a4,0x0013B5A4,0x0013B5D8,52
FUN_0013b5d8,0x0013B5D8,0x0013B6CC,244
FUN_0013b6cc,0x0013B6CC,0x0013B78C,192
FUN_0013b78c,0x0013B78C,0x0013B820,148
FUN_0013b820,0x0013B820,0x0013B884,100
FUN_0013b884,0x0013B884,0x0013B8C4,64
FUN_0013b8c4,0x0013B8C4,0x0013B900,60
FUN_0013b900,0x0013B900,0x0013BA98,408
FUN_0013ba98,0x0013BA98,0x0013BAD0,56
FUN_0013bad0,0x0013BAD0,0x0013BB10,64
FUN_0013bb10,0x0013BB10,0x0013BB58,72
FUN_0013bb58,0x0013BB58,0x0013BBA0,72
FUN_0013bba0,0x0013BBA0,0x0013BBF8,88
FUN_0013bbf8,0x0013BBF8,0x0013BC1C,36
FUN_0013bc1c,0x0013BC1C,0x0013BCA8,140
FUN_0013bca8,0x0013BCA8,0x0013BCC4,28
FUN_0013bcc4,0x0013BCC4,0x0013BD04,64
entry_0013bd04,0x0013BD04,0x0013BD0C,8
FUN_0013bd0c,0x0013BD0C,0x0013BD28,28
FUN_0013bd28,0x0013BD28,0x0013BD80,88
FUN_0013bd80,0x0013BD80,0x0013BDC0,64
FUN_0013bdc0,0x0013BDC0,0x0013BF04,324
FUN_0013bf04,0x0013BF04,0x0013BF54,80
FUN_0013bf54,0x0013BF54,0x0013BF88,52
FUN_0013bf88,0x0013BF88,0x0013BFAC,36
FUN_0013bfac,0x0013BFAC,0x0013BFE0,52
FUN_0013bfe0,0x0013BFE0,0x0013C000,32
FUN_0013c000,0x0013C000,0x0013C01C,28
FUN_0013c01c,0x0013C01C,0x0013C02C,16
FUN_0013c02c,0x0013C02C,0x0013C050,36
FUN_0013c050,0x0013C050,0x0013C068,24
FUN_0013c068,0x0013C068,0x0013C090,40
FUN_0013c090,0x0013C090,0x0013C100,112
FUN_0013c100,0x0013C100,0x0013C124,36
FUN_0013c124,0x0013C124,0x0013C14C,40
FUN_0013c14c,0x0013C14C,0x0013C178,44
FUN_0013c178,0x0013C178,0x0013C69C,1316
FUN_0013c69c,0x0013C69C,0x0013C724,136
FUN_0013c724,0x0013C724,0x0013C774,80
FUN_0013c774,0x0013C774,0x0013C8C4,336
FUN_0013c8c4,0x0013C8C4,0x0013C954,144
FUN_0013c954,0x0013C954,0x0013C9E0,140
FUN_0013c9e0,0x0013C9E0,0x0013CA50,112
FUN_0013ca50,0x0013CA50,0x0013CBC4,372
FUN_0013cbc4,0x0013CBC4,0x0013CCB4,240
FUN_0013ccb4,0x0013CCB4,0x0013CF90,732
FUN_0013cf90,0x0013CF90,0x0013D224,660
FUN_0013d224,0x0013D224,0x0013D318,244
FUN_0013d318,0x0013D318,0x0013D3E8,208
FUN_0013d3e8,0x0013D3E8,0x0013D4B8,208
FUN_0013d4b8,0x0013D4B8,0x0013D4DC,36
FUN_0013d4dc,0x0013D4DC,0x0013D528,76
FUN_0013d528,0x0013D528,0x0013D568,64
FUN_0013d568,0x0013D568,0x0013D5B8,80
FUN_0013d5b8,0x0013D5B8,0x0013D5F8,64
FUN_0013d5f8,0x0013D5F8,0x0013D628,48
FUN_0013d628,0x0013D628,0x0013DB3C,1300
FUN_0013db3c,0x0013DB3C,0x0013DB60,36
FUN_0013db60,0x0013DB60,0x0013DB8C,44
FUN_0013db8c,0x0013DB8C,0x0013DBA8,28
FUN_0013dba8,0x0013DBA8,0x0013DBC4,28
FUN_0013dbc4,0x0013DBC4,0x0013DC5C,152
FUN_0013dc5c,0x0013DC5C,0x0013DCA8,76
FUN_0013dca8,0x0013DCA8,0x0013DCF4,76
FUN_0013dcf4,0x0013DCF4,0x0013DD7C,136
FUN_0013dd7c,0x0013DD7C,0x0013DDB8,60
FUN_0013ddb8,0x0013DDB8,0x0013E1DC,1060
FUN_0013e1dc,0x0013E1DC,0x0013E25C,128
FUN_0013e25c,0x0013E25C,0x0013E27C,32
FUN_0013e27c,0x0013E27C,0x0013E29C,32
FUN_0013e29c,0x0013E29C,0x0013E2EC,80
FUN_0013e2ec,0x0013E2EC,0x0013E2F4,8
FUN_0013e2f4,0x0013E2F4,0x0013E324,48
FUN_0013e324,0x0013E324,0x0013E364,64
FUN_0013e364,0x0013E364,0x0013E384,32
FUN_0013e384,0x0013E384,0x0013E394,16
FUN_0013e394,0x0013E394,0x0013E3A0,12
FUN_0013e3a0,0x0013E3A0,0x0013E3CC,44
FUN_0013e3cc,0x0013E3CC,0x0013E420,84
FUN_0013e420,0x0013E420,0x0013E43C,28
FUN_0013e43c,0x0013E43C,0x0013E490,84
FUN_0013e490,0x0013E490,0x0013E4D4,68
FUN_0013e4d4,0x0013E4D4,0x0013E54C,120
FUN_0013e54c,0x0013E54C,0x0013E5AC,96
FUN_0013e5ac,0x0013E5AC,0x0013E618,108
FUN_0013e618,0x0013E618,0x0013E6EC,212
FUN_0013e6ec,0x0013E6EC,0x0013E6F8,12
FUN_0013e6f8,0x0013E6F8,0x0013E718,32
FUN_0013e718,0x0013E718,0x0013E720,8
FUN_0013e720,0x0013E720,0x0013E774,84
FUN_0013e774,0x0013E774,0x0013ED20,1452
FUN_0013ed20,0x0013ED20,0x0013EE28,264
FUN_0013ee28,0x0013EE28,0x0013EE84,92
FUN_0013ee84,0x0013EE84,0x0013EED4,80
FUN_0013eed4,0x0013EED4,0x0013EF1C,72
FUN_0013ef1c,0x0013EF1C,0x0013EF80,100
FUN_0013ef80,0x0013EF80,0x0013EFF8,120
FUN_0013eff8,0x0013EFF8,0x0013F068,112
FUN_0013f068,0x0013F068,0x0013F110,168
FUN_0013f110,0x0013F110,0x0013F184,116
FUN_0013f184,0x0013F184,0x0013F1F4,112
FUN_0013f1f4,0x0013F1F4,0x0013F2D8,228
FUN_0013f2d8,0x0013F2D8,0x0013F3E8,272
FUN_0013f3e8,0x0013F3E8,0x0013F4B0,200
FUN_0013f4b0,0x0013F4B0,0x0013F520,112
FUN_0013f520,0x0013F520,0x0013F590,112
FUN_0013f590,0x0013F590,0x0013F600,112
FUN_0013f600,0x0013F600,0x0013F670,112
FUN_0013f670,0x0013F670,0x0013F6A4,52
FUN_0013f6a4,0x0013F6A4,0x0013F964,704
FUN_0013f964,0x0013F964,0x0013F9F4,144
FUN_0013f9f4,0x0013F9F4,0x0013FAA4,176
FUN_0013faa4,0x0013FAA4,0x0013FC10,364
FUN_0013fc10,0x0013FC10,0x0013FCF4,228
FUN_0013fcf4,0x0013FCF4,0x0013FE14,288
FUN_0013fe14,0x0013FE14,0x0013FF00,236
FUN_0013ff00,0x0013FF00,0x00140864,2404
FUN_00140864,0x00140864,0x001408A0,60
FUN_001408a0,0x001408A0,0x001409E8,328
FUN_001409e8,0x001409E8,0x001419E0,4088
FUN_001419e0,0x001419E0,0x001419E8,8
FUN_001419e8,0x001419E8,0x00141AAC,196
FUN_00141aac,0x00141AAC,0x00141D60,692
FUN_00141d60,0x00141D60,0x00141DFC,156
FUN_00141dfc,0x00141DFC,0x00141F08,268
FUN_00141f08,0x00141F08,0x001422AC,932
FUN_001422ac,0x001422AC,0x001422B4,8
FUN_001422b4,0x001422B4,0x00142378,196
FUN_00142378,0x00142378,0x001426F4,892
FUN_001426f4,0x001426F4,0x001427AC,184
FUN_001427ac,0x001427AC,0x00142824,120
FUN_00142824,0x00142824,0x00142860,60
FUN_00142860,0x00142860,0x00142874,20
FUN_00142874,0x00142874,0x001428AC,56
FUN_001428ac,0x001428AC,0x00142918,108
FUN_00142918,0x00142918,0x00142950,56
FUN_00142950,0x00142950,0x00142AD8,392
FUN_00142ad8,0x00142AD8,0x00142BE4,268
FUN_00142be4,0x00142BE4,0x00142C3C,88
FUN_00142c3c,0x00142C3C,0x00142CA0,100
FUN_00142ca0,0x00142CA0,0x00142CC8,40
FUN_00142cc8,0x00142CC8,0x00142D54,140
FUN_00142d54,0x00142D54,0x00142DF0,156
FUN_00142df0,0x00142DF0,0x00142EB0,192
FUN_00142eb0,0x00142EB0,0x00143194,740
FUN_00143194,0x00143194,0x001434D4,832
FUN_001434d4,0x001434D4,0x001434DC,8
FUN_001434dc,0x001434DC,0x001434EC,16
FUN_001434ec,0x001434EC,0x00143500,20
FUN_00143500,0x00143500,0x00143510,16
FUN_00143510,0x00143510,0x00143524,20
FUN_00143524,0x00143524,0x00143574,80
FUN_00143574,0x00143574,0x00143598,36
FUN_00143598,0x00143598,0x00143610,120
FUN_00143610,0x00143610,0x00143698,136
FUN_00143698,0x00143698,0x00143834,412
FUN_00143834,0x00143834,0x00143ECC,1688
FUN_00143ecc,0x00143ECC,0x00143EEC,32
FUN_00143eec,0x00143EEC,0x00143F2C,64
FUN_00143f2c,0x00143F2C,0x00143FE4,184
FUN_00143fe4,0x00143FE4,0x001440D8,244
FUN_001440d8,0x001440D8,0x0014416C,148
FUN_0014416c,0x0014416C,0x001441E4,120
FUN_001441e4,0x001441E4,0x00144280,156
FUN_00144280,0x00144280,0x001442A4,36
FUN_001442a4,0x001442A4,0x001442D8,52
FUN_001442d8,0x001442D8,0x00144310,56
FUN_00144310,0x00144310,0x00144430,288
FUN_00144430,0x00144430,0x00144468,56
FUN_00144468,0x00144468,0x001444C8,96
FUN_001444c8,0x001444C8,0x00144528,96
FUN_00144528,0x00144528,0x001445B4,140
FUN_001445b4,0x001445B4,0x001445BC,8
FUN_001445bc,0x001445BC,0x001445F8,60
FUN_001445f8,0x001445F8,0x00144684,140
FUN_00144684,0x00144684,0x001446A4,32
FUN_001446a4,0x001446A4,0x001446E0,60
FUN_001446e0,0x001446E0,0x0014470C,44
FUN_0014470c,0x0014470C,0x00144758,76
FUN_00144758,0x00144758,0x00144794,60
FUN_00144794,0x00144794,0x001447D4,64
FUN_001447d4,0x001447D4,0x00144818,68
FUN_00144818,0x00144818,0x0014486C,84
FUN_0014486c,0x0014486C,0x00144884,24
FUN_00144884,0x00144884,0x00144900,124
FUN_00144900,0x00144900,0x00144A88,392
FUN_00144a88,0x00144A88,0x00144AB4,44
FUN_00144ab4,0x00144AB4,0x00144AE0,44
FUN_00144ae0,0x00144AE0,0x00144AE8,8
FUN_00144ae8,0x00144AE8,0x00144B40,88
FUN_00144b40,0x00144B40,0x00144CA4,356
FUN_00144ca4,0x00144CA4,0x00144D68,196
FUN_00144d68,0x00144D68,0x00144D90,40
FUN_00144d90,0x00144D90,0x00144D9C,12
FUN_00144d9c,0x00144D9C,0x00144DA4,8
FUN_00144da4,0x00144DA4,0x00144DB0,12
FUN_00144db0,0x00144DB0,0x00144DB8,8
FUN_00144db8,0x00144DB8,0x00144E54,156
FUN_00144e54,0x00144E54,0x00144EBC,104
FUN_00144ebc,0x00144EBC,0x00145220,868
FUN_00145220,0x00145220,0x00145290,112
FUN_00145290,0x00145290,0x00145344,180
FUN_00145344,0x00145344,0x00145374,48
FUN_00145374,0x00145374,0x0014541C,168
FUN_0014541c,0x0014541C,0x001454C4,168
FUN_001454c4,0x001454C4,0x0014556C,168
FUN_0014556c,0x0014556C,0x001455A0,52
FUN_001455a0,0x001455A0,0x00145648,168
FUN_00145648,0x00145648,0x001456F0,168
FUN_001456f0,0x001456F0,0x00145724,52
FUN_00145724,0x00145724,0x001457EC,200
FUN_001457ec,0x001457EC,0x00145894,168
FUN_00145894,0x00145894,0x001458C8,52
FUN_001458c8,0x001458C8,0x00145950,136
FUN_00145950,0x00145950,0x00145978,40
FUN_00145978,0x00145978,0x00145A34,188
FUN_00145a34,0x00145A34,0x00145A84,80
FUN_00145a84,0x00145A84,0x00145B88,260
FUN_00145b88,0x00145B88,0x00145B98,16
FUN_00145b98,0x00145B98,0x00145BA0,8
FUN_00145ba0,0x00145BA0,0x00145BAC,12
FUN_00145bac,0x00145BAC,0x00145BD4,40
FUN_00145bd4,0x00145BD4,0x00145CEC,280
FUN_00145cec,0x00145CEC,0x00145E28,316
FUN_00145e28,0x00145E28,0x00145E84,92
FUN_00145e84,0x00145E84,0x00145EFC,120
FUN_00145efc,0x00145EFC,0x00145F78,124
FUN_00145f78,0x00145F78,0x00146000,136
FUN_00146000,0x00146000,0x00146064,100
FUN_00146064,0x00146064,0x00146080,28
FUN_00146080,0x00146080,0x001460B0,48
FUN_001460b0,0x001460B0,0x001460D4,36
FUN_001460d4,0x001460D4,0x0014612C,88
FUN_0014612c,0x0014612C,0x00146154,40
FUN_00146154,0x00146154,0x001461BC,104
FUN_001461bc,0x001461BC,0x001462A4,232
FUN_001462a4,0x001462A4,0x001462C4,32
FUN_001462c4,0x001462C4,0x00146560,668
FUN_00146560,0x00146560,0x001465A4,68
FUN_001465a4,0x001465A4,0x001465C0,28
FUN_001465c0,0x001465C0,0x00146A0C,1100
FUN_00146a0c,0x00146A0C,0x00146A30,36
FUN_00146a30,0x00146A30,0x00146A9C,108
FUN_00146a9c,0x00146A9C,0x00146B08,108
FUN_00146b08,0x00146B08,0x00146BA0,152
FUN_00146ba0,0x00146BA0,0x00146C0C,108
FUN_00146c0c,0x00146C0C,0x00146D98,396
FUN_00146d98,0x00146D98,0x00146F20,392
FUN_00146f20,0x00146F20,0x00146FB0,144
FUN_00146fb0,0x00146FB0,0x0014702C,124
FUN_0014702c,0x0014702C,0x00147130,260
FUN_00147130,0x00147130,0x0014714C,28
FUN_0014714c,0x0014714C,0x00147168,28
FUN_00147168,0x00147168,0x00147184,28
FUN_00147184,0x00147184,0x0014719C,24
FUN_0014719c,0x0014719C,0x00147220,132
FUN_00147220,0x00147220,0x00147228,8
FUN_00147228,0x00147228,0x00147248,32
FUN_00147248,0x00147248,0x00147250,8
FUN_00147250,0x00147250,0x00147284,52
FUN_00147284,0x00147284,0x001472B8,52
FUN_001472b8,0x001472B8,0x001472D8,32
FUN_001472d8,0x001472D8,0x001472F8,32
FUN_001472f8,0x001472F8,0x00147318,32
FUN_00147318,0x00147318,0x00147340,40
FUN_00147340,0x00147340,0x00147374,52
FUN_00147374,0x00147374,0x001473A8,52
FUN_001473a8,0x001473A8,0x001473DC,52
FUN_001473dc,0x001473DC,0x001473FC,32
FUN_001473fc,0x001473FC,0x0014741C,32
FUN_0014741c,0x0014741C,0x0014743C,32
FUN_0014743c,0x0014743C,0x0014745C,32
FUN_0014745c,0x0014745C,0x00147488,44
FUN_00147488,0x00147488,0x001474B4,44
FUN_001474b4,0x001474B4,0x001474E0,44
FUN_001474e0,0x001474E0,0x00147500,32
FUN_00147500,0x00147500,0x00147520,32
FUN_00147520,0x00147520,0x00147540,32
FUN_00147540,0x00147540,0x00147568,40
FUN_00147568,0x00147568,0x00147570,8
FUN_00147570,0x00147570,0x001475B0,64
FUN_001475b0,0x001475B0,0x001475D0,32
FUN_001475d0,0x001475D0,0x00147660,144
FUN_00147660,0x00147660,0x001476B4,84
FUN_001476b4,0x001476B4,0x001476BC,8
FUN_001476bc,0x001476BC,0x00147728,108
FUN_00147728,0x00147728,0x001477DC,180
FUN_001477dc,0x001477DC,0x00147868,140
FUN_00147868,0x00147868,0x00147A44,476
FUN_00147a44,0x00147A44,0x00147C6C,552
FUN_00147c6c,0x00147C6C,0x00147EAC,576
FUN_00147eac,0x00147EAC,0x001480C0,532
FUN_001480c0,0x001480C0,0x001481BC,252
FUN_001481bc,0x001481BC,0x0014852C,880
FUN_0014852c,0x0014852C,0x001487AC,640
FUN_001487ac,0x001487AC,0x001488D0,292
FUN_001488d0,0x001488D0,0x0014896C,156
FUN_0014896c,0x0014896C,0x001489D8,108
FUN_001489d8,0x001489D8,0x00148A90,184
FUN_00148a90,0x00148A90,0x00148BA0,272
FUN_00148ba0,0x00148BA0,0x00148C44,164
FUN_00148c44,0x00148C44,0x00148D78,308
FUN_00148d78,0x00148D78,0x00148EB4,316
FUN_00148eb4,0x00148EB4,0x00148FD0,284
FUN_00148fd0,0x00148FD0,0x0014914C,380
FUN_0014914c,0x0014914C,0x001491D8,140
FUN_001491d8,0x001491D8,0x001492C4,236
FUN_001492c4,0x001492C4,0x00149438,372
FUN_00149438,0x00149438,0x00149694,604
FUN_00149694,0x00149694,0x0014969C,8
FUN_0014969c,0x0014969C,0x00149834,408
FUN_00149834,0x00149834,0x001498BC,136
FUN_001498bc,0x001498BC,0x0014990C,80
FUN_0014990c,0x0014990C,0x00149978,108
FUN_00149978,0x00149978,0x001499A8,48
FUN_001499a8,0x001499A8,0x00149A40,152
FUN_00149a40,0x00149A40,0x00149AAC,108
FUN_00149aac,0x00149AAC,0x00149B10,100
FUN_00149b10,0x00149B10,0x00149B74,100
FUN_00149b74,0x00149B74,0x00149BD8,100
FUN_00149bd8,0x00149BD8,0x00149CB8,224
FUN_00149cb8,0x00149CB8,0x00149D0C,84
FUN_00149d0c,0x00149D0C,0x00149D58,76
FUN_00149d58,0x00149D58,0x00149DA4,76
FUN_00149da4,0x00149DA4,0x00149DD4,48
FUN_00149dd4,0x00149DD4,0x00149DF8,36
FUN_00149df8,0x00149DF8,0x00149E1C,36
FUN_00149e1c,0x00149E1C,0x00149E44,40
FUN_00149e44,0x00149E44,0x00149E98,84
FUN_00149e98,0x00149E98,0x00149EE4,76
FUN_00149ee4,0x00149EE4,0x0014AD6C,3720
FUN_0014ad6c,0x0014AD6C,0x0014ADA8,60
FUN_0014ada8,0x0014ADA8,0x0014AF28,384
FUN_0014af28,0x0014AF28,0x0014B01C,244
FUN_0014b01c,0x0014B01C,0x0014B058,60
FUN_0014b058,0x0014B058,0x0014B0A8,80
FUN_0014b0a8,0x0014B0A8,0x0014B0DC,52
FUN_0014b0dc,0x0014B0DC,0x0014B108,44
FUN_0014b108,0x0014B108,0x0014B110,8
FUN_0014b110,0x0014B110,0x0014B1E8,216
FUN_0014b1e8,0x0014B1E8,0x0014B224,60
FUN_0014b224,0x0014B224,0x0014B258,52
FUN_0014b258,0x0014B258,0x0014B278,32
FUN_0014b278,0x0014B278,0x0014B2BC,68
FUN_0014b2bc,0x0014B2BC,0x0014B324,104
FUN_0014b324,0x0014B324,0x0014B344,32
FUN_0014b344,0x0014B344,0x0014B358,20
FUN_0014b358,0x0014B358,0x0014B360,8
FUN_0014b360,0x0014B360,0x0014B39C,60
FUN_0014b39c,0x0014B39C,0x0014B3D0,52
FUN_0014b3d0,0x0014B3D0,0x0014B3F0,32
FUN_0014b3f0,0x0014B3F0,0x0014B45C,108
FUN_0014b45c,0x0014B45C,0x0014B478,28
FUN_0014b478,0x0014B478,0x0014B490,24
FUN_0014b490,0x0014B490,0x0014B580,240
FUN_0014b580,0x0014B580,0x0014B61C,156
FUN_0014b61c,0x0014B61C,0x0014B890,628
FUN_0014b890,0x0014B890,0x0014B8AC,28
FUN_0014b8ac,0x0014B8AC,0x0014B8DC,48
FUN_0014b8dc,0x0014B8DC,0x0014B93C,96
FUN_0014b93c,0x0014B93C,0x0014BA10,212
FUN_0014ba10,0x0014BA10,0x0014BAE8,216
FUN_0014bae8,0x0014BAE8,0x0014BB18,48
FUN_0014bb18,0x0014BB18,0x0014BCB4,412
FUN_0014bcb4,0x0014BCB4,0x0014BD28,116
FUN_0014bd28,0x0014BD28,0x0014BD9C,116
FUN_0014bd9c,0x0014BD9C,0x0014C148,940
FUN_0014c148,0x0014C148,0x0014C1F0,168
FUN_0014c1f0,0x0014C1F0,0x0014C268,120
FUN_0014c268,0x0014C268,0x0014C2DC,116
FUN_0014c2dc,0x0014C2DC,0x0014C350,116
FUN_0014c350,0x0014C350,0x0014C400,176
FUN_0014c400,0x0014C400,0x0014C588,392
FUN_0014c588,0x0014C588,0x0014C64C,196
FUN_0014c64c,0x0014C64C,0x0014C724,216
FUN_0014c724,0x0014C724,0x0014C75C,56
FUN_0014c75c,0x0014C75C,0x0014C86C,272
FUN_0014c86c,0x0014C86C,0x0014C9C4,344
FUN_0014c9c4,0x0014C9C4,0x0014CA00,60
FUN_0014ca00,0x0014CA00,0x0014CA6C,108
FUN_0014ca6c,0x0014CA6C,0x0014CAC8,92
FUN_0014cac8,0x0014CAC8,0x0014CAF0,40
FUN_0014caf0,0x0014CAF0,0x0014CB70,128
FUN_0014cb70,0x0014CB70,0x0014CBE4,116
FUN_0014cbe4,0x0014CBE4,0x0014CC80,156
FUN_0014cc80,0x0014CC80,0x0014CCFC,124
FUN_0014ccfc,0x0014CCFC,0x0014CE28,300
FUN_0014ce28,0x0014CE28,0x0014CE9C,116
FUN_0014ce9c,0x0014CE9C,0x0014CEDC,64
FUN_0014cedc,0x0014CEDC,0x0014CEE4,8
FUN_0014cee4,0x0014CEE4,0x0014CEEC,8
FUN_0014ceec,0x0014CEEC,0x0014CF28,60
FUN_0014cf28,0x0014CF28,0x0014CF44,28
FUN_0014cf44,0x0014CF44,0x0014CF64,32
FUN_0014cf64,0x0014CF64,0x0014CF88,36
FUN_0014cf88,0x0014CF88,0x0014D068,224
FUN_0014d068,0x0014D068,0x0014D08C,36
FUN_0014d08c,0x0014D08C,0x0014D140,180
FUN_0014d140,0x0014D140,0x0014D174,52
FUN_0014d174,0x0014D174,0x0014D190,28
FUN_0014d190,0x0014D190,0x0014D1F0,96
FUN_0014d1f0,0x0014D1F0,0x0014D214,36
FUN_0014d214,0x0014D214,0x0014D240,44
FUN_0014d240,0x0014D240,0x0014D2CC,140
FUN_0014d2cc,0x0014D2CC,0x0014D2E8,28
FUN_0014d2e8,0x0014D2E8,0x0014D310,40
FUN_0014d310,0x0014D310,0x0014D334,36
FUN_0014d334,0x0014D334,0x0014D354,32
FUN_0014d354,0x0014D354,0x0014D388,52
FUN_0014d388,0x0014D388,0x0014D3C0,56
FUN_0014d3c0,0x0014D3C0,0x0014D3FC,60
FUN_0014d3fc,0x0014D3FC,0x0014D470,116
FUN_0014d470,0x0014D470,0x0014D55C,236
FUN_0014d55c,0x0014D55C,0x0014D5CC,112
FUN_0014d5cc,0x0014D5CC,0x0014D654,136
FUN_0014d654,0x0014D654,0x0014D744,240
FUN_0014d744,0x0014D744,0x0014D7C4,128
FUN_0014d7c4,0x0014D7C4,0x0014D950,396
FUN_0014d950,0x0014D950,0x0014D97C,44
FUN_0014d97c,0x0014D97C,0x0014D9A8,44
FUN_0014d9a8,0x0014D9A8,0x0014D9D4,44
FUN_0014d9d4,0x0014D9D4,0x0014D9F8,36
FUN_0014d9f8,0x0014D9F8,0x0014DAF0,248
FUN_0014daf0,0x0014DAF0,0x0014DB20,48
FUN_0014db20,0x0014DB20,0x0014DB44,36
FUN_0014db44,0x0014DB44,0x0014DB78,52
FUN_0014db78,0x0014DB78,0x0014DB94,28
FUN_0014db94,0x0014DB94,0x0014DD48,436
FUN_0014dd48,0x0014DD48,0x0014DF10,456
FUN_0014df10,0x0014DF10,0x0014E0D8,456
FUN_0014e0d8,0x0014E0D8,0x0014E10C,52
FUN_0014e10c,0x0014E10C,0x0014E154,72
FUN_0014e154,0x0014E154,0x0014E178,36
FUN_0014e178,0x0014E178,0x0014E19C,36
FUN_0014e19c,0x0014E19C,0x0014E1CC,48
FUN_0014e1cc,0x0014E1CC,0x0014E200,52
FUN_0014e200,0x0014E200,0x0014E260,96
FUN_0014e260,0x0014E260,0x0014E2A4,68
FUN_0014e2a4,0x0014E2A4,0x0014E2E8,68
FUN_0014e2e8,0x0014E2E8,0x0014E340,88
FUN_0014e340,0x0014E340,0x0014E374,52
FUN_0014e374,0x0014E374,0x0014E398,36
FUN_0014e398,0x0014E398,0x0014E3BC,36
FUN_0014e3bc,0x0014E3BC,0x0014E4B4,248
FUN_0014e4b4,0x0014E4B4,0x0014E4D8,36
FUN_0014e4d8,0x0014E4D8,0x0014E538,96
FUN_0014e538,0x0014E538,0x0014E568,48
FUN_0014e568,0x0014E568,0x0014E710,424
FUN_0014e710,0x0014E710,0x0014E770,96
FUN_0014e770,0x0014E770,0x0014E78C,28
FUN_0014e78c,0x0014E78C,0x0014E794,8
FUN_0014e794,0x0014E794,0x0014E79C,8
FUN_0014e79c,0x0014E79C,0x0014E7A4,8
FUN_0014e7a4,0x0014E7A4,0x0014E7AC,8
FUN_0014e7ac,0x0014E7AC,0x0014E948,412
FUN_0014e948,0x0014E948,0x0014E950,8
FUN_0014e950,0x0014E950,0x0014E958,8
FUN_0014e958,0x0014E958,0x0014E9EC,148
FUN_0014e9ec,0x0014E9EC,0x0014EA28,60
FUN_0014ea28,0x0014EA28,0x0014EA70,72
FUN_0014ea70,0x0014EA70,0x0014EB5C,236
FUN_0014eb5c,0x0014EB5C,0x0014EBB0,84
FUN_0014ebb0,0x0014EBB0,0x0014ED1C,364
FUN_0014ed1c,0x0014ED1C,0x0014EE38,284
FUN_0014ee38,0x0014EE38,0x0014F02C,500
FUN_0014f02c,0x0014F02C,0x0014F134,264
FUN_0014f134,0x0014F134,0x0014F1E0,172
FUN_0014f1e0,0x0014F1E0,0x0014F2DC,252
FUN_0014f2dc,0x0014F2DC,0x0014F3FC,288
FUN_0014f3fc,0x0014F3FC,0x0014F468,108
FUN_0014f468,0x0014F468,0x0014F504,156
FUN_0014f504,0x0014F504,0x0014F600,252
FUN_0014f600,0x0014F600,0x0014F660,96
FUN_0014f660,0x0014F660,0x0014F6C0,96
FUN_0014f6c0,0x0014F6C0,0x0014F720,96
FUN_0014f720,0x0014F720,0x0014F750,48
FUN_0014f750,0x0014F750,0x0014F774,36
FUN_0014f774,0x0014F774,0x0014F798,36
FUN_0014f798,0x0014F798,0x0014F834,156
FUN_0014f834,0x0014F834,0x0014F83C,8
FUN_0014f83c,0x0014F83C,0x0014F844,8
FUN_0014f844,0x0014F844,0x0014F84C,8
FUN_0014f84c,0x0014F84C,0x0014F930,228
FUN_0014f930,0x0014F930,0x0014F97C,76
FUN_0014f97c,0x0014F97C,0x0014FA84,264
FUN_0014fa84,0x0014FA84,0x0014FAA8,36
FUN_0014faa8,0x0014FAA8,0x0014FAB0,8
FUN_0014fab0,0x0014FAB0,0x0014FBEC,316
FUN_0014fbec,0x0014FBEC,0x0014FC34,72
FUN_0014fc34,0x0014FC34,0x0014FCFC,200
FUN_0014fcfc,0x0014FCFC,0x0014FDD4,216
FUN_0014fdd4,0x0014FDD4,0x0014FE5C,136
FUN_0014fe5c,0x0014FE5C,0x0014FE8C,48
FUN_0014fe8c,0x0014FE8C,0x0014FF30,164
FUN_0014ff30,0x0014FF30,0x0014FF68,56
FUN_0014ff68,0x0014FF68,0x0014FFCC,100
FUN_0014ffcc,0x0014FFCC,0x0014FFD4,8
FUN_0014ffd4,0x0014FFD4,0x0014FFDC,8
FUN_0014ffdc,0x0014FFDC,0x001500B4,216
FUN_001500b4,0x001500B4,0x001500D0,28
FUN_001500d0,0x001500D0,0x001500DC,12
FUN_001500dc,0x001500DC,0x0015011C,64
FUN_0015011c,0x0015011C,0x001501F0,212
FUN_001501f0,0x001501F0,0x00150218,40
FUN_00150218,0x00150218,0x00150238,32
FUN_00150238,0x00150238,0x00150244,12
entry_00150244,0x00150244,0x00150254,16
FUN_00150254,0x00150254,0x00150290,60
FUN_00150290,0x00150290,0x001502C4,52
FUN_001502c4,0x001502C4,0x001502E4,32
FUN_001502e4,0x001502E4,0x00150324,64
FUN_00150324,0x00150324,0x00150350,44
FUN_00150350,0x00150350,0x00150358,8
FUN_00150358,0x00150358,0x00150364,12
FUN_00150364,0x00150364,0x001503BC,88
FUN_001503bc,0x001503BC,0x001503C4,8
FUN_001503c4,0x001503C4,0x001503CC,8
FUN_001503cc,0x001503CC,0x00150408,60
FUN_00150408,0x00150408,0x0015043C,52
FUN_0015043c,0x0015043C,0x0015045C,32
FUN_0015045c,0x0015045C,0x001504A8,76
FUN_001504a8,0x001504A8,0x001507E4,828
FUN_001507e4,0x001507E4,0x00150864,128
FUN_00150864,0x00150864,0x00150894,48
FUN_00150894,0x00150894,0x001508A0,12
FUN_001508a0,0x001508A0,0x001508A8,8
entry_001508a8,0x001508A8,0x001508B8,16
FUN_001508b8,0x001508B8,0x001508C4,12
FUN_001508c4,0x001508C4,0x001508D4,16
FUN_001508d4,0x001508D4,0x00150910,60
FUN_00150910,0x00150910,0x00150944,52
FUN_00150944,0x00150944,0x00150964,32
FUN_00150964,0x00150964,0x001509A8,68
FUN_001509a8,0x001509A8,0x001509B4,12
FUN_001509b4,0x001509B4,0x001509BC,8
FUN_001509bc,0x001509BC,0x00150AB0,244
FUN_00150ab0,0x00150AB0,0x00150ADC,44
FUN_00150adc,0x00150ADC,0x00150B18,60
FUN_00150b18,0x00150B18,0x00150B88,112
entry_00150b88,0x00150B88,0x00150B98,16
FUN_00150b98,0x00150B98,0x00150BD4,60
FUN_00150bd4,0x00150BD4,0x00150C08,52
FUN_00150c08,0x00150C08,0x00150C28,32
FUN_00150c28,0x00150C28,0x00150C88,96
FUN_00150c88,0x00150C88,0x00151108,1152
FUN_00151108,0x00151108,0x0015115C,84
FUN_0015115c,0x0015115C,0x00151550,1012
FUN_00151550,0x00151550,0x001515A0,80
FUN_001515a0,0x001515A0,0x0015164C,172
FUN_0015164c,0x0015164C,0x00151ADC,1168
FUN_00151adc,0x00151ADC,0x00151EF0,1044
FUN_00151ef0,0x00151EF0,0x001521C8,728
FUN_001521c8,0x001521C8,0x00152908,1856
FUN_00152908,0x00152908,0x00152CA0,920
FUN_00152ca0,0x00152CA0,0x00152D24,132
FUN_00152d24,0x00152D24,0x00152E88,356
FUN_00152e88,0x00152E88,0x00152F44,188
FUN_00152f44,0x00152F44,0x00152FA8,100
FUN_00152fa8,0x00152FA8,0x00152FEC,68
FUN_00152fec,0x00152FEC,0x00153014,40
FUN_00153014,0x00153014,0x001530AC,152
FUN_001530ac,0x001530AC,0x00153130,132
FUN_00153130,0x00153130,0x001531F8,200
FUN_001531f8,0x001531F8,0x001532AC,180
FUN_001532ac,0x001532AC,0x00153638,908
FUN_00153638,0x00153638,0x00153688,80
FUN_00153688,0x00153688,0x00153818,400
FUN_00153818,0x00153818,0x00153AB0,664
FUN_00153ab0,0x00153AB0,0x00153BB0,256
FUN_00153bb0,0x00153BB0,0x00153D50,416
FUN_00153d50,0x00153D50,0x00154678,2344
FUN_00154678,0x00154678,0x001548F8,640
FUN_001548f8,0x001548F8,0x00154960,104
FUN_00154960,0x00154960,0x00154CA0,832
FUN_00154ca0,0x00154CA0,0x00154F84,740
FUN_00154f84,0x00154F84,0x001552CC,840
FUN_001552cc,0x001552CC,0x00155950,1668
FUN_00155950,0x00155950,0x00155980,48
FUN_00155980,0x00155980,0x00156098,1816
FUN_00156098,0x00156098,0x00156290,504
FUN_00156290,0x00156290,0x001563E0,336
FUN_001563e0,0x001563E0,0x00156444,100
FUN_00156444,0x00156444,0x001565C8,388
FUN_001565c8,0x001565C8,0x00156640,120
FUN_00156640,0x00156640,0x00156A64,1060
FUN_00156a64,0x00156A64,0x00156BE8,388
FUN_00156be8,0x00156BE8,0x001572F4,1804
FUN_001572f4,0x001572F4,0x00157550,604
FUN_00157550,0x00157550,0x00157594,68
FUN_00157594,0x00157594,0x001575FC,104
FUN_001575fc,0x001575FC,0x00157878,636
FUN_00157878,0x00157878,0x00157CD4,1116
FUN_00157cd4,0x00157CD4,0x00157ED0,508
FUN_00157ed0,0x00157ED0,0x0015819C,716
FUN_0015819c,0x0015819C,0x00158348,428
FUN_00158348,0x00158348,0x0015842C,228
FUN_0015842c,0x0015842C,0x0015850C,224
FUN_0015850c,0x0015850C,0x0015856C,96
FUN_0015856c,0x0015856C,0x001589FC,1168
FUN_001589fc,0x001589FC,0x00158A94,152
FUN_00158a94,0x00158A94,0x00158C54,448
FUN_00158c54,0x00158C54,0x00158F7C,808
FUN_00158f7c,0x00158F7C,0x00159060,228
FUN_00159060,0x00159060,0x001590BC,92
FUN_001590bc,0x001590BC,0x00159588,1228
FUN_00159588,0x00159588,0x001598B0,808
FUN_001598b0,0x001598B0,0x00159D0C,1116
FUN_00159d0c,0x00159D0C,0x0015A078,876
FUN_0015a078,0x0015A078,0x0015A0C8,80
FUN_0015a0c8,0x0015A0C8,0x0015A678,1456
FUN_0015a678,0x0015A678,0x0015A810,408
FUN_0015a810,0x0015A810,0x0015A894,132
FUN_0015a894,0x0015A894,0x0015A8EC,88
FUN_0015a8ec,0x0015A8EC,0x0015A928,60
FUN_0015a928,0x0015A928,0x0015A958,48
FUN_0015a958,0x0015A958,0x0015A9CC,116
FUN_0015a9cc,0x0015A9CC,0x0015ABDC,528
FUN_0015abdc,0x0015ABDC,0x0015AC64,136
FUN_0015ac64,0x0015AC64,0x0015ADD4,368
FUN_0015add4,0x0015ADD4,0x0015B2B8,1252
FUN_0015b2b8,0x0015B2B8,0x0015B598,736
FUN_0015b598,0x0015B598,0x0015B778,480
FUN_0015b778,0x0015B778,0x0015B928,432
FUN_0015b928,0x0015B928,0x0015BBF4,716
FUN_0015bbf4,0x0015BBF4,0x0015C1E0,1516
FUN_0015c1e0,0x0015C1E0,0x0015C860,1664
FUN_0015c860,0x0015C860,0x0015C8C0,96
FUN_0015c8c0,0x0015C8C0,0x0015CD3C,1148
FUN_0015cd3c,0x0015CD3C,0x0015CE30,244
FUN_0015ce30,0x0015CE30,0x0015CEC4,148
FUN_0015cec4,0x0015CEC4,0x0015D0C8,516
FUN_0015d0c8,0x0015D0C8,0x0015D318,592
FUN_0015d318,0x0015D318,0x0015D37C,100
FUN_0015d37c,0x0015D37C,0x0015D440,196
FUN_0015d440,0x0015D440,0x0015D4BC,124
FUN_0015d4bc,0x0015D4BC,0x0015D530,116
FUN_0015d530,0x0015D530,0x0015D794,612
FUN_0015d794,0x0015D794,0x0015D7E8,84
FUN_0015d7e8,0x0015D7E8,0x0015DCB0,1224
FUN_0015dcb0,0x0015DCB0,0x0015DCC4,20
FUN_0015dcc4,0x0015DCC4,0x0015E014,848
FUN_0015e014,0x0015E014,0x0015E070,92
FUN_0015e070,0x0015E070,0x0015E100,144
FUN_0015e100,0x0015E100,0x0015E1DC,220
FUN_0015e1dc,0x0015E1DC,0x0015E658,1148
FUN_0015e658,0x0015E658,0x0015E694,60
FUN_0015e694,0x0015E694,0x0015E8E0,588
FUN_0015e8e0,0x0015E8E0,0x0015E964,132
FUN_0015e964,0x0015E964,0x0015EA90,300
FUN_0015ea90,0x0015EA90,0x0015ED10,640
FUN_0015ed10,0x0015ED10,0x0015EF6C,604
FUN_0015ef6c,0x0015EF6C,0x0015F2CC,864
FUN_0015f2cc,0x0015F2CC,0x0015F430,356
FUN_0015f430,0x0015F430,0x0015F64C,540
FUN_0015f64c,0x0015F64C,0x0015F964,792
FUN_0015f964,0x0015F964,0x0015FB74,528
FUN_0015fb74,0x0015FB74,0x0015FBBC,72
FUN_0015fbbc,0x0015FBBC,0x0015FCF0,308
FUN_0015fcf0,0x0015FCF0,0x0015FD30,64
FUN_0015fd30,0x0015FD30,0x001601C8,1176
FUN_001601c8,0x001601C8,0x00160554,908
FUN_00160554,0x00160554,0x001605CC,120
FUN_001605cc,0x001605CC,0x00160724,344
FUN_00160724,0x00160724,0x001607A8,132
FUN_001607a8,0x001607A8,0x001608C0,280
FUN_001608c0,0x001608C0,0x00160B68,680
FUN_00160b68,0x00160B68,0x00161058,1264
FUN_00161058,0x00161058,0x0016108C,52
FUN_0016108c,0x0016108C,0x00161380,756
FUN_00161380,0x00161380,0x00161648,712
FUN_00161648,0x00161648,0x00161924,732
FUN_00161924,0x00161924,0x00161978,84
FUN_00161978,0x00161978,0x00161FA0,1576
FUN_00161fa0,0x00161FA0,0x001622C8,808
FUN_001622c8,0x001622C8,0x001622F4,44
FUN_001622f4,0x001622F4,0x00162318,36
FUN_00162318,0x00162318,0x0016258C,628
FUN_0016258c,0x0016258C,0x001627F4,616
FUN_001627f4,0x001627F4,0x00162A68,628
FUN_00162a68,0x00162A68,0x00162ABC,84
FUN_00162abc,0x00162ABC,0x00162B0C,80
FUN_00162b0c,0x00162B0C,0x00162EC8,956
FUN_00162ec8,0x00162EC8,0x00162F20,88
FUN_00162f20,0x00162F20,0x00163328,1032
FUN_00163328,0x00163328,0x00163980,1624
FUN_00163980,0x00163980,0x001639A8,40
FUN_001639a8,0x001639A8,0x00163B08,352
FUN_00163b08,0x00163B08,0x00163B1C,20
FUN_00163b1c,0x00163B1C,0x00163B64,72
FUN_00163b64,0x00163B64,0x00163BC0,92
FUN_00163bc0,0x00163BC0,0x00163C44,132
FUN_00163c44,0x00163C44,0x00163C74,48
FUN_00163c74,0x00163C74,0x00163C94,32
FUN_00163c94,0x00163C94,0x00164130,1180
FUN_00164130,0x00164130,0x00164548,1048
FUN_00164548,0x00164548,0x0016468C,324
FUN_0016468c,0x0016468C,0x0016481C,400
FUN_0016481c,0x0016481C,0x001648C4,168
FUN_001648c4,0x001648C4,0x001649C0,252
FUN_001649c0,0x001649C0,0x00164A18,88
FUN_00164a18,0x00164A18,0x00164D88,880
FUN_00164d88,0x00164D88,0x00164DC4,60
FUN_00164dc4,0x00164DC4,0x0016556C,1960
FUN_0016556c,0x0016556C,0x00165C68,1788
FUN_00165c68,0x00165C68,0x00165CD0,104
FUN_00165cd0,0x00165CD0,0x00166220,1360
FUN_00166220,0x00166220,0x00166274,84
FUN_00166274,0x00166274,0x0016627C,8
FUN_0016627c,0x0016627C,0x0016628C,16
FUN_0016628c,0x0016628C,0x00166294,8
FUN_00166294,0x00166294,0x001662AC,24
FUN_001662ac,0x001662AC,0x001662C8,28
FUN_001662c8,0x001662C8,0x001662EC,36
FUN_001662ec,0x001662EC,0x001663C4,216
FUN_001663c4,0x001663C4,0x00166454,144
FUN_00166454,0x00166454,0x001664B4,96
FUN_001664b4,0x001664B4,0x00166530,124
FUN_00166530,0x00166530,0x00166DD8,2216
FUN_00166dd8,0x00166DD8,0x00166E84,172
FUN_00166e84,0x00166E84,0x00166F2C,168
FUN_00166f2c,0x00166F2C,0x00167224,760
FUN_00167224,0x00167224,0x00167410,492
FUN_00167410,0x00167410,0x0016745C,76
FUN_0016745c,0x0016745C,0x001674A8,76
FUN_001674a8,0x001674A8,0x001674F8,80
FUN_001674f8,0x001674F8,0x0016764C,340
FUN_0016764c,0x0016764C,0x001677E0,404
FUN_001677e0,0x001677E0,0x00167818,56
FUN_00167818,0x00167818,0x00167A74,604
FUN_00167a74,0x00167A74,0x00167AC4,80
FUN_00167ac4,0x00167AC4,0x00167C38,372
FUN_00167c38,0x00167C38,0x00167C54,28
FUN_00167c54,0x00167C54,0x00167D5C,264
FUN_00167d5c,0x00167D5C,0x00167E54,248
FUN_00167e54,0x00167E54,0x001680A0,588
FUN_001680a0,0x001680A0,0x00168158,184
FUN_00168158,0x00168158,0x00168420,712
FUN_00168420,0x00168420,0x001684A4,132
FUN_001684a4,0x001684A4,0x00168524,128
FUN_00168524,0x00168524,0x00168988,1124
FUN_00168988,0x00168988,0x001689E4,92
FUN_001689e4,0x001689E4,0x00168AC4,224
FUN_00168ac4,0x00168AC4,0x00168CF4,560
FUN_00168cf4,0x00168CF4,0x00168DD8,228
FUN_00168dd8,0x00168DD8,0x00168E2C,84
FUN_00168e2c,0x00168E2C,0x00168F30,260
FUN_00168f30,0x00168F30,0x001690C4,404
FUN_001690c4,0x001690C4,0x00169118,84
FUN_00169118,0x00169118,0x001693EC,724
FUN_001693ec,0x001693EC,0x001694B8,204
FUN_001694b8,0x001694B8,0x00169824,876
FUN_00169824,0x00169824,0x0016982C,8
FUN_0016982c,0x0016982C,0x001699D0,420
FUN_001699d0,0x001699D0,0x00169BF0,544
FUN_00169bf0,0x00169BF0,0x00169DFC,524
FUN_00169dfc,0x00169DFC,0x00169F28,300
FUN_00169f28,0x00169F28,0x0016A0F4,460
FUN_0016a0f4,0x0016A0F4,0x0016A1E0,236
FUN_0016a1e0,0x0016A1E0,0x0016A278,152
FUN_0016a278,0x0016A278,0x0016A41C,420
FUN_0016a41c,0x0016A41C,0x0016A5E4,456
FUN_0016a5e4,0x0016A5E4,0x0016A6D4,240
FUN_0016a6d4,0x0016A6D4,0x0016A8B8,484
FUN_0016a8b8,0x0016A8B8,0x0016AB60,680
FUN_0016ab60,0x0016AB60,0x0016AE40,736
FUN_0016ae40,0x0016AE40,0x0016AF3C,252
FUN_0016af3c,0x0016AF3C,0x0016B168,556
FUN_0016b168,0x0016B168,0x0016B2E4,380
FUN_0016b2e4,0x0016B2E4,0x0016B508,548
FUN_0016b508,0x0016B508,0x0016B584,124
FUN_0016b584,0x0016B584,0x0016B5C8,68
FUN_0016b5c8,0x0016B5C8,0x0016B9E8,1056
FUN_0016b9e8,0x0016B9E8,0x0016BE08,1056
FUN_0016be08,0x0016BE08,0x0016C1E0,984
FUN_0016c1e0,0x0016C1E0,0x0016C518,824
FUN_0016c518,0x0016C518,0x0016C520,8
FUN_0016c520,0x0016C520,0x0016C528,8
FUN_0016c528,0x0016C528,0x0016C530,8
FUN_0016c530,0x0016C530,0x0016C584,84
FUN_0016c584,0x0016C584,0x0016C5BC,56
FUN_0016c5bc,0x0016C5BC,0x0016C644,136
FUN_0016c644,0x0016C644,0x0016C7B8,372
FUN_0016c7b8,0x0016C7B8,0x0016CA64,684
FUN_0016ca64,0x0016CA64,0x0016CB84,288
FUN_0016cb84,0x0016CB84,0x0016CC78,244
FUN_0016cc78,0x0016CC78,0x0016CD34,188
FUN_0016cd34,0x0016CD34,0x0016CF00,460
FUN_0016cf00,0x0016CF00,0x0016D024,292
FUN_0016d024,0x0016D024,0x0016D138,276
FUN_0016d138,0x0016D138,0x0016D2D8,416
FUN_0016d2d8,0x0016D2D8,0x0016D348,112
FUN_0016d348,0x0016D348,0x0016D438,240
FUN_0016d438,0x0016D438,0x0016D46C,52
FUN_0016d46c,0x0016D46C,0x0016D4A8,60
FUN_0016d4a8,0x0016D4A8,0x0016D4EC,68
FUN_0016d4ec,0x0016D4EC,0x0016D540,84
FUN_0016d540,0x0016D540,0x0016D618,216
FUN_0016d618,0x0016D618,0x0016DAD4,1212
FUN_0016dad4,0x0016DAD4,0x0016DC44,368
FUN_0016dc44,0x0016DC44,0x0016DD58,276
FUN_0016dd58,0x0016DD58,0x0016DDA0,72
FUN_0016dda0,0x0016DDA0,0x0016E0BC,796
FUN_0016e0bc,0x0016E0BC,0x0016E660,1444
FUN_0016e660,0x0016E660,0x0016E71C,188
FUN_0016e71c,0x0016E71C,0x0016E730,20
FUN_0016e730,0x0016E730,0x0016E794,100
FUN_0016e794,0x0016E794,0x0016E838,164
FUN_0016e838,0x0016E838,0x0016E890,88
FUN_0016e890,0x0016E890,0x0016EBB0,800
FUN_0016ebb0,0x0016EBB0,0x0016F0D8,1320
FUN_0016f0d8,0x0016F0D8,0x0016F150,120
FUN_0016f150,0x0016F150,0x0016F1BC,108
FUN_0016f1bc,0x0016F1BC,0x0016F220,100
FUN_0016f220,0x0016F220,0x0016F28C,108
FUN_0016f28c,0x0016F28C,0x0016F3A0,276
FUN_0016f3a0,0x0016F3A0,0x0016F5BC,540
FUN_0016f5bc,0x0016F5BC,0x0016F730,372
FUN_0016f730,0x0016F730,0x0016FA6C,828
FUN_0016fa6c,0x0016FA6C,0x0016FCB0,580
FUN_0016fcb0,0x0016FCB0,0x0016FE14,356
FUN_0016fe14,0x0016FE14,0x0016FEE0,204
FUN_0016fee0,0x0016FEE0,0x00170040,352
FUN_00170040,0x00170040,0x00170D9C,3420
FUN_00170d9c,0x00170D9C,0x00170DEC,80
FUN_00170dec,0x00170DEC,0x00170E14,40
FUN_00170e14,0x00170E14,0x00170EEC,216
FUN_00170eec,0x00170EEC,0x00170F3C,80
FUN_00170f3c,0x00170F3C,0x00170F80,68
FUN_00170f80,0x00170F80,0x00170FBC,60
FUN_00170fbc,0x00170FBC,0x00170FEC,48
FUN_00170fec,0x00170FEC,0x00171030,68
FUN_00171030,0x00171030,0x00171060,48
FUN_00171060,0x00171060,0x001710A4,68
FUN_001710a4,0x001710A4,0x0017161C,1400
FUN_0017161c,0x0017161C,0x00171690,116
FUN_00171690,0x00171690,0x0017178C,252
FUN_0017178c,0x0017178C,0x00171CB8,1324
FUN_00171cb8,0x00171CB8,0x00171D78,192
FUN_00171d78,0x00171D78,0x00171E30,184
FUN_00171e30,0x00171E30,0x00171F18,232
FUN_00171f18,0x00171F18,0x00172A18,2816
FUN_00172a18,0x00172A18,0x00172AD0,184
FUN_00172ad0,0x00172AD0,0x00172C78,424
FUN_00172c78,0x00172C78,0x00172D38,192
FUN_00172d38,0x00172D38,0x00172DA0,104
FUN_00172da0,0x00172DA0,0x001735B4,2068
FUN_001735b4,0x001735B4,0x001736AC,248
FUN_001736ac,0x001736AC,0x001737E0,308
FUN_001737e0,0x001737E0,0x00173844,100
FUN_00173844,0x00173844,0x001738B4,112
FUN_001738b4,0x001738B4,0x00173904,80
FUN_00173904,0x00173904,0x00173A24,288
FUN_00173a24,0x00173A24,0x00173A40,28
FUN_00173a40,0x00173A40,0x00173B68,296
FUN_00173b68,0x00173B68,0x00173E50,744
FUN_00173e50,0x00173E50,0x00173FB0,352
FUN_00173fb0,0x00173FB0,0x00174070,192
FUN_00174070,0x00174070,0x001740F8,136
FUN_001740f8,0x001740F8,0x0017412C,52
FUN_0017412c,0x0017412C,0x0017424C,288
FUN_0017424c,0x0017424C,0x001742E0,148
FUN_001742e0,0x001742E0,0x00174C6C,2444
FUN_00174c6c,0x00174C6C,0x00174D00,148
FUN_00174d00,0x00174D00,0x00175468,1896
FUN_00175468,0x00175468,0x00175968,1280
FUN_00175968,0x00175968,0x00175B58,496
FUN_00175b58,0x00175B58,0x00176054,1276
FUN_00176054,0x00176054,0x001763FC,936
FUN_001763fc,0x001763FC,0x00176770,884
FUN_00176770,0x00176770,0x00176C50,1248
FUN_00176c50,0x00176C50,0x00176E34,484
FUN_00176e34,0x00176E34,0x00176EA8,116
FUN_00176ea8,0x00176EA8,0x00176F3C,148
FUN_00176f3c,0x00176F3C,0x001770A4,360
FUN_001770a4,0x001770A4,0x00177534,1168
FUN_00177534,0x00177534,0x00177600,204
FUN_00177600,0x00177600,0x0017760C,12
FUN_0017760c,0x0017760C,0x001776F4,232
FUN_001776f4,0x001776F4,0x001794A0,7596
FUN_001794a0,0x001794A0,0x0017958C,236
FUN_0017958c,0x0017958C,0x00179594,8
FUN_00179594,0x00179594,0x0017959C,8
FUN_0017959c,0x0017959C,0x001795A4,8
FUN_001795a4,0x001795A4,0x00179758,436
FUN_00179758,0x00179758,0x00179A10,696
FUN_00179a10,0x00179A10,0x00179A40,48
FUN_00179a40,0x00179A40,0x00179DFC,956
FUN_00179dfc,0x00179DFC,0x00179E80,132
FUN_00179e80,0x00179E80,0x00179EA0,32
FUN_00179ea0,0x00179EA0,0x0017A21C,892
FUN_0017a21c,0x0017A21C,0x0017A434,536
FUN_0017a434,0x0017A434,0x0017A82C,1016
FUN_0017a82c,0x0017A82C,0x0017AE40,1556
FUN_0017ae40,0x0017AE40,0x0017B3DC,1436
FUN_0017b3dc,0x0017B3DC,0x0017B4CC,240
FUN_0017b4cc,0x0017B4CC,0x0017B8CC,1024
FUN_0017b8cc,0x0017B8CC,0x0017B904,56
FUN_0017b904,0x0017B904,0x0017B948,68
FUN_0017b948,0x0017B948,0x0017B97C,52
FUN_0017b97c,0x0017B97C,0x0017BCDC,864
FUN_0017bcdc,0x0017BCDC,0x0017BFB0,724
FUN_0017bfb0,0x0017BFB0,0x0017C0D0,288
FUN_0017c0d0,0x0017C0D0,0x0017C594,1220
FUN_0017c594,0x0017C594,0x0017C5A0,12
FUN_0017c5a0,0x0017C5A0,0x0017C5AC,12
FUN_0017c5ac,0x0017C5AC,0x0017C5F4,72
FUN_0017c5f4,0x0017C5F4,0x0017D4CC,3800
FUN_0017d4cc,0x0017D4CC,0x0017D5A8,220
FUN_0017d5a8,0x0017D5A8,0x0017D614,108
FUN_0017d614,0x0017D614,0x0017D6DC,200
FUN_0017d6dc,0x0017D6DC,0x0017DDFC,1824
FUN_0017ddfc,0x0017DDFC,0x0017DE64,104
FUN_0017de64,0x0017DE64,0x0017DF30,204
FUN_0017df30,0x0017DF30,0x0017E050,288
FUN_0017e050,0x0017E050,0x0017E34C,764
FUN_0017e34c,0x0017E34C,0x0017E354,8
FUN_0017e354,0x0017E354,0x0017E35C,8
FUN_0017e35c,0x0017E35C,0x0017E364,8
FUN_0017e364,0x0017E364,0x0017E36C,8
FUN_0017e36c,0x0017E36C,0x0017E3C0,84
FUN_0017e3c0,0x0017E3C0,0x0017E464,164
FUN_0017e464,0x0017E464,0x0017E4A0,60
FUN_0017e4a0,0x0017E4A0,0x0017E4EC,76
FUN_0017e4ec,0x0017E4EC,0x0017E520,52
FUN_0017e520,0x0017E520,0x0017E570,80
FUN_0017e570,0x0017E570,0x0017E5C4,84
FUN_0017e5c4,0x0017E5C4,0x0017E5CC,8
FUN_0017e5cc,0x0017E5CC,0x0017E5D4,8
FUN_0017e5d4,0x0017E5D4,0x0017E5DC,8
FUN_0017e5dc,0x0017E5DC,0x0017E5E4,8
FUN_0017e5e4,0x0017E5E4,0x0017E5F0,12
FUN_0017e5f0,0x0017E5F0,0x0017E6C0,208
FUN_0017e6c0,0x0017E6C0,0x0017E790,208
FUN_0017e790,0x0017E790,0x0017E818,136
FUN_0017e818,0x0017E818,0x0017E854,60
FUN_0017e854,0x0017E854,0x0017E864,16
FUN_0017e864,0x0017E864,0x0017E894,48
FUN_0017e894,0x0017E894,0x0017E8AC,24
FUN_0017e8ac,0x0017E8AC,0x0017E8B8,12
FUN_0017e8b8,0x0017E8B8,0x0017E8E0,40
FUN_0017e8e0,0x0017E8E0,0x0017E900,32
FUN_0017e900,0x0017E900,0x0017E90C,12
FUN_0017e90c,0x0017E90C,0x0017E924,24
FUN_0017e924,0x0017E924,0x0017E968,68
FUN_0017e968,0x0017E968,0x0017E9CC,100
FUN_0017e9cc,0x0017E9CC,0x0017EA40,116
FUN_0017ea40,0x0017EA40,0x0017EA64,36
FUN_0017ea64,0x0017EA64,0x0017EADC,120
FUN_0017eadc,0x0017EADC,0x0017EB28,76
FUN_0017eb28,0x0017EB28,0x0017EC14,236
FUN_0017ec14,0x0017EC14,0x0017ED4C,312
FUN_0017ed4c,0x0017ED4C,0x0017ED5C,16
FUN_0017ed5c,0x0017ED5C,0x0017ED70,20
FUN_0017ed70,0x0017ED70,0x0017EEB4,324
FUN_0017eeb4,0x0017EEB4,0x0017F0AC,504
FUN_0017f0ac,0x0017F0AC,0x0017F50C,1120
FUN_0017f50c,0x0017F50C,0x0017F590,132
FUN_0017f590,0x0017F590,0x0017F5F4,100
FUN_0017f5f4,0x0017F5F4,0x0017FB0C,1304
FUN_0017fb0c,0x0017FB0C,0x0017FBC0,180
FUN_0017fbc0,0x0017FBC0,0x0017FEFC,828
FUN_0017fefc,0x0017FEFC,0x0017FF60,100
FUN_0017ff60,0x0017FF60,0x0017FFDC,124
FUN_0017ffdc,0x0017FFDC,0x00180074,152
FUN_00180074,0x00180074,0x00180284,528
FUN_00180284,0x00180284,0x001802B0,44
FUN_001802b0,0x001802B0,0x00180658,936
FUN_00180658,0x00180658,0x00180674,28
FUN_00180674,0x00180674,0x001806B0,60
FUN_001806b0,0x001806B0,0x001806EC,60
FUN_001806ec,0x001806EC,0x0018072C,64
FUN_0018072c,0x0018072C,0x00180754,40
FUN_00180754,0x00180754,0x001808EC,408
FUN_001808ec,0x001808EC,0x00180EDC,1520
FUN_00180edc,0x00180EDC,0x00180FE4,264
FUN_00180fe4,0x00180FE4,0x00181000,28
FUN_00181000,0x00181000,0x001810D8,216
FUN_001810d8,0x001810D8,0x00181200,296
FUN_00181200,0x00181200,0x00181584,900
FUN_00181584,0x00181584,0x00181A48,1220
FUN_00181a48,0x00181A48,0x00181A94,76
FUN_00181a94,0x00181A94,0x00181F1C,1160
FUN_00181f1c,0x00181F1C,0x0018208C,368
FUN_0018208c,0x0018208C,0x001820E8,92
FUN_001820e8,0x001820E8,0x00182118,48
FUN_00182118,0x00182118,0x00182280,360
FUN_00182280,0x00182280,0x001822EC,108
FUN_001822ec,0x001822EC,0x001825F4,776
FUN_001825f4,0x001825F4,0x001826FC,264
FUN_001826fc,0x001826FC,0x001829C4,712
FUN_001829c4,0x001829C4,0x00182DCC,1032
FUN_00182dcc,0x00182DCC,0x00183024,600
FUN_00183024,0x00183024,0x001832A0,636
FUN_001832a0,0x001832A0,0x001832CC,44
FUN_001832cc,0x001832CC,0x001835BC,752
FUN_001835bc,0x001835BC,0x00183F28,2412
FUN_00183f28,0x00183F28,0x00183F30,8
FUN_00183f30,0x00183F30,0x00183F7C,76
FUN_00183f7c,0x00183F7C,0x00183FC8,76
FUN_00183fc8,0x00183FC8,0x00184170,424
FUN_00184170,0x00184170,0x00184384,532
FUN_00184384,0x00184384,0x00184590,524
FUN_00184590,0x00184590,0x00184650,192
FUN_00184650,0x00184650,0x00184824,468
FUN_00184824,0x00184824,0x001849F8,468
FUN_001849f8,0x001849F8,0x00184C5C,612
FUN_00184c5c,0x00184C5C,0x00184C6C,16
FUN_00184c6c,0x00184C6C,0x00184C80,20
FUN_00184c80,0x00184C80,0x00184EC0,576
FUN_00184ec0,0x00184EC0,0x001852CC,1036
FUN_001852cc,0x001852CC,0x001852E8,28
FUN_001852e8,0x001852E8,0x00185338,80
FUN_00185338,0x00185338,0x00185664,812
FUN_00185664,0x00185664,0x001856C4,96
FUN_001856c4,0x001856C4,0x00185714,80
FUN_00185714,0x00185714,0x00185744,48
FUN_00185744,0x00185744,0x00185774,48
FUN_00185774,0x00185774,0x00185790,28
FUN_00185790,0x00185790,0x00185B50,960
FUN_00185b50,0x00185B50,0x00185B88,56
FUN_00185b88,0x00185B88,0x00185C60,216
FUN_00185c60,0x00185C60,0x00185C68,8
FUN_00185c68,0x00185C68,0x00185C70,8
FUN_00185c70,0x00185C70,0x00185CE0,112
FUN_00185ce0,0x00185CE0,0x00185D18,56
FUN_00185d18,0x00185D18,0x00185D80,104
FUN_00185d80,0x00185D80,0x00185D88,8
FUN_00185d88,0x00185D88,0x00185D9C,20
FUN_00185d9c,0x00185D9C,0x00185F78,476
FUN_00185f78,0x00185F78,0x00186348,976
FUN_00186348,0x00186348,0x001864C0,376
FUN_001864c0,0x001864C0,0x0018653C,124
FUN_0018653c,0x0018653C,0x00186AE0,1444
FUN_00186ae0,0x00186AE0,0x00186C54,372
FUN_00186c54,0x00186C54,0x00186E00,428
FUN_00186e00,0x00186E00,0x00186E90,144
FUN_00186e90,0x00186E90,0x00187020,400
FUN_00187020,0x00187020,0x0018703C,28
FUN_0018703c,0x0018703C,0x001870B8,124
FUN_001870b8,0x001870B8,0x001872CC,532
FUN_001872cc,0x001872CC,0x00187B30,2148
FUN_00187b30,0x00187B30,0x00187B38,8
FUN_00187b38,0x00187B38,0x00187EB4,892
FUN_00187eb4,0x00187EB4,0x00187EBC,8
FUN_00187ebc,0x00187EBC,0x00187F14,88
FUN_00187f14,0x00187F14,0x001882FC,1000
FUN_001882fc,0x001882FC,0x00188CB4,2488
FUN_00188cb4,0x00188CB4,0x0018902C,888
FUN_0018902c,0x0018902C,0x001890BC,144
FUN_001890bc,0x001890BC,0x001890E8,44
FUN_001890e8,0x001890E8,0x00189178,144
FUN_00189178,0x00189178,0x00189264,236
FUN_00189264,0x00189264,0x0018936C,264
FUN_0018936c,0x0018936C,0x00189474,264
FUN_00189474,0x00189474,0x001894A8,52
FUN_001894a8,0x001894A8,0x001894E4,60
FUN_001894e4,0x001894E4,0x0018951C,56
FUN_0018951c,0x0018951C,0x001895B8,156
FUN_001895b8,0x001895B8,0x001895F4,60
FUN_001895f4,0x001895F4,0x001896F8,260
FUN_001896f8,0x001896F8,0x00189724,44
FUN_00189724,0x00189724,0x0018977C,88
FUN_0018977c,0x0018977C,0x001897EC,112
FUN_001897ec,0x001897EC,0x00189808,28
FUN_00189808,0x00189808,0x00189AA4,668
FUN_00189aa4,0x00189AA4,0x00189B1C,120
FUN_00189b1c,0x00189B1C,0x00189BFC,224
FUN_00189bfc,0x00189BFC,0x00189C64,104
FUN_00189c64,0x00189C64,0x00189C8C,40
FUN_00189c8c,0x00189C8C,0x00189D6C,224
FUN_00189d6c,0x00189D6C,0x00189DB4,72
FUN_00189db4,0x00189DB4,0x00189EDC,296
FUN_00189edc,0x00189EDC,0x00189EE8,12
FUN_00189ee8,0x00189EE8,0x00189F2C,68
FUN_00189f2c,0x00189F2C,0x0018A0BC,400
FUN_0018a0bc,0x0018A0BC,0x0018A1C4,264
FUN_0018a1c4,0x0018A1C4,0x0018A3B8,500
FUN_0018a3b8,0x0018A3B8,0x0018A4D8,288
FUN_0018a4d8,0x0018A4D8,0x0018AA48,1392
FUN_0018aa48,0x0018AA48,0x0018AACC,132
FUN_0018aacc,0x0018AACC,0x0018AB18,76
FUN_0018ab18,0x0018AB18,0x0018AC38,288
FUN_0018ac38,0x0018AC38,0x0018AD18,224
FUN_0018ad18,0x0018AD18,0x0018ADF4,220
FUN_0018adf4,0x0018ADF4,0x0018AEA4,176
FUN_0018aea4,0x0018AEA4,0x0018AED4,48
FUN_0018aed4,0x0018AED4,0x0018AF04,48
FUN_0018af04,0x0018AF04,0x0018AF0C,8
FUN_0018af0c,0x0018AF0C,0x0018B028,284
FUN_0018b028,0x0018B028,0x0018B0E8,192
FUN_0018b0e8,0x0018B0E8,0x0018B1C0,216
FUN_0018b1c0,0x0018B1C0,0x0018B2B0,240
FUN_0018b2b0,0x0018B2B0,0x0018B388,216
FUN_0018b388,0x0018B388,0x0018B460,216
FUN_0018b460,0x0018B460,0x0018B538,216
FUN_0018b538,0x0018B538,0x0018B610,216
FUN_0018b610,0x0018B610,0x0018B6E8,216
FUN_0018b6e8,0x0018B6E8,0x0018B7C0,216
FUN_0018b7c0,0x0018B7C0,0x0018B898,216
FUN_0018b898,0x0018B898,0x0018B970,216
FUN_0018b970,0x0018B970,0x0018BA48,216
FUN_0018ba48,0x0018BA48,0x0018BB20,216
FUN_0018bb20,0x0018BB20,0x0018BBF8,216
FUN_0018bbf8,0x0018BBF8,0x0018BCD0,216
FUN_0018bcd0,0x0018BCD0,0x0018BDB8,232
FUN_0018bdb8,0x0018BDB8,0x0018BE90,216
FUN_0018be90,0x0018BE90,0x0018BF8C,252
FUN_0018bf8c,0x0018BF8C,0x0018C064,216
FUN_0018c064,0x0018C064,0x0018C14C,232
FUN_0018c14c,0x0018C14C,0x0018C180,52
FUN_0018c180,0x0018C180,0x0018C1B4,52
FUN_0018c1b4,0x0018C1B4,0x0018C1EC,56
FUN_0018c1ec,0x0018C1EC,0x0018C2CC,224
FUN_0018c2cc,0x0018C2CC,0x0018C340,116
FUN_0018c340,0x0018C340,0x0018C504,452
FUN_0018c504,0x0018C504,0x0018C570,108
FUN_0018c570,0x0018C570,0x0018C57C,12
FUN_0018c57c,0x0018C57C,0x0018C588,12
FUN_0018c588,0x0018C588,0x0018C634,172
FUN_0018c634,0x0018C634,0x0018C6FC,200
FUN_0018c6fc,0x0018C6FC,0x0018C770,116
FUN_0018c770,0x0018C770,0x0018C78C,28
FUN_0018c78c,0x0018C78C,0x0018C804,120
FUN_0018c804,0x0018C804,0x0018CB70,876
FUN_0018cb70,0x0018CB70,0x0018CB7C,12
FUN_0018cb7c,0x0018CB7C,0x0018CB98,28
FUN_0018cb98,0x0018CB98,0x0018CBD4,60
FUN_0018cbd4,0x0018CBD4,0x0018CC4C,120
FUN_0018cc4c,0x0018CC4C,0x0018CCE0,148
FUN_0018cce0,0x0018CCE0,0x0018CD90,176
FUN_0018cd90,0x0018CD90,0x0018CE08,120
FUN_0018ce08,0x0018CE08,0x0018D078,624
FUN_0018d078,0x0018D078,0x0018D2E8,624
FUN_0018d2e8,0x0018D2E8,0x0018D4D0,488
FUN_0018d4d0,0x0018D4D0,0x0018D4FC,44
FUN_0018d4fc,0x0018D4FC,0x0018D6A4,424
FUN_0018d6a4,0x0018D6A4,0x0018D77C,216
FUN_0018d77c,0x0018D77C,0x0018D814,152
FUN_0018d814,0x0018D814,0x0018DC3C,1064
FUN_0018dc3c,0x0018DC3C,0x0018DEAC,624
FUN_0018deac,0x0018DEAC,0x0018DFEC,320
FUN_0018dfec,0x0018DFEC,0x0018E2F0,772
FUN_0018e2f0,0x0018E2F0,0x0018E370,128
FUN_0018e370,0x0018E370,0x0018E470,256
FUN_0018e470,0x0018E470,0x0018E4D4,100
FUN_0018e4d4,0x0018E4D4,0x0018E4F0,28
FUN_0018e4f0,0x0018E4F0,0x0018E540,80
FUN_0018e540,0x0018E540,0x0018E560,32
FUN_0018e560,0x0018E560,0x0018E7B8,600
FUN_0018e7b8,0x0018E7B8,0x0018E8C4,268
FUN_0018e8c4,0x0018E8C4,0x0018E974,176
FUN_0018e974,0x0018E974,0x0018EA38,196
FUN_0018ea38,0x0018EA38,0x0018EAA8,112
FUN_0018eaa8,0x0018EAA8,0x0018EAF8,80
FUN_0018eaf8,0x0018EAF8,0x0018EB18,32
FUN_0018eb18,0x0018EB18,0x0018EB8C,116
FUN_0018eb8c,0x0018EB8C,0x0018EBD0,68
FUN_0018ebd0,0x0018EBD0,0x0018EC34,100
FUN_0018ec34,0x0018EC34,0x0018EC60,44
FUN_0018ec60,0x0018EC60,0x0018ECEC,140
FUN_0018ecec,0x0018ECEC,0x0018ED3C,80
FUN_0018ed3c,0x0018ED3C,0x0018ED54,24
FUN_0018ed54,0x0018ED54,0x0018ED8C,56
FUN_0018ed8c,0x0018ED8C,0x0018EE78,236
FUN_0018ee78,0x0018EE78,0x0018EE90,24
FUN_0018ee90,0x0018EE90,0x0018EEC8,56
FUN_0018eec8,0x0018EEC8,0x0018F0B8,496
FUN_0018f0b8,0x0018F0B8,0x0018F244,396
FUN_0018f244,0x0018F244,0x0018F704,1216
FUN_0018f704,0x0018F704,0x0018F7A0,156
FUN_0018f7a0,0x0018F7A0,0x001900C4,2340
FUN_001900c4,0x001900C4,0x001900CC,8
FUN_001900cc,0x001900CC,0x001902C0,500
FUN_001902c0,0x001902C0,0x001904E0,544
FUN_001904e0,0x001904E0,0x001906C8,488
FUN_001906c8,0x001906C8,0x00190718,80
FUN_00190718,0x00190718,0x00190744,44
FUN_00190744,0x00190744,0x00190750,12
FUN_00190750,0x00190750,0x00190924,468
FUN_00190924,0x00190924,0x00190AB0,396
FUN_00190ab0,0x00190AB0,0x00190B84,212
FUN_00190b84,0x00190B84,0x00190D50,460
FUN_00190d50,0x00190D50,0x00191008,696
FUN_00191008,0x00191008,0x001911F0,488
FUN_001911f0,0x001911F0,0x00191448,600
FUN_00191448,0x00191448,0x001915B4,364
FUN_001915b4,0x001915B4,0x001917AC,504
FUN_001917ac,0x001917AC,0x001918C8,284
FUN_001918c8,0x001918C8,0x00191A9C,468
FUN_00191a9c,0x00191A9C,0x00191B8C,240
FUN_00191b8c,0x00191B8C,0x00191C2C,160
FUN_00191c2c,0x00191C2C,0x00191D0C,224
FUN_00191d0c,0x00191D0C,0x00191D78,108
FUN_00191d78,0x00191D78,0x00191EBC,324
FUN_00191ebc,0x00191EBC,0x001920A4,488
FUN_001920a4,0x001920A4,0x0019224C,424
FUN_0019224c,0x0019224C,0x0019233C,240
FUN_0019233c,0x0019233C,0x0019257C,576
FUN_0019257c,0x0019257C,0x001927FC,640
FUN_001927fc,0x001927FC,0x0019283C,64
FUN_0019283c,0x0019283C,0x00192A68,556
FUN_00192a68,0x00192A68,0x00192C0C,420
FUN_00192c0c,0x00192C0C,0x00192DF4,488
FUN_00192df4,0x00192DF4,0x00192F54,352
FUN_00192f54,0x00192F54,0x00193204,688
FUN_00193204,0x00193204,0x0019350C,776
FUN_0019350c,0x0019350C,0x00193720,532
FUN_00193720,0x00193720,0x00193934,532
FUN_00193934,0x00193934,0x00193B08,468
FUN_00193b08,0x00193B08,0x00193B2C,36
FUN_00193b2c,0x00193B2C,0x00193B48,28
FUN_00193b48,0x00193B48,0x00193B98,80
FUN_00193b98,0x00193B98,0x00193BB8,32
FUN_00193bb8,0x00193BB8,0x00193D54,412
FUN_00193d54,0x00193D54,0x00193D8C,56
FUN_00193d8c,0x00193D8C,0x00193DC4,56
FUN_00193dc4,0x00193DC4,0x00193DEC,40
FUN_00193dec,0x00193DEC,0x00193E14,40
FUN_00193e14,0x00193E14,0x00193E3C,40
FUN_00193e3c,0x00193E3C,0x00193E78,60
FUN_00193e78,0x00193E78,0x001943F0,1400
FUN_001943f0,0x001943F0,0x00194508,280
FUN_00194508,0x00194508,0x0019452C,36
FUN_0019452c,0x0019452C,0x00194548,28
FUN_00194548,0x00194548,0x00194598,80
FUN_00194598,0x00194598,0x001945B8,32
FUN_001945b8,0x001945B8,0x00194680,200
FUN_00194680,0x00194680,0x001946D4,84
FUN_001946d4,0x001946D4,0x0019472C,88
FUN_0019472c,0x0019472C,0x00194784,88
FUN_00194784,0x00194784,0x001947DC,88
FUN_001947dc,0x001947DC,0x001948B0,212
FUN_001948b0,0x001948B0,0x001948E0,48
FUN_001948e0,0x001948E0,0x00194920,64
FUN_00194920,0x00194920,0x00194968,72
FUN_00194968,0x00194968,0x001949B0,72
FUN_001949b0,0x001949B0,0x001949EC,60
FUN_001949ec,0x001949EC,0x00194A34,72
FUN_00194a34,0x00194A34,0x00194BCC,408
FUN_00194bcc,0x00194BCC,0x00194C90,196
FUN_00194c90,0x00194C90,0x00194C98,8
FUN_00194c98,0x00194C98,0x00194D08,112
FUN_00194d08,0x00194D08,0x00194D58,80
FUN_00194d58,0x00194D58,0x00194D78,32
FUN_00194d78,0x00194D78,0x00194F5C,484
FUN_00194f5c,0x00194F5C,0x00195004,168
FUN_00195004,0x00195004,0x00195054,80
FUN_00195054,0x00195054,0x00195074,32
FUN_00195074,0x00195074,0x00195094,32
FUN_00195094,0x00195094,0x001950B0,28
FUN_001950b0,0x001950B0,0x001950D8,40
FUN_001950d8,0x001950D8,0x0019514C,116
FUN_0019514c,0x0019514C,0x001951C8,124
FUN_001951c8,0x001951C8,0x00195204,60
FUN_00195204,0x00195204,0x00195228,36
FUN_00195228,0x00195228,0x00195354,300
FUN_00195354,0x00195354,0x00195378,36
FUN_00195378,0x00195378,0x001953A0,40
FUN_001953a0,0x001953A0,0x00195434,148
FUN_00195434,0x00195434,0x0019543C,8
FUN_0019543c,0x0019543C,0x00195540,260
FUN_00195540,0x00195540,0x00195868,808
FUN_00195868,0x00195868,0x00195920,184
FUN_00195920,0x00195920,0x00195948,40
FUN_00195948,0x00195948,0x00195BEC,676
FUN_00195bec,0x00195BEC,0x00195C4C,96
FUN_00195c4c,0x00195C4C,0x00195C54,8
FUN_00195c54,0x00195C54,0x00195DB8,356
FUN_00195db8,0x00195DB8,0x00195E7C,196
FUN_00195e7c,0x00195E7C,0x00195EC4,72
FUN_00195ec4,0x00195EC4,0x00196408,1348
FUN_00196408,0x00196408,0x00196634,556
FUN_00196634,0x00196634,0x001966B8,132
FUN_001966b8,0x001966B8,0x00196770,184
FUN_00196770,0x00196770,0x0019677C,12
FUN_0019677c,0x0019677C,0x001971F8,2684
FUN_001971f8,0x001971F8,0x00197218,32
FUN_00197218,0x00197218,0x00197224,12
FUN_00197224,0x00197224,0x00197234,16
FUN_00197234,0x00197234,0x0019723C,8
FUN_0019723c,0x0019723C,0x00197244,28
entry_00197248,0x00197248,0x0019725C,20
FUN_0019725c,0x0019725C,0x001979C4,1896
FUN_001979c4,0x001979C4,0x00197EEC,1320
FUN_00197eec,0x00197EEC,0x00197F04,24
FUN_00197f04,0x00197F04,0x00197F0C,8
FUN_00197f0c,0x00197F0C,0x00197F54,72
FUN_00197f54,0x00197F54,0x00198320,972
FUN_00198320,0x00198320,0x001983D4,180
FUN_001983d4,0x001983D4,0x001983EC,24
FUN_001983ec,0x001983EC,0x001987A4,952
FUN_001987a4,0x001987A4,0x00198854,176
FUN_00198854,0x00198854,0x0019886C,24
FUN_0019886c,0x0019886C,0x00198AF0,644
FUN_00198af0,0x00198AF0,0x00198AF8,8
FUN_00198af8,0x00198AF8,0x00198B00,8
FUN_00198b00,0x00198B00,0x00198B1C,28
FUN_00198b1c,0x00198B1C,0x00198B98,124
FUN_00198b98,0x00198B98,0x00198BFC,100
FUN_00198bfc,0x00198BFC,0x00198C34,56
FUN_00198c34,0x00198C34,0x00198D90,348
FUN_00198d90,0x00198D90,0x0019916C,988
FUN_0019916c,0x0019916C,0x00199704,1432
FUN_00199704,0x00199704,0x0019971C,24
FUN_0019971c,0x0019971C,0x0019972C,16
FUN_0019972c,0x0019972C,0x0019980C,224
FUN_0019980c,0x0019980C,0x00199818,12
FUN_00199818,0x00199818,0x001999EC,468
FUN_001999ec,0x001999EC,0x00199A98,172
FUN_00199a98,0x00199A98,0x00199D9C,772
FUN_00199d9c,0x00199D9C,0x0019A4C8,1836
FUN_0019a4c8,0x0019A4C8,0x0019A4E4,28
FUN_0019a4e4,0x0019A4E4,0x0019A52C,72
FUN_0019a52c,0x0019A52C,0x0019A53C,16
FUN_0019a53c,0x0019A53C,0x0019A570,52
FUN_0019a570,0x0019A570,0x0019A5BC,76
FUN_0019a5bc,0x0019A5BC,0x0019A5F4,56
FUN_0019a5f4,0x0019A5F4,0x0019A654,96
FUN_0019a654,0x0019A654,0x0019A694,64
FUN_0019a694,0x0019A694,0x0019A6C4,48
FUN_0019a6c4,0x0019A6C4,0x0019A700,60
FUN_0019a700,0x0019A700,0x0019A720,32
FUN_0019a720,0x0019A720,0x0019A754,52
FUN_0019a754,0x0019A754,0x0019A808,180
FUN_0019a808,0x0019A808,0x0019B2B4,2732
FUN_0019b2b4,0x0019B2B4,0x0019B32C,120
FUN_0019b32c,0x0019B32C,0x0019B378,76
FUN_0019b378,0x0019B378,0x0019B398,32
FUN_0019b398,0x0019B398,0x0019B3E4,76
FUN_0019b3e4,0x0019B3E4,0x0019B430,76
FUN_0019b430,0x0019B430,0x0019B4E8,184
FUN_0019b4e8,0x0019B4E8,0x0019B5B4,204
FUN_0019b5b4,0x0019B5B4,0x0019B5D0,28
FUN_0019b5d0,0x0019B5D0,0x0019B5E8,24
FUN_0019b5e8,0x0019B5E8,0x0019B60C,36
FUN_0019b60c,0x0019B60C,0x0019B628,28
FUN_0019b628,0x0019B628,0x0019B664,60
FUN_0019b664,0x0019B664,0x0019B69C,56
FUN_0019b69c,0x0019B69C,0x0019B6B8,28
FUN_0019b6b8,0x0019B6B8,0x0019B6C8,16
FUN_0019b6c8,0x0019B6C8,0x0019B6E4,28
FUN_0019b6e4,0x0019B6E4,0x0019B6F0,12
FUN_0019b6f0,0x0019B6F0,0x0019B754,100
FUN_0019b754,0x0019B754,0x0019B79C,72
FUN_0019b79c,0x0019B79C,0x0019B82C,144
FUN_0019b82c,0x0019B82C,0x0019B860,52
FUN_0019b860,0x0019B860,0x0019B884,36
FUN_0019b884,0x0019B884,0x0019B8A8,36
FUN_0019b8a8,0x0019B8A8,0x0019B8CC,36
FUN_0019b8cc,0x0019B8CC,0x0019BB48,636
FUN_0019bb48,0x0019BB48,0x0019BBBC,116
FUN_0019bbbc,0x0019BBBC,0x0019BC28,108
FUN_0019bc28,0x0019BC28,0x0019BC30,8
FUN_0019bc30,0x0019BC30,0x0019BC5C,44
FUN_0019bc5c,0x0019BC5C,0x0019BC88,44
FUN_0019bc88,0x0019BC88,0x0019BCB4,44
FUN_0019bcb4,0x0019BCB4,0x0019BCE0,44
FUN_0019bce0,0x0019BCE0,0x0019BD4C,108
FUN_0019bd4c,0x0019BD4C,0x0019BDB0,100
FUN_0019bdb0,0x0019BDB0,0x0019BDF0,64
FUN_0019bdf0,0x0019BDF0,0x0019BE78,136
FUN_0019be78,0x0019BE78,0x0019BF2C,180
FUN_0019bf2c,0x0019BF2C,0x0019BFFC,208
FUN_0019bffc,0x0019BFFC,0x0019C464,1128
FUN_0019c464,0x0019C464,0x0019C4A4,64
FUN_0019c4a4,0x0019C4A4,0x0019C4F8,84
FUN_0019c4f8,0x0019C4F8,0x0019C650,344
FUN_0019c650,0x0019C650,0x0019C6A0,80
FUN_0019c6a0,0x0019C6A0,0x0019C78C,236
FUN_0019c78c,0x0019C78C,0x0019C7F8,108
FUN_0019c7f8,0x0019C7F8,0x0019C9B0,440
FUN_0019c9b0,0x0019C9B0,0x0019CB80,464
FUN_0019cb80,0x0019CB80,0x0019CCB8,312
FUN_0019ccb8,0x0019CCB8,0x0019CD14,92
FUN_0019cd14,0x0019CD14,0x0019CE3C,296
FUN_0019ce3c,0x0019CE3C,0x0019D018,476
FUN_0019d018,0x0019D018,0x0019D3D4,956
FUN_0019d3d4,0x0019D3D4,0x0019D4BC,232
FUN_0019d4bc,0x0019D4BC,0x0019D514,88
FUN_0019d514,0x0019D514,0x0019D56C,88
FUN_0019d56c,0x0019D56C,0x0019D5EC,128
FUN_0019d5ec,0x0019D5EC,0x0019D614,40
FUN_0019d614,0x0019D614,0x0019D638,36
FUN_0019d638,0x0019D638,0x0019D65C,36
FUN_0019d65c,0x0019D65C,0x0019D680,36
FUN_0019d680,0x0019D680,0x0019D6A4,36
FUN_0019d6a4,0x0019D6A4,0x0019D6CC,40
FUN_0019d6cc,0x0019D6CC,0x0019D730,100
FUN_0019d730,0x0019D730,0x0019D754,36
FUN_0019d754,0x0019D754,0x0019D760,12
FUN_0019d760,0x0019D760,0x0019D85C,252
FUN_0019d85c,0x0019D85C,0x0019D864,8
FUN_0019d864,0x0019D864,0x0019D8B0,76
FUN_0019d8b0,0x0019D8B0,0x0019DAD8,552
FUN_0019dad8,0x0019DAD8,0x0019DD4C,628
FUN_0019dd4c,0x0019DD4C,0x0019DE80,308
FUN_0019de80,0x0019DE80,0x0019E6D8,2136
FUN_0019e6d8,0x0019E6D8,0x0019EA28,848
FUN_0019ea28,0x0019EA28,0x0019EA90,104
FUN_0019ea90,0x0019EA90,0x0019EFD4,1348
FUN_0019efd4,0x0019EFD4,0x0019F028,84
FUN_0019f028,0x0019F028,0x0019F048,32
FUN_0019f048,0x0019F048,0x0019F068,32
FUN_0019f068,0x0019F068,0x0019F11C,180
FUN_0019f11c,0x0019F11C,0x0019F23C,288
FUN_0019f23c,0x0019F23C,0x0019F26C,48
FUN_0019f26c,0x0019F26C,0x0019F27C,16
FUN_0019f27c,0x0019F27C,0x0019F5F4,888
FUN_0019f5f4,0x0019F5F4,0x0019F5FC,8
FUN_0019f5fc,0x0019F5FC,0x0019F754,344
FUN_0019f754,0x0019F754,0x0019F808,180
FUN_0019f808,0x0019F808,0x0019F890,136
FUN_0019f890,0x0019F890,0x0019F8B0,32
FUN_0019f8b0,0x0019F8B0,0x0019F8CC,28
FUN_0019f8cc,0x0019F8CC,0x0019F9C4,248
FUN_0019f9c4,0x0019F9C4,0x0019F9E0,28
FUN_0019f9e0,0x0019F9E0,0x0019FA04,36
FUN_0019fa04,0x0019FA04,0x0019FA2C,40
FUN_0019fa2c,0x0019FA2C,0x0019FA50,36
FUN_0019fa50,0x0019FA50,0x0019FA6C,28
FUN_0019fa6c,0x0019FA6C,0x0019FA88,28
FUN_0019fa88,0x0019FA88,0x0019FAA4,28
FUN_0019faa4,0x0019FAA4,0x0019FAC0,28
FUN_0019fac0,0x0019FAC0,0x0019FAC8,8
FUN_0019fac8,0x0019FAC8,0x0019FAE4,28
FUN_0019fae4,0x0019FAE4,0x0019FC64,384
FUN_0019fc64,0x0019FC64,0x0019FD08,164
FUN_0019fd08,0x0019FD08,0x0019FD1C,20
FUN_0019fd1c,0x0019FD1C,0x0019FD38,28
FUN_0019fd38,0x0019FD38,0x0019FDF4,188
FUN_0019fdf4,0x0019FDF4,0x0019FE6C,120
FUN_0019fe6c,0x0019FE6C,0x0019FE88,28
FUN_0019fe88,0x0019FE88,0x0019FE90,8
FUN_0019fe90,0x0019FE90,0x001A0020,400
FUN_001a0020,0x001A0020,0x001A0040,32
FUN_001a0040,0x001A0040,0x001A0064,36
FUN_001a0064,0x001A0064,0x001A008C,40
FUN_001a008c,0x001A008C,0x001A0154,200
FUN_001a0154,0x001A0154,0x001A02D8,388
FUN_001a02d8,0x001A02D8,0x001A0314,60
FUN_001a0314,0x001A0314,0x001A031C,8
FUN_001a031c,0x001A031C,0x001A03B4,152
FUN_001a03b4,0x001A03B4,0x001A0420,108
FUN_001a0420,0x001A0420,0x001A04A0,128
FUN_001a04a0,0x001A04A0,0x001A04E0,64
FUN_001a04e0,0x001A04E0,0x001A0508,40
FUN_001a0508,0x001A0508,0x001A05A4,156
FUN_001a05a4,0x001A05A4,0x001A075C,440
FUN_001a075c,0x001A075C,0x001A079C,64
FUN_001a079c,0x001A079C,0x001A07B8,28
FUN_001a07b8,0x001A07B8,0x001A07D4,28
FUN_001a07d4,0x001A07D4,0x001A0814,64
FUN_001a0814,0x001A0814,0x001A0834,32
FUN_001a0834,0x001A0834,0x001A0940,268
FUN_001a0940,0x001A0940,0x001A09A0,96
FUN_001a09a0,0x001A09A0,0x001A09B0,16
FUN_001a09b0,0x001A09B0,0x001A09D8,40
FUN_001a09d8,0x001A09D8,0x001A09E4,12
FUN_001a09e4,0x001A09E4,0x001A0C00,540
FUN_001a0c00,0x001A0C00,0x001A0C40,64
FUN_001a0c40,0x001A0C40,0x001A0C64,36
FUN_001a0c64,0x001A0C64,0x001A0C94,48
FUN_001a0c94,0x001A0C94,0x001A0CE0,76
FUN_001a0ce0,0x001A0CE0,0x001A0D04,36
FUN_001a0d04,0x001A0D04,0x001A0D34,48
FUN_001a0d34,0x001A0D34,0x001A0DF8,196
FUN_001a0df8,0x001A0DF8,0x001A0EE8,240
FUN_001a0ee8,0x001A0EE8,0x001A1088,416
FUN_001a1088,0x001A1088,0x001A1090,8
FUN_001a1090,0x001A1090,0x001A10A0,16
FUN_001a10a0,0x001A10A0,0x001A10EC,76
FUN_001a10ec,0x001A10EC,0x001A11E0,244
FUN_001a11e0,0x001A11E0,0x001A1228,72
FUN_001a1228,0x001A1228,0x001A1248,32
FUN_001a1248,0x001A1248,0x001A1250,8
FUN_001a1250,0x001A1250,0x001A127C,44
FUN_001a127c,0x001A127C,0x001A1288,12
FUN_001a1288,0x001A1288,0x001A1298,16
FUN_001a1298,0x001A1298,0x001A12A0,8
FUN_001a12a0,0x001A12A0,0x001A12A8,8
FUN_001a12a8,0x001A12A8,0x001A1324,124
FUN_001a1324,0x001A1324,0x001A1448,292
FUN_001a1448,0x001A1448,0x001A15EC,420
FUN_001a15ec,0x001A15EC,0x001A15F4,8
FUN_001a15f4,0x001A15F4,0x001A15FC,8
FUN_001a15fc,0x001A15FC,0x001A1628,44
FUN_001a1628,0x001A1628,0x001A1648,32
FUN_001a1648,0x001A1648,0x001A1650,8
FUN_001a1650,0x001A1650,0x001A1814,452
FUN_001a1814,0x001A1814,0x001A1860,76
FUN_001a1860,0x001A1860,0x001A18A8,72
FUN_001a18a8,0x001A18A8,0x001A18F0,72
FUN_001a18f0,0x001A18F0,0x001A1938,72
FUN_001a1938,0x001A1938,0x001A1958,32
FUN_001a1958,0x001A1958,0x001A1978,32
FUN_001a1978,0x001A1978,0x001A198C,20
FUN_001a198c,0x001A198C,0x001A19B4,40
FUN_001a19b4,0x001A19B4,0x001A19BC,8
FUN_001a19bc,0x001A19BC,0x001A1A30,116
FUN_001a1a30,0x001A1A30,0x001A1A70,64
FUN_001a1a70,0x001A1A70,0x001A1A90,32
FUN_001a1a90,0x001A1A90,0x001A1AAC,28
FUN_001a1aac,0x001A1AAC,0x001A1AE0,52
FUN_001a1ae0,0x001A1AE0,0x001A1B14,52
FUN_001a1b14,0x001A1B14,0x001A1B34,32
FUN_001a1b34,0x001A1B34,0x001A1B50,28
FUN_001a1b50,0x001A1B50,0x001A1BD0,128
FUN_001a1bd0,0x001A1BD0,0x001A1C08,56
FUN_001a1c08,0x001A1C08,0x001A1C5C,84
FUN_001a1c5c,0x001A1C5C,0x001A1CAC,80
FUN_001a1cac,0x001A1CAC,0x001A1DD8,300
FUN_001a1dd8,0x001A1DD8,0x001A2288,1200
FUN_001a2288,0x001A2288,0x001A2340,184
FUN_001a2340,0x001A2340,0x001A24A8,360
FUN_001a24a8,0x001A24A8,0x001A2560,184
FUN_001a2560,0x001A2560,0x001A26C8,360
FUN_001a26c8,0x001A26C8,0x001A2720,88
FUN_001a2720,0x001A2720,0x001A2778,88
FUN_001a2778,0x001A2778,0x001A27AC,52
FUN_001a27ac,0x001A27AC,0x001A2890,228
FUN_001a2890,0x001A2890,0x001A296C,220
FUN_001a296c,0x001A296C,0x001A2A38,204
FUN_001a2a38,0x001A2A38,0x001A2B44,268
FUN_001a2b44,0x001A2B44,0x001A2C10,204
FUN_001a2c10,0x001A2C10,0x001A2CD4,196
FUN_001a2cd4,0x001A2CD4,0x001A2DDC,264
FUN_001a2ddc,0x001A2DDC,0x001A2EE0,260
FUN_001a2ee0,0x001A2EE0,0x001A2FE4,260
FUN_001a2fe4,0x001A2FE4,0x001A3098,180
FUN_001a3098,0x001A3098,0x001A317C,228
FUN_001a317c,0x001A317C,0x001A327C,256
FUN_001a327c,0x001A327C,0x001A32AC,48
FUN_001a32ac,0x001A32AC,0x001A32B8,12
FUN_001a32b8,0x001A32B8,0x001A32C8,16
FUN_001a32c8,0x001A32C8,0x001A32D8,16
FUN_001a32d8,0x001A32D8,0x001A3350,136
entry_001a3350,0x001A3350,0x001A3364,20
FUN_001a3364,0x001A3364,0x001A34E4,384
FUN_001a34e4,0x001A34E4,0x001A3548,100
FUN_001a3548,0x001A3548,0x001A3574,44
FUN_001a3574,0x001A3574,0x001A357C,8
FUN_001a357c,0x001A357C,0x001A35DC,96
FUN_001a35dc,0x001A35DC,0x001A3650,116
FUN_001a3650,0x001A3650,0x001A3670,32
FUN_001a3670,0x001A3670,0x001A3690,32
FUN_001a3690,0x001A3690,0x001A36AC,28
FUN_001a36ac,0x001A36AC,0x001A36B8,12
FUN_001a36b8,0x001A36B8,0x001A3754,156
FUN_001a3754,0x001A3754,0x001A37E8,148
FUN_001a37e8,0x001A37E8,0x001A37F0,8
FUN_001a37f0,0x001A37F0,0x001A3810,32
FUN_001a3810,0x001A3810,0x001A382C,28
FUN_001a382c,0x001A382C,0x001A384C,32
FUN_001a384c,0x001A384C,0x001A3858,12
FUN_001a3858,0x001A3858,0x001A397C,292
FUN_001a397c,0x001A397C,0x001A39B0,52
FUN_001a39b0,0x001A39B0,0x001A39C0,16
FUN_001a39c0,0x001A39C0,0x001A39C8,8
FUN_001a39c8,0x001A39C8,0x001A39D4,12
FUN_001a39d4,0x001A39D4,0x001A39E4,16
FUN_001a39e4,0x001A39E4,0x001A3A24,64
FUN_001a3a24,0x001A3A24,0x001A3A40,28
FUN_001a3a40,0x001A3A40,0x001A3A70,48
FUN_001a3a70,0x001A3A70,0x001A3AA4,52
FUN_001a3aa4,0x001A3AA4,0x001A3E18,884
FUN_001a3e18,0x001A3E18,0x001A3F08,240
FUN_001a3f08,0x001A3F08,0x001A423C,820
FUN_001a423c,0x001A423C,0x001A4568,812
FUN_001a4568,0x001A4568,0x001A45E4,124
FUN_001a45e4,0x001A45E4,0x001A4630,76
FUN_001a4630,0x001A4630,0x001A4804,468
FUN_001a4804,0x001A4804,0x001A49C4,448
FUN_001a49c4,0x001A49C4,0x001A4A10,76
FUN_001a4a10,0x001A4A10,0x001A4A9C,140
FUN_001a4a9c,0x001A4A9C,0x001A4B70,212
FUN_001a4b70,0x001A4B70,0x001A4BF8,136
FUN_001a4bf8,0x001A4BF8,0x001A4C60,104
FUN_001a4c60,0x001A4C60,0x001A4DF0,400
FUN_001a4df0,0x001A4DF0,0x001A5344,1364
FUN_001a5344,0x001A5344,0x001A55EC,680
FUN_001a55ec,0x001A55EC,0x001A58C0,724
FUN_001a58c0,0x001A58C0,0x001A5944,132
FUN_001a5944,0x001A5944,0x001A59E8,164
FUN_001a59e8,0x001A59E8,0x001A5D24,828
FUN_001a5d24,0x001A5D24,0x001A61F0,1228
FUN_001a61f0,0x001A61F0,0x001A62E8,248
FUN_001a62e8,0x001A62E8,0x001A631C,52
FUN_001a631c,0x001A631C,0x001A6420,260
FUN_001a6420,0x001A6420,0x001A6754,820
FUN_001a6754,0x001A6754,0x001A6788,52
FUN_001a6788,0x001A6788,0x001A67D4,76
FUN_001a67d4,0x001A67D4,0x001A6820,76
FUN_001a6820,0x001A6820,0x001A6860,64
FUN_001a6860,0x001A6860,0x001A6880,32
FUN_001a6880,0x001A6880,0x001A6968,232
FUN_001a6968,0x001A6968,0x001A6BCC,612
FUN_001a6bcc,0x001A6BCC,0x001A6C08,60
FUN_001a6c08,0x001A6C08,0x001A6D94,396
FUN_001a6d94,0x001A6D94,0x001A7158,964
FUN_001a7158,0x001A7158,0x001A7208,176
FUN_001a7208,0x001A7208,0x001A7238,48
FUN_001a7238,0x001A7238,0x001A7408,464
FUN_001a7408,0x001A7408,0x001A7440,56
FUN_001a7440,0x001A7440,0x001A7600,448
FUN_001a7600,0x001A7600,0x001A7630,48
FUN_001a7630,0x001A7630,0x001A76D8,168
FUN_001a76d8,0x001A76D8,0x001A7C00,1320
FUN_001a7c00,0x001A7C00,0x001A7FCC,972
FUN_001a7fcc,0x001A7FCC,0x001A801C,80
FUN_001a801c,0x001A801C,0x001A8560,1348
FUN_001a8560,0x001A8560,0x001A8918,952
FUN_001a8918,0x001A8918,0x001A8AB0,408
FUN_001a8ab0,0x001A8AB0,0x001A8B4C,156
FUN_001a8b4c,0x001A8B4C,0x001A8B60,20
FUN_001a8b60,0x001A8B60,0x001A8CA0,320
FUN_001a8ca0,0x001A8CA0,0x001A90B8,1048
FUN_001a90b8,0x001A90B8,0x001A98FC,2116
FUN_001a98fc,0x001A98FC,0x001A9BA4,680
FUN_001a9ba4,0x001A9BA4,0x001A9C38,148
FUN_001a9c38,0x001A9C38,0x001A9C8C,84
FUN_001a9c8c,0x001A9C8C,0x001A9CE0,84
FUN_001a9ce0,0x001A9CE0,0x001A9F74,660
FUN_001a9f74,0x001A9F74,0x001A9FB4,64
FUN_001a9fb4,0x001A9FB4,0x001AA848,2196
FUN_001aa848,0x001AA848,0x001AA974,300
FUN_001aa974,0x001AA974,0x001AA994,32
FUN_001aa994,0x001AA994,0x001AAA58,196
FUN_001aaa58,0x001AAA58,0x001AAB8C,308
FUN_001aab8c,0x001AAB8C,0x001AACF4,360
FUN_001aacf4,0x001AACF4,0x001AAD74,128
FUN_001aad74,0x001AAD74,0x001AAF70,508
FUN_001aaf70,0x001AAF70,0x001AAF78,8
FUN_001aaf78,0x001AAF78,0x001AB330,952
FUN_001ab330,0x001AB330,0x001AB3CC,156
FUN_001ab3cc,0x001AB3CC,0x001AB43C,112
FUN_001ab43c,0x001AB43C,0x001AB4D8,156
FUN_001ab4d8,0x001AB4D8,0x001AB554,124
FUN_001ab554,0x001AB554,0x001AB7D0,636
FUN_001ab7d0,0x001AB7D0,0x001AB870,160
FUN_001ab870,0x001AB870,0x001AB8B8,72
FUN_001ab8b8,0x001AB8B8,0x001ABB68,688
FUN_001abb68,0x001ABB68,0x001ABC70,264
FUN_001abc70,0x001ABC70,0x001ABF58,744
FUN_001abf58,0x001ABF58,0x001AC158,512
FUN_001ac158,0x001AC158,0x001AC188,48
FUN_001ac188,0x001AC188,0x001AC438,688
FUN_001ac438,0x001AC438,0x001AC530,248
FUN_001ac530,0x001AC530,0x001AC65C,300
FUN_001ac65c,0x001AC65C,0x001AC6D0,116
FUN_001ac6d0,0x001AC6D0,0x001AC780,176
FUN_001ac780,0x001AC780,0x001AC800,128
FUN_001ac800,0x001AC800,0x001AC86C,108
FUN_001ac86c,0x001AC86C,0x001ACAD0,612
FUN_001acad0,0x001ACAD0,0x001ACC28,344
FUN_001acc28,0x001ACC28,0x001ACD14,236
FUN_001acd14,0x001ACD14,0x001ACD1C,8
FUN_001acd1c,0x001ACD1C,0x001ACDC4,168
FUN_001acdc4,0x001ACDC4,0x001AD084,704
FUN_001ad084,0x001AD084,0x001AD3D0,844
FUN_001ad3d0,0x001AD3D0,0x001AD438,104
FUN_001ad438,0x001AD438,0x001AD5C8,400
FUN_001ad5c8,0x001AD5C8,0x001AD674,172
FUN_001ad674,0x001AD674,0x001AD700,140
FUN_001ad700,0x001AD700,0x001AD77C,124
FUN_001ad77c,0x001AD77C,0x001AD7E0,100
FUN_001ad7e0,0x001AD7E0,0x001AD9E0,512
FUN_001ad9e0,0x001AD9E0,0x001ADD48,872
FUN_001add48,0x001ADD48,0x001AE014,716
FUN_001ae014,0x001AE014,0x001AE160,332
FUN_001ae160,0x001AE160,0x001AE1AC,76
FUN_001ae1ac,0x001AE1AC,0x001AE1F8,76
FUN_001ae1f8,0x001AE1F8,0x001AE34C,340
FUN_001ae34c,0x001AE34C,0x001AE39C,80
FUN_001ae39c,0x001AE39C,0x001AE490,244
FUN_001ae490,0x001AE490,0x001AE6B4,548
FUN_001ae6b4,0x001AE6B4,0x001AE6C4,16
FUN_001ae6c4,0x001AE6C4,0x001AE6F4,48
FUN_001ae6f4,0x001AE6F4,0x001AE924,560
FUN_001ae924,0x001AE924,0x001AEA14,240
FUN_001aea14,0x001AEA14,0x001AEC08,500
FUN_001aec08,0x001AEC08,0x001AEDB8,432
FUN_001aedb8,0x001AEDB8,0x001AEE9C,228
FUN_001aee9c,0x001AEE9C,0x001AEF94,248
FUN_001aef94,0x001AEF94,0x001AEFC4,48
FUN_001aefc4,0x001AEFC4,0x001AF190,460
FUN_001af190,0x001AF190,0x001AF350,448
FUN_001af350,0x001AF350,0x001AF3DC,140
FUN_001af3dc,0x001AF3DC,0x001AF644,616
FUN_001af644,0x001AF644,0x001AF78C,328
FUN_001af78c,0x001AF78C,0x001AF7D4,72
FUN_001af7d4,0x001AF7D4,0x001AF968,404
FUN_001af968,0x001AF968,0x001AF99C,52
FUN_001af99c,0x001AF99C,0x001AFA8C,240
FUN_001afa8c,0x001AFA8C,0x001AFACC,64
FUN_001afacc,0x001AFACC,0x001AFAEC,32
FUN_001afaec,0x001AFAEC,0x001AFD68,636
FUN_001afd68,0x001AFD68,0x001AFDE4,132
FUN_001afde4,0x001AFDE4,0x001B0170,908
FUN_001b0170,0x001B0170,0x001B0504,916
FUN_001b0504,0x001B0504,0x001B078C,648
FUN_001b078c,0x001B078C,0x001B0A1C,656
entry_001b0a1c,0x001B0A1C,0x001B0A24,8
FUN_001b0a24,0x001B0A24,0x001B0A4C,40
FUN_001b0a4c,0x001B0A4C,0x001B0B88,316
FUN_001b0b88,0x001B0B88,0x001B0BBC,52
FUN_001b0bbc,0x001B0BBC,0x001B0D64,424
FUN_001b0d64,0x001B0D64,0x001B0DE4,128
FUN_001b0de4,0x001B0DE4,0x001B1318,1332
FUN_001b1318,0x001B1318,0x001B1388,112
FUN_001b1388,0x001B1388,0x001B13E0,88
FUN_001b13e0,0x001B13E0,0x001B13F4,20
FUN_001b13f4,0x001B13F4,0x001B1438,68
FUN_001b1438,0x001B1438,0x001B165C,548
FUN_001b165c,0x001B165C,0x001B16C0,100
FUN_001b16c0,0x001B16C0,0x001B16EC,44
FUN_001b16ec,0x001B16EC,0x001B1860,372
FUN_001b1860,0x001B1860,0x001B18C4,100
FUN_001b18c4,0x001B18C4,0x001B1994,208
FUN_001b1994,0x001B1994,0x001B19B4,32
FUN_001b19b4,0x001B19B4,0x001B1A24,112
FUN_001b1a24,0x001B1A24,0x001B1CAC,648
FUN_001b1cac,0x001B1CAC,0x001B1D30,132
FUN_001b1d30,0x001B1D30,0x001B1E7C,332
FUN_001b1e7c,0x001B1E7C,0x001B1EC4,72
FUN_001b1ec4,0x001B1EC4,0x001B2448,1412
FUN_001b2448,0x001B2448,0x001B24FC,180
FUN_001b24fc,0x001B24FC,0x001B2754,600
FUN_001b2754,0x001B2754,0x001B27C8,116
FUN_001b27c8,0x001B27C8,0x001B2894,204
FUN_001b2894,0x001B2894,0x001B2904,112
FUN_001b2904,0x001B2904,0x001B296C,104
FUN_001b296c,0x001B296C,0x001B2A54,232
FUN_001b2a54,0x001B2A54,0x001B2C18,452
FUN_001b2c18,0x001B2C18,0x001B2C90,120
FUN_001b2c90,0x001B2C90,0x001B3004,884
FUN_001b3004,0x001B3004,0x001B30DC,216
FUN_001b30dc,0x001B30DC,0x001B3420,836
FUN_001b3420,0x001B3420,0x001B38AC,1164
FUN_001b38ac,0x001B38AC,0x001B38B8,12
FUN_001b38b8,0x001B38B8,0x001B3964,172
FUN_001b3964,0x001B3964,0x001B39EC,136
FUN_001b39ec,0x001B39EC,0x001B3A1C,48
FUN_001b3a1c,0x001B3A1C,0x001B3DA4,904
FUN_001b3da4,0x001B3DA4,0x001B3E64,192
FUN_001b3e64,0x001B3E64,0x001B4180,796
FUN_001b4180,0x001B4180,0x001B443C,700
FUN_001b443c,0x001B443C,0x001B44B8,124
FUN_001b44b8,0x001B44B8,0x001B45FC,324
FUN_001b45fc,0x001B45FC,0x001B461C,32
FUN_001b461c,0x001B461C,0x001B47DC,448
FUN_001b47dc,0x001B47DC,0x001B4894,184
FUN_001b4894,0x001B4894,0x001B4940,172
FUN_001b4940,0x001B4940,0x001B49A0,96
FUN_001b49a0,0x001B49A0,0x001B49BC,28
FUN_001b49bc,0x001B49BC,0x001B4A50,148
FUN_001b4a50,0x001B4A50,0x001B4ACC,124
FUN_001b4acc,0x001B4ACC,0x001B4C8C,448
FUN_001b4c8c,0x001B4C8C,0x001B4D0C,128
FUN_001b4d0c,0x001B4D0C,0x001B4DBC,176
FUN_001b4dbc,0x001B4DBC,0x001B4EC4,264
FUN_001b4ec4,0x001B4EC4,0x001B4F70,172
FUN_001b4f70,0x001B4F70,0x001B50BC,332
FUN_001b50bc,0x001B50BC,0x001B5320,612
FUN_001b5320,0x001B5320,0x001B5354,52
FUN_001b5354,0x001B5354,0x001B53B4,96
FUN_001b53b4,0x001B53B4,0x001B55BC,520
FUN_001b55bc,0x001B55BC,0x001B5B58,1436
FUN_001b5b58,0x001B5B58,0x001B5C30,216
FUN_001b5c30,0x001B5C30,0x001B6404,2004
FUN_001b6404,0x001B6404,0x001B6704,768
FUN_001b6704,0x001B6704,0x001B6838,308
FUN_001b6838,0x001B6838,0x001B6868,48
FUN_001b6868,0x001B6868,0x001B68F8,144
FUN_001b68f8,0x001B68F8,0x001B697C,132
FUN_001b697c,0x001B697C,0x001B6F44,1480
FUN_001b6f44,0x001B6F44,0x001B6F58,20
FUN_001b6f58,0x001B6F58,0x001B7404,1196
FUN_001b7404,0x001B7404,0x001B740C,8
FUN_001b740c,0x001B740C,0x001B75CC,448
FUN_001b75cc,0x001B75CC,0x001B7670,164
FUN_001b7670,0x001B7670,0x001B7808,408
FUN_001b7808,0x001B7808,0x001B7894,140
FUN_001b7894,0x001B7894,0x001B7CB4,1056
FUN_001b7cb4,0x001B7CB4,0x001B7DF8,324
FUN_001b7df8,0x001B7DF8,0x001B7EC4,204
FUN_001b7ec4,0x001B7EC4,0x001B7FE8,292
FUN_001b7fe8,0x001B7FE8,0x001B800C,36
FUN_001b800c,0x001B800C,0x001B8068,92
FUN_001b8068,0x001B8068,0x001B8124,188
FUN_001b8124,0x001B8124,0x001B8244,288
FUN_001b8244,0x001B8244,0x001B82A4,96
FUN_001b82a4,0x001B82A4,0x001B8514,624
FUN_001b8514,0x001B8514,0x001B8544,48
FUN_001b8544,0x001B8544,0x001B8724,480
FUN_001b8724,0x001B8724,0x001B8A50,812
FUN_001b8a50,0x001B8A50,0x001B8C74,548
FUN_001b8c74,0x001B8C74,0x001B907C,1032
FUN_001b907c,0x001B907C,0x001B909C,32
FUN_001b909c,0x001B909C,0x001B9234,408
FUN_001b9234,0x001B9234,0x001B93DC,424
FUN_001b93dc,0x001B93DC,0x001B93F8,28
FUN_001b93f8,0x001B93F8,0x001B9894,1180
FUN_001b9894,0x001B9894,0x001B9990,252
FUN_001b9990,0x001B9990,0x001B9A10,128
FUN_001b9a10,0x001B9A10,0x001B9A6C,92
FUN_001b9a6c,0x001B9A6C,0x001B9BD8,364
FUN_001b9bd8,0x001B9BD8,0x001B9DC8,496
FUN_001b9dc8,0x001B9DC8,0x001B9E44,124
FUN_001b9e44,0x001B9E44,0x001BA0D8,660
FUN_001ba0d8,0x001BA0D8,0x001BA13C,100
FUN_001ba13c,0x001BA13C,0x001BA34C,528
FUN_001ba34c,0x001BA34C,0x001BA3B0,100
FUN_001ba3b0,0x001BA3B0,0x001BA5C8,536
FUN_001ba5c8,0x001BA5C8,0x001BA634,108
FUN_001ba634,0x001BA634,0x001BAB58,1316
FUN_001bab58,0x001BAB58,0x001BABC4,108
FUN_001babc4,0x001BABC4,0x001BAD58,404
FUN_001bad58,0x001BAD58,0x001BADBC,100
FUN_001badbc,0x001BADBC,0x001BADF0,52
FUN_001badf0,0x001BADF0,0x001BAEA4,180
FUN_001baea4,0x001BAEA4,0x001BB404,1376
FUN_001bb404,0x001BB404,0x001BB498,148
FUN_001bb498,0x001BB498,0x001BB4CC,52
FUN_001bb4cc,0x001BB4CC,0x001BB8F0,1060
FUN_001bb8f0,0x001BB8F0,0x001BB9CC,220
FUN_001bb9cc,0x001BB9CC,0x001BBA2C,96
FUN_001bba2c,0x001BBA2C,0x001BBAD0,164
FUN_001bbad0,0x001BBAD0,0x001BBAFC,44
FUN_001bbafc,0x001BBAFC,0x001BBC7C,384
FUN_001bbc7c,0x001BBC7C,0x001BBED4,600
FUN_001bbed4,0x001BBED4,0x001BBF7C,168
FUN_001bbf7c,0x001BBF7C,0x001BBFF0,116
FUN_001bbff0,0x001BBFF0,0x001BC000,16
FUN_001bc000,0x001BC000,0x001BC1C8,456
FUN_001bc1c8,0x001BC1C8,0x001BC30C,324
FUN_001bc30c,0x001BC30C,0x001BC528,540
FUN_001bc528,0x001BC528,0x001BCB20,1528
FUN_001bcb20,0x001BCB20,0x001BCC54,308
FUN_001bcc54,0x001BCC54,0x001BCD68,276
FUN_001bcd68,0x001BCD68,0x001BCDB0,72
FUN_001bcdb0,0x001BCDB0,0x001BCF74,452
FUN_001bcf74,0x001BCF74,0x001BD12C,440
FUN_001bd12c,0x001BD12C,0x001BD28C,352
FUN_001bd28c,0x001BD28C,0x001BD550,708
FUN_001bd550,0x001BD550,0x001BD55C,12
FUN_001bd55c,0x001BD55C,0x001BD5C4,104
FUN_001bd5c4,0x001BD5C4,0x001BD5F8,52
FUN_001bd5f8,0x001BD5F8,0x001BD73C,324
FUN_001bd73c,0x001BD73C,0x001BD788,76
FUN_001bd788,0x001BD788,0x001BD824,156
FUN_001bd824,0x001BD824,0x001BD92C,264
FUN_001bd92c,0x001BD92C,0x001BE00C,1760
FUN_001be00c,0x001BE00C,0x001BE0E0,212
FUN_001be0e0,0x001BE0E0,0x001BE1AC,204
FUN_001be1ac,0x001BE1AC,0x001BEBF0,2628
FUN_001bebf0,0x001BEBF0,0x001BED58,360
FUN_001bed58,0x001BED58,0x001BED98,64
FUN_001bed98,0x001BED98,0x001BEDC4,44
FUN_001bedc4,0x001BEDC4,0x001BEE30,108
FUN_001bee30,0x001BEE30,0x001BEEA0,112
FUN_001beea0,0x001BEEA0,0x001BF040,416
FUN_001bf040,0x001BF040,0x001BF2C8,648
FUN_001bf2c8,0x001BF2C8,0x001BF304,60
FUN_001bf304,0x001BF304,0x001BF5C0,700
FUN_001bf5c0,0x001BF5C0,0x001BF67C,188
FUN_001bf67c,0x001BF67C,0x001BF6C8,76
FUN_001bf6c8,0x001BF6C8,0x001BF7D0,264
FUN_001bf7d0,0x001BF7D0,0x001BF9A8,472
FUN_001bf9a8,0x001BF9A8,0x001BFEB4,1292
FUN_001bfeb4,0x001BFEB4,0x001C00D4,544
FUN_001c00d4,0x001C00D4,0x001C062C,1368
FUN_001c062c,0x001C062C,0x001C0898,620
FUN_001c0898,0x001C0898,0x001C08D4,60
FUN_001c08d4,0x001C08D4,0x001C0AFC,552
FUN_001c0afc,0x001C0AFC,0x001C0E98,924
FUN_001c0e98,0x001C0E98,0x001C0FAC,276
FUN_001c0fac,0x001C0FAC,0x001C105C,176
FUN_001c105c,0x001C105C,0x001C1074,24
FUN_001c1074,0x001C1074,0x001C1120,172
FUN_001c1120,0x001C1120,0x001C145C,828
FUN_001c145c,0x001C145C,0x001C14D8,124
FUN_001c14d8,0x001C14D8,0x001C1594,188
FUN_001c1594,0x001C1594,0x001C17C8,564
FUN_001c17c8,0x001C17C8,0x001C17FC,52
FUN_001c17fc,0x001C17FC,0x001C20C0,2244
FUN_001c20c0,0x001C20C0,0x001C425C,8604
FUN_001c425c,0x001C425C,0x001C4344,232
FUN_001c4344,0x001C4344,0x001C43B0,108
FUN_001c43b0,0x001C43B0,0x001C5838,5256
FUN_001c5838,0x001C5838,0x001C5A00,456
FUN_001c5a00,0x001C5A00,0x001C5AFC,252
FUN_001c5afc,0x001C5AFC,0x001C5BE4,232
FUN_001c5be4,0x001C5BE4,0x001C5BF4,16
FUN_001c5bf4,0x001C5BF4,0x001C5C00,12
FUN_001c5c00,0x001C5C00,0x001C5C0C,12
FUN_001c5c0c,0x001C5C0C,0x001C5C18,12
FUN_001c5c18,0x001C5C18,0x001C5C78,96
FUN_001c5c78,0x001C5C78,0x001C5C80,8
FUN_001c5c80,0x001C5C80,0x001C5CAC,44
FUN_001c5cac,0x001C5CAC,0x001C5D38,140
FUN_001c5d38,0x001C5D38,0x001C5DC4,140
FUN_001c5dc4,0x001C5DC4,0x001C62F4,1328
FUN_001c62f4,0x001C62F4,0x001C63D4,224
FUN_001c63d4,0x001C63D4,0x001C70D4,3328
FUN_001c70d4,0x001C70D4,0x001C7100,44
FUN_001c7100,0x001C7100,0x001C7178,120
FUN_001c7178,0x001C7178,0x001C71A8,48
FUN_001c71a8,0x001C71A8,0x001C7258,176
FUN_001c7258,0x001C7258,0x001C72D0,120
FUN_001c72d0,0x001C72D0,0x001C72D8,8
FUN_001c72d8,0x001C72D8,0x001C791C,1604
FUN_001c791c,0x001C791C,0x001C7B18,508
FUN_001c7b18,0x001C7B18,0x001C7B40,40
FUN_001c7b40,0x001C7B40,0x001C7D6C,556
FUN_001c7d6c,0x001C7D6C,0x001C7E00,148
FUN_001c7e00,0x001C7E00,0x001C8360,1376
FUN_001c8360,0x001C8360,0x001C84F8,408
FUN_001c84f8,0x001C84F8,0x001C8560,104
FUN_001c8560,0x001C8560,0x001C85C8,104
FUN_001c85c8,0x001C85C8,0x001C8674,172
FUN_001c8674,0x001C8674,0x001C8694,32
FUN_001c8694,0x001C8694,0x001C86B4,32
FUN_001c86b4,0x001C86B4,0x001C87CC,280
FUN_001c87cc,0x001C87CC,0x001C880C,64
FUN_001c880c,0x001C880C,0x001C8A90,644
FUN_001c8a90,0x001C8A90,0x001C8B78,232
FUN_001c8b78,0x001C8B78,0x001C96B4,2876
FUN_001c96b4,0x001C96B4,0x001C96E8,52
FUN_001c96e8,0x001C96E8,0x001C9764,124
FUN_001c9764,0x001C9764,0x001C9820,188
FUN_001c9820,0x001C9820,0x001C9880,96
FUN_001c9880,0x001C9880,0x001C9894,20
FUN_001c9894,0x001C9894,0x001C989C,8
FUN_001c989c,0x001C989C,0x001C98A4,8
FUN_001c98a4,0x001C98A4,0x001C98AC,8
FUN_001c98ac,0x001C98AC,0x001C98B4,8
FUN_001c98b4,0x001C98B4,0x001C98BC,8
FUN_001c98bc,0x001C98BC,0x001C98C4,8
FUN_001c98c4,0x001C98C4,0x001C98CC,8
FUN_001c98cc,0x001C98CC,0x001C99D8,268
FUN_001c99d8,0x001C99D8,0x001C9C7C,676
FUN_001c9c7c,0x001C9C7C,0x001C9D20,164
FUN_001c9d20,0x001C9D20,0x001C9E54,308
FUN_001c9e54,0x001C9E54,0x001C9FE8,404
FUN_001c9fe8,0x001C9FE8,0x001CA0C0,216
FUN_001ca0c0,0x001CA0C0,0x001CA178,184
FUN_001ca178,0x001CA178,0x001CA1E8,112
FUN_001ca1e8,0x001CA1E8,0x001CA24C,100
FUN_001ca24c,0x001CA24C,0x001CA2B0,100
FUN_001ca2b0,0x001CA2B0,0x001CA3D0,288
FUN_001ca3d0,0x001CA3D0,0x001CA484,180
FUN_001ca484,0x001CA484,0x001CA494,16
FUN_001ca494,0x001CA494,0x001CA568,212
FUN_001ca568,0x001CA568,0x001CA69C,308
FUN_001ca69c,0x001CA69C,0x001CAB44,1192
FUN_001cab44,0x001CAB44,0x001CAF40,1020
FUN_001caf40,0x001CAF40,0x001CB344,1028
FUN_001cb344,0x001CB344,0x001CB63C,760
FUN_001cb63c,0x001CB63C,0x001CB75C,288
FUN_001cb75c,0x001CB75C,0x001CB778,28
FUN_001cb778,0x001CB778,0x001CB7C0,72
FUN_001cb7c0,0x001CB7C0,0x001CBB94,980
FUN_001cbb94,0x001CBB94,0x001CD9AC,7704
FUN_001cd9ac,0x001CD9AC,0x001CDABC,272
FUN_001cdabc,0x001CDABC,0x001CDBB0,244
FUN_001cdbb0,0x001CDBB0,0x001CDBBC,12
FUN_001cdbbc,0x001CDBBC,0x001CDBF4,56
FUN_001cdbf4,0x001CDBF4,0x001CDC38,68
FUN_001cdc38,0x001CDC38,0x001CDC80,72
FUN_001cdc80,0x001CDC80,0x001CDF78,760
FUN_001cdf78,0x001CDF78,0x001CE0B4,316
FUN_001ce0b4,0x001CE0B4,0x001CE15C,168
FUN_001ce15c,0x001CE15C,0x001CE214,184
FUN_001ce214,0x001CE214,0x001CE254,64
FUN_001ce254,0x001CE254,0x001CE294,64
FUN_001ce294,0x001CE294,0x001CE2D0,60
FUN_001ce2d0,0x001CE2D0,0x001CE304,52
FUN_001ce304,0x001CE304,0x001CE520,540
FUN_001ce520,0x001CE520,0x001CE784,612
FUN_001ce784,0x001CE784,0x001CECB4,1328
FUN_001cecb4,0x001CECB4,0x001CEEBC,520
FUN_001ceebc,0x001CEEBC,0x001CEED8,28
FUN_001ceed8,0x001CEED8,0x001CF1DC,772
FUN_001cf1dc,0x001CF1DC,0x001CF270,148
FUN_001cf270,0x001CF270,0x001CF2D8,104
FUN_001cf2d8,0x001CF2D8,0x001CF3D4,252
FUN_001cf3d4,0x001CF3D4,0x001CF48C,184
FUN_001cf48c,0x001CF48C,0x001CF63C,432
FUN_001cf63c,0x001CF63C,0x001CF680,68
FUN_001cf680,0x001CF680,0x001CFDB4,1844
FUN_001cfdb4,0x001CFDB4,0x001D0010,604
FUN_001d0010,0x001D0010,0x001D0380,880
FUN_001d0380,0x001D0380,0x001D05D4,596
FUN_001d05d4,0x001D05D4,0x001D0694,192
FUN_001d0694,0x001D0694,0x001D0794,256
FUN_001d0794,0x001D0794,0x001D086C,216
FUN_001d086c,0x001D086C,0x001D08B4,72
FUN_001d08b4,0x001D08B4,0x001D0B04,592
FUN_001d0b04,0x001D0B04,0x001D0C64,352
FUN_001d0c64,0x001D0C64,0x001D0C90,44
FUN_001d0c90,0x001D0C90,0x001D0CAC,28
FUN_001d0cac,0x001D0CAC,0x001D0E94,488
FUN_001d0e94,0x001D0E94,0x001D1158,708
FUN_001d1158,0x001D1158,0x001D11B0,88
FUN_001d11b0,0x001D11B0,0x001D14F0,832
FUN_001d14f0,0x001D14F0,0x001D15D4,228
FUN_001d15d4,0x001D15D4,0x001D17D8,516
FUN_001d17d8,0x001D17D8,0x001D18F8,288
FUN_001d18f8,0x001D18F8,0x001D1BF4,764
FUN_001d1bf4,0x001D1BF4,0x001D1C14,32
FUN_001d1c14,0x001D1C14,0x001D1C34,32
FUN_001d1c34,0x001D1C34,0x001D1C54,32
FUN_001d1c54,0x001D1C54,0x001D230C,1720
FUN_001d230c,0x001D230C,0x001D238C,128
FUN_001d238c,0x001D238C,0x001D2448,188
FUN_001d2448,0x001D2448,0x001D2474,44
FUN_001d2474,0x001D2474,0x001D252C,184
FUN_001d252c,0x001D252C,0x001D26D4,424
FUN_001d26d4,0x001D26D4,0x001D2724,80
FUN_001d2724,0x001D2724,0x001D2780,92
FUN_001d2780,0x001D2780,0x001D27CC,76
FUN_001d27cc,0x001D27CC,0x001D2818,76
FUN_001d2818,0x001D2818,0x001D2868,80
FUN_001d2868,0x001D2868,0x001D28DC,116
FUN_001d28dc,0x001D28DC,0x001D28F4,24
FUN_001d28f4,0x001D28F4,0x001D299C,168
FUN_001d299c,0x001D299C,0x001D2A6C,208
FUN_001d2a6c,0x001D2A6C,0x001D2BD0,356
FUN_001d2bd0,0x001D2BD0,0x001D2BDC,12
FUN_001d2bdc,0x001D2BDC,0x001D2C48,108
FUN_001d2c48,0x001D2C48,0x001D2D84,316
FUN_001d2d84,0x001D2D84,0x001D2DD4,80
FUN_001d2dd4,0x001D2DD4,0x001D2E00,44
FUN_001d2e00,0x001D2E00,0x001D2E28,40
FUN_001d2e28,0x001D2E28,0x001D306C,580
FUN_001d306c,0x001D306C,0x001D3524,1208
FUN_001d3524,0x001D3524,0x001D3548,36
FUN_001d3548,0x001D3548,0x001D36D0,392
FUN_001d36d0,0x001D36D0,0x001D370C,60
FUN_001d370c,0x001D370C,0x001D3724,24
FUN_001d3724,0x001D3724,0x001D373C,24
FUN_001d373c,0x001D373C,0x001D37D4,152
FUN_001d37d4,0x001D37D4,0x001D3814,64
FUN_001d3814,0x001D3814,0x001D3860,76
FUN_001d3860,0x001D3860,0x001D3878,24
FUN_001d3878,0x001D3878,0x001D38CC,84
FUN_001d38cc,0x001D38CC,0x001D3920,84
FUN_001d3920,0x001D3920,0x001D3A2C,268
FUN_001d3a2c,0x001D3A2C,0x001D3AA4,120
FUN_001d3aa4,0x001D3AA4,0x001D4120,1660
FUN_001d4120,0x001D4120,0x001D47B4,1684
FUN_001d47b4,0x001D47B4,0x001D4824,112
FUN_001d4824,0x001D4824,0x001D488C,104
FUN_001d488c,0x001D488C,0x001D4AD8,588
FUN_001d4ad8,0x001D4AD8,0x001D6E04,9004
FUN_001d6e04,0x001D6E04,0x001D6E88,132
FUN_001d6e88,0x001D6E88,0x001D6FB4,300
FUN_001d6fb4,0x001D6FB4,0x001D71A4,496
FUN_001d71a4,0x001D71A4,0x001D750C,872
FUN_001d750c,0x001D750C,0x001D76D0,452
FUN_001d76d0,0x001D76D0,0x001D7730,96
FUN_001d7730,0x001D7730,0x001D7A30,768
FUN_001d7a30,0x001D7A30,0x001D7EC4,1172
FUN_001d7ec4,0x001D7EC4,0x001D7EE0,28
FUN_001d7ee0,0x001D7EE0,0x001D7FC8,232
FUN_001d7fc8,0x001D7FC8,0x001D8040,120
FUN_001d8040,0x001D8040,0x001D80B8,120
FUN_001d80b8,0x001D80B8,0x001D81C8,272
FUN_001d81c8,0x001D81C8,0x001D8280,184
FUN_001d8280,0x001D8280,0x001D82D8,88
FUN_001d82d8,0x001D82D8,0x001D83AC,212
FUN_001d83ac,0x001D83AC,0x001D845C,176
FUN_001d845c,0x001D845C,0x001D847C,32
FUN_001d847c,0x001D847C,0x001D849C,32
FUN_001d849c,0x001D849C,0x001D8530,148
FUN_001d8530,0x001D8530,0x001D8568,56
FUN_001d8568,0x001D8568,0x001D86BC,340
FUN_001d86bc,0x001D86BC,0x001D88F4,568
FUN_001d88f4,0x001D88F4,0x001D8A24,304
FUN_001d8a24,0x001D8A24,0x001D8A98,116
FUN_001d8a98,0x001D8A98,0x001D8FC4,1324
FUN_001d8fc4,0x001D8FC4,0x001D900C,72
FUN_001d900c,0x001D900C,0x001D90F4,232
FUN_001d90f4,0x001D90F4,0x001D9108,20
FUN_001d9108,0x001D9108,0x001D9178,112
FUN_001d9178,0x001D9178,0x001D9238,192
FUN_001d9238,0x001D9238,0x001D92D4,156
FUN_001d92d4,0x001D92D4,0x001D9360,140
FUN_001d9360,0x001D9360,0x001D9404,164
FUN_001d9404,0x001D9404,0x001D9484,128
FUN_001d9484,0x001D9484,0x001D957C,248
FUN_001d957c,0x001D957C,0x001D973C,448
FUN_001d973c,0x001D973C,0x001D9BA0,1124
FUN_001d9ba0,0x001D9BA0,0x001D9C50,176
FUN_001d9c50,0x001D9C50,0x001DA010,960
FUN_001da010,0x001DA010,0x001DA02C,28
FUN_001da02c,0x001DA02C,0x001DA05C,48
FUN_001da05c,0x001DA05C,0x001DA134,216
FUN_001da134,0x001DA134,0x001DA398,612
FUN_001da398,0x001DA398,0x001DA4F8,352
FUN_001da4f8,0x001DA4F8,0x001DA530,56
FUN_001da530,0x001DA530,0x001DA7B4,644
FUN_001da7b4,0x001DA7B4,0x001DA84C,152
FUN_001da84c,0x001DA84C,0x001DAB64,792
FUN_001dab64,0x001DAB64,0x001DAD44,480
FUN_001dad44,0x001DAD44,0x001DB08C,840
FUN_001db08c,0x001DB08C,0x001DB0A4,24
FUN_001db0a4,0x001DB0A4,0x001DB0B0,12
FUN_001db0b0,0x001DB0B0,0x001DB130,128
FUN_001db130,0x001DB130,0x001DB13C,12
FUN_001db13c,0x001DB13C,0x001DB47C,832
FUN_001db47c,0x001DB47C,0x001DB538,188
FUN_001db538,0x001DB538,0x001DB61C,228
FUN_001db61c,0x001DB61C,0x001DB6A0,132
FUN_001db6a0,0x001DB6A0,0x001DB894,500
FUN_001db894,0x001DB894,0x001DB8F8,100
FUN_001db8f8,0x001DB8F8,0x001DB930,56
FUN_001db930,0x001DB930,0x001DBA60,304
FUN_001dba60,0x001DBA60,0x001DBAE8,136
FUN_001dbae8,0x001DBAE8,0x001DBAF4,12
FUN_001dbaf4,0x001DBAF4,0x001DBEF0,1020
FUN_001dbef0,0x001DBEF0,0x001DBFAC,188
FUN_001dbfac,0x001DBFAC,0x001DC458,1196
FUN_001dc458,0x001DC458,0x001DC4DC,132
FUN_001dc4dc,0x001DC4DC,0x001DC758,636
FUN_001dc758,0x001DC758,0x001DC7AC,84
FUN_001dc7ac,0x001DC7AC,0x001DC828,124
FUN_001dc828,0x001DC828,0x001DCAF4,716
FUN_001dcaf4,0x001DCAF4,0x001DCBA0,172
FUN_001dcba0,0x001DCBA0,0x001DCC40,160
FUN_001dcc40,0x001DCC40,0x001DCD94,340
FUN_001dcd94,0x001DCD94,0x001DCE3C,168
FUN_001dce3c,0x001DCE3C,0x001DD178,828
FUN_001dd178,0x001DD178,0x001DD184,12
FUN_001dd184,0x001DD184,0x001DD518,916
FUN_001dd518,0x001DD518,0x001DD5D4,188
FUN_001dd5d4,0x001DD5D4,0x001DDD8C,1976
FUN_001ddd8c,0x001DDD8C,0x001DDE10,132
FUN_001dde10,0x001DDE10,0x001DDE2C,28
FUN_001dde2c,0x001DDE2C,0x001DE144,792
FUN_001de144,0x001DE144,0x001DE198,84
FUN_001de198,0x001DE198,0x001DE1B8,32
FUN_001de1b8,0x001DE1B8,0x001DE324,364
FUN_001de324,0x001DE324,0x001DE364,64
FUN_001de364,0x001DE364,0x001DE3A8,68
FUN_001de3a8,0x001DE3A8,0x001DE3E0,56
FUN_001de3e0,0x001DE3E0,0x001DE494,180
FUN_001de494,0x001DE494,0x001DE5E8,340
FUN_001de5e8,0x001DE5E8,0x001DE654,108
FUN_001de654,0x001DE654,0x001DE69C,72
FUN_001de69c,0x001DE69C,0x001DE6BC,32
FUN_001de6bc,0x001DE6BC,0x001DE778,188
FUN_001de778,0x001DE778,0x001DE7E4,108
FUN_001de7e4,0x001DE7E4,0x001DEAAC,712
FUN_001deaac,0x001DEAAC,0x001DEAC8,28
FUN_001deac8,0x001DEAC8,0x001DED10,584
FUN_001ded10,0x001DED10,0x001DF220,1296
FUN_001df220,0x001DF220,0x001DF494,628
FUN_001df494,0x001DF494,0x001DF518,132
FUN_001df518,0x001DF518,0x001DFA0C,1268
FUN_001dfa0c,0x001DFA0C,0x001DFA6C,96
FUN_001dfa6c,0x001DFA6C,0x001DFAAC,64
FUN_001dfaac,0x001DFAAC,0x001DFB04,88
FUN_001dfb04,0x001DFB04,0x001DFB34,48
FUN_001dfb34,0x001DFB34,0x001DFB80,76
FUN_001dfb80,0x001DFB80,0x001DFBE0,96
FUN_001dfbe0,0x001DFBE0,0x001DFC54,116
FUN_001dfc54,0x001DFC54,0x001E0208,1460
FUN_001e0208,0x001E0208,0x001E0394,396
FUN_001e0394,0x001E0394,0x001E07EC,1112
FUN_001e07ec,0x001E07EC,0x001E0888,156
FUN_001e0888,0x001E0888,0x001E08D0,72
FUN_001e08d0,0x001E08D0,0x001E0990,192
FUN_001e0990,0x001E0990,0x001E0C3C,684
FUN_001e0c3c,0x001E0C3C,0x001E0CD8,156
FUN_001e0cd8,0x001E0CD8,0x001E0CF8,32
FUN_001e0cf8,0x001E0CF8,0x001E0DB8,192
FUN_001e0db8,0x001E0DB8,0x001E0E98,224
FUN_001e0e98,0x001E0E98,0x001E0EB8,32
FUN_001e0eb8,0x001E0EB8,0x001E1284,972
FUN_001e1284,0x001E1284,0x001E13D8,340
FUN_001e13d8,0x001E13D8,0x001E1514,316
FUN_001e1514,0x001E1514,0x001E17D4,704
FUN_001e17d4,0x001E17D4,0x001E1848,116
FUN_001e1848,0x001E1848,0x001E18A4,92
FUN_001e18a4,0x001E18A4,0x001E1A28,388
FUN_001e1a28,0x001E1A28,0x001E1A90,104
FUN_001e1a90,0x001E1A90,0x001E1E40,944
FUN_001e1e40,0x001E1E40,0x001E1F20,224
FUN_001e1f20,0x001E1F20,0x001E20B4,404
FUN_001e20b4,0x001E20B4,0x001E2248,404
FUN_001e2248,0x001E2248,0x001E2514,716
FUN_001e2514,0x001E2514,0x001E2694,384
FUN_001e2694,0x001E2694,0x001E28B0,540
FUN_001e28b0,0x001E28B0,0x001E2930,128
FUN_001e2930,0x001E2930,0x001E2968,56
FUN_001e2968,0x001E2968,0x001E29D0,104
FUN_001e29d0,0x001E29D0,0x001E2C6C,668
FUN_001e2c6c,0x001E2C6C,0x001E2F5C,752
FUN_001e2f5c,0x001E2F5C,0x001E3048,236
FUN_001e3048,0x001E3048,0x001E3080,56
FUN_001e3080,0x001E3080,0x001E3180,256
FUN_001e3180,0x001E3180,0x001E31C0,64
FUN_001e31c0,0x001E31C0,0x001E31E0,32
FUN_001e31e0,0x001E31E0,0x001E31FC,28
FUN_001e31fc,0x001E31FC,0x001E32BC,192
FUN_001e32bc,0x001E32BC,0x001E3328,108
FUN_001e3328,0x001E3328,0x001E33D8,176
FUN_001e33d8,0x001E33D8,0x001E34B4,220
FUN_001e34b4,0x001E34B4,0x001E371C,616
FUN_001e371c,0x001E371C,0x001E3C94,1400
FUN_001e3c94,0x001E3C94,0x001E3F94,768
FUN_001e3f94,0x001E3F94,0x001E407C,232
FUN_001e407c,0x001E407C,0x001E4084,8
FUN_001e4084,0x001E4084,0x001E4D78,3316
FUN_001e4d78,0x001E4D78,0x001E51F0,1144
FUN_001e51f0,0x001E51F0,0x001E5A8C,2204
FUN_001e5a8c,0x001E5A8C,0x001E5A98,12
FUN_001e5a98,0x001E5A98,0x001E5C24,396
FUN_001e5c24,0x001E5C24,0x001E6008,996
FUN_001e6008,0x001E6008,0x001E6160,344
FUN_001e6160,0x001E6160,0x001E6190,48
FUN_001e6190,0x001E6190,0x001E61A8,24
FUN_001e61a8,0x001E61A8,0x001E6228,128
FUN_001e6228,0x001E6228,0x001E6270,72
FUN_001e6270,0x001E6270,0x001E631C,172
FUN_001e631c,0x001E631C,0x001E6368,76
FUN_001e6368,0x001E6368,0x001E6444,220
FUN_001e6444,0x001E6444,0x001E6524,224
FUN_001e6524,0x001E6524,0x001E65AC,136
FUN_001e65ac,0x001E65AC,0x001E65DC,48
FUN_001e65dc,0x001E65DC,0x001E6600,36
FUN_001e6600,0x001E6600,0x001E665C,92
FUN_001e665c,0x001E665C,0x001E6758,252
FUN_001e6758,0x001E6758,0x001E67C0,104
FUN_001e67c0,0x001E67C0,0x001E683C,124
FUN_001e683c,0x001E683C,0x001E687C,64
FUN_001e687c,0x001E687C,0x001E690C,144
FUN_001e690c,0x001E690C,0x001E692C,32
FUN_001e692c,0x001E692C,0x001E693C,16
FUN_001e693c,0x001E693C,0x001E6A48,268
FUN_001e6a48,0x001E6A48,0x001E6AD0,136
FUN_001e6ad0,0x001E6AD0,0x001E6AF4,36
FUN_001e6af4,0x001E6AF4,0x001E6B5C,104
FUN_001e6b5c,0x001E6B5C,0x001E6F7C,1056
FUN_001e6f7c,0x001E6F7C,0x001E6FDC,96
FUN_001e6fdc,0x001E6FDC,0x001E705C,128
FUN_001e705c,0x001E705C,0x001E7094,56
FUN_001e7094,0x001E7094,0x001E70B4,32
FUN_001e70b4,0x001E70B4,0x001E7180,204
FUN_001e7180,0x001E7180,0x001E73B0,560
FUN_001e73b0,0x001E73B0,0x001E7558,424
FUN_001e7558,0x001E7558,0x001E75C0,104
FUN_001e75c0,0x001E75C0,0x001E75F0,48
FUN_001e75f0,0x001E75F0,0x001E7654,100
FUN_001e7654,0x001E7654,0x001E7998,836
FUN_001e7998,0x001E7998,0x001E7D48,944
FUN_001e7d48,0x001E7D48,0x001E7DB4,108
FUN_001e7db4,0x001E7DB4,0x001E7E54,160
FUN_001e7e54,0x001E7E54,0x001E7EDC,136
FUN_001e7edc,0x001E7EDC,0x001E7EFC,32
FUN_001e7efc,0x001E7EFC,0x001E7FC4,200
FUN_001e7fc4,0x001E7FC4,0x001E81A4,480
FUN_001e81a4,0x001E81A4,0x001E8210,108
FUN_001e8210,0x001E8210,0x001E8218,8
FUN_001e8218,0x001E8218,0x001E8228,16
FUN_001e8228,0x001E8228,0x001E8258,48
FUN_001e8258,0x001E8258,0x001E8424,460
FUN_001e8424,0x001E8424,0x001E8458,52
FUN_001e8458,0x001E8458,0x001E84E0,136
FUN_001e84e0,0x001E84E0,0x001E8500,32
FUN_001e8500,0x001E8500,0x001E850C,12
FUN_001e850c,0x001E850C,0x001E8534,40
FUN_001e8534,0x001E8534,0x001E8654,288
FUN_001e8654,0x001E8654,0x001E86BC,104
FUN_001e86bc,0x001E86BC,0x001E8800,324
FUN_001e8800,0x001E8800,0x001E8920,288
FUN_001e8920,0x001E8920,0x001E8B94,628
FUN_001e8b94,0x001E8B94,0x001E8E84,752
FUN_001e8e84,0x001E8E84,0x001E8F10,140
FUN_001e8f10,0x001E8F10,0x001E8F54,68
FUN_001e8f54,0x001E8F54,0x001E8FA4,80
FUN_001e8fa4,0x001E8FA4,0x001E92E4,832
FUN_001e92e4,0x001E92E4,0x001E950C,552
FUN_001e950c,0x001E950C,0x001E95BC,176
FUN_001e95bc,0x001E95BC,0x001E96A8,236
FUN_001e96a8,0x001E96A8,0x001E97B4,268
FUN_001e97b4,0x001E97B4,0x001E9B0C,856
FUN_001e9b0c,0x001E9B0C,0x001E9B88,124
FUN_001e9b88,0x001E9B88,0x001E9F9C,1044
FUN_001e9f9c,0x001E9F9C,0x001EA0A4,264
FUN_001ea0a4,0x001EA0A4,0x001EA158,180
FUN_001ea158,0x001EA158,0x001EA298,320
FUN_001ea298,0x001EA298,0x001EA34C,180
FUN_001ea34c,0x001EA34C,0x001EA36C,32
FUN_001ea36c,0x001EA36C,0x001EA528,444
FUN_001ea528,0x001EA528,0x001EA564,60
FUN_001ea564,0x001EA564,0x001EA6F0,396
FUN_001ea6f0,0x001EA6F0,0x001EA79C,172
FUN_001ea79c,0x001EA79C,0x001EA940,420
FUN_001ea940,0x001EA940,0x001EAC50,784
FUN_001eac50,0x001EAC50,0x001EACC8,120
FUN_001eacc8,0x001EACC8,0x001EB034,876
FUN_001eb034,0x001EB034,0x001EB108,212
FUN_001eb108,0x001EB108,0x001EB20C,260
FUN_001eb20c,0x001EB20C,0x001EB744,1336
FUN_001eb744,0x001EB744,0x001EBC5C,1304
FUN_001ebc5c,0x001EBC5C,0x001EBD34,216
FUN_001ebd34,0x001EBD34,0x001EBDFC,200
FUN_001ebdfc,0x001EBDFC,0x001EC350,1364
FUN_001ec350,0x001EC350,0x001EC3E0,144
FUN_001ec3e0,0x001EC3E0,0x001EC668,648
FUN_001ec668,0x001EC668,0x001EC6E4,124
FUN_001ec6e4,0x001EC6E4,0x001EC77C,152
FUN_001ec77c,0x001EC77C,0x001ECB90,1044
FUN_001ecb90,0x001ECB90,0x001ECD7C,492
FUN_001ecd7c,0x001ECD7C,0x001ED200,1156
FUN_001ed200,0x001ED200,0x001ED3B8,440
FUN_001ed3b8,0x001ED3B8,0x001ED934,1404
FUN_001ed934,0x001ED934,0x001ED984,80
FUN_001ed984,0x001ED984,0x001ED9D4,80
FUN_001ed9d4,0x001ED9D4,0x001EDB6C,408
FUN_001edb6c,0x001EDB6C,0x001EDBF4,136
FUN_001edbf4,0x001EDBF4,0x001EDD20,300
FUN_001edd20,0x001EDD20,0x001EDDD4,180
FUN_001eddd4,0x001EDDD4,0x001EE314,1344
FUN_001ee314,0x001EE314,0x001EE480,364
FUN_001ee480,0x001EE480,0x001EE4B8,56
FUN_001ee4b8,0x001EE4B8,0x001EE4F0,56
FUN_001ee4f0,0x001EE4F0,0x001EE53C,76
FUN_001ee53c,0x001EE53C,0x001EE584,72
FUN_001ee584,0x001EE584,0x001EE878,756
FUN_001ee878,0x001EE878,0x001EE8CC,84
FUN_001ee8cc,0x001EE8CC,0x001EEB24,600
FUN_001eeb24,0x001EEB24,0x001EEB74,80
FUN_001eeb74,0x001EEB74,0x001EEBAC,56
FUN_001eebac,0x001EEBAC,0x001EECCC,288
FUN_001eeccc,0x001EECCC,0x001EEEF4,552
FUN_001eeef4,0x001EEEF4,0x001EEF5C,104
FUN_001eef5c,0x001EEF5C,0x001EEFD4,120
FUN_001eefd4,0x001EEFD4,0x001EF154,384
FUN_001ef154,0x001EF154,0x001EF1DC,136
FUN_001ef1dc,0x001EF1DC,0x001EF270,148
FUN_001ef270,0x001EF270,0x001EF8B0,1600
FUN_001ef8b0,0x001EF8B0,0x001EFBB8,776
FUN_001efbb8,0x001EFBB8,0x001EFE04,588
FUN_001efe04,0x001EFE04,0x001F0958,2900
FUN_001f0958,0x001F0958,0x001F0A00,168
FUN_001f0a00,0x001F0A00,0x001F0B64,356
FUN_001f0b64,0x001F0B64,0x001F1120,1468
FUN_001f1120,0x001F1120,0x001F15A0,1152
FUN_001f15a0,0x001F15A0,0x001F1A28,1160
FUN_001f1a28,0x001F1A28,0x001F1B08,224
FUN_001f1b08,0x001F1B08,0x001F22E4,2012
FUN_001f22e4,0x001F22E4,0x001F2428,324
FUN_001f2428,0x001F2428,0x001F24F0,200
FUN_001f24f0,0x001F24F0,0x001F2830,832
FUN_001f2830,0x001F2830,0x001F2950,288
FUN_001f2950,0x001F2950,0x001F2A28,216
FUN_001f2a28,0x001F2A28,0x001F2A30,8
FUN_001f2a30,0x001F2A30,0x001F2D80,848
FUN_001f2d80,0x001F2D80,0x001F2DDC,92
FUN_001f2ddc,0x001F2DDC,0x001F2F7C,416
FUN_001f2f7c,0x001F2F7C,0x001F3040,196
FUN_001f3040,0x001F3040,0x001F3134,244
FUN_001f3134,0x001F3134,0x001F318C,88
FUN_001f318c,0x001F318C,0x001F337C,496
FUN_001f337c,0x001F337C,0x001F33D0,84
FUN_001f33d0,0x001F33D0,0x001F3470,160
FUN_001f3470,0x001F3470,0x001F4BD4,5988
FUN_001f4bd4,0x001F4BD4,0x001F4CD0,252
FUN_001f4cd0,0x001F4CD0,0x001F4CF0,32
FUN_001f4cf0,0x001F4CF0,0x001F4D10,32
FUN_001f4d10,0x001F4D10,0x001F4D58,72
FUN_001f4d58,0x001F4D58,0x001F4D78,32
FUN_001f4d78,0x001F4D78,0x001F4D98,32
FUN_001f4d98,0x001F4D98,0x001F4F24,396
FUN_001f4f24,0x001F4F24,0x001F4F48,36
FUN_001f4f48,0x001F4F48,0x001F4FC4,124
FUN_001f4fc4,0x001F4FC4,0x001F50A8,228
FUN_001f50a8,0x001F50A8,0x001F5168,192
FUN_001f5168,0x001F5168,0x001F51A0,56
FUN_001f51a0,0x001F51A0,0x001F53A0,512
FUN_001f53a0,0x001F53A0,0x001F545C,188
FUN_001f545c,0x001F545C,0x001F54BC,96
FUN_001f54bc,0x001F54BC,0x001F551C,96
FUN_001f551c,0x001F551C,0x001F55D8,188
FUN_001f55d8,0x001F55D8,0x001F5724,332
FUN_001f5724,0x001F5724,0x001F58C8,420
FUN_001f58c8,0x001F58C8,0x001F58D0,8
FUN_001f58d0,0x001F58D0,0x001F5914,68
FUN_001f5914,0x001F5914,0x001F5F60,1612
FUN_001f5f60,0x001F5F60,0x001F6014,180
FUN_001f6014,0x001F6014,0x001F6124,272
FUN_001f6124,0x001F6124,0x001F6184,96
FUN_001f6184,0x001F6184,0x001F63A0,540
FUN_001f63a0,0x001F63A0,0x001F6474,212
FUN_001f6474,0x001F6474,0x001F6590,284
FUN_001f6590,0x001F6590,0x001F66C8,312
FUN_001f66c8,0x001F66C8,0x001F67F0,296
FUN_001f67f0,0x001F67F0,0x001F68C4,212
FUN_001f68c4,0x001F68C4,0x001F69D8,276
FUN_001f69d8,0x001F69D8,0x001F6AD8,256
FUN_001f6ad8,0x001F6AD8,0x001F6E64,908
FUN_001f6e64,0x001F6E64,0x001F6F2C,200
FUN_001f6f2c,0x001F6F2C,0x001F6F4C,32
FUN_001f6f4c,0x001F6F4C,0x001F6FA0,84
FUN_001f6fa0,0x001F6FA0,0x001F7050,176
FUN_001f7050,0x001F7050,0x001F70C0,112
FUN_001f70c0,0x001F70C0,0x001F7130,112
FUN_001f7130,0x001F7130,0x001F7190,96
FUN_001f7190,0x001F7190,0x001F71A8,24
FUN_001f71a8,0x001F71A8,0x001F7228,128
FUN_001f7228,0x001F7228,0x001F7248,32
FUN_001f7248,0x001F7248,0x001F7360,280
FUN_001f7360,0x001F7360,0x001F7394,52
FUN_001f7394,0x001F7394,0x001F73C8,52
FUN_001f73c8,0x001F73C8,0x001F7428,96
FUN_001f7428,0x001F7428,0x001F7ACC,1700
FUN_001f7acc,0x001F7ACC,0x001F7C44,376
FUN_001f7c44,0x001F7C44,0x001F7C64,32
FUN_001f7c64,0x001F7C64,0x001F7CB0,76
FUN_001f7cb0,0x001F7CB0,0x001F7CEC,60
FUN_001f7cec,0x001F7CEC,0x001F7D0C,32
FUN_001f7d0c,0x001F7D0C,0x001F7D78,108
FUN_001f7d78,0x001F7D78,0x001F7E54,220
FUN_001f7e54,0x001F7E54,0x001F7E90,60
FUN_001f7e90,0x001F7E90,0x001FA36C,9436
FUN_001fa36c,0x001FA36C,0x001FA3C4,88
FUN_001fa3c4,0x001FA3C4,0x00205E7C,47800
FUN_00205e7c,0x00205E7C,0x002063C0,1348
FUN_002063c0,0x002063C0,0x0020648C,204
FUN_0020648c,0x0020648C,0x002064EC,96
FUN_002064ec,0x002064EC,0x00206580,148
FUN_00206580,0x00206580,0x002067B0,560
FUN_002067b0,0x002067B0,0x00206838,136
FUN_00206838,0x00206838,0x002068C4,140
FUN_002068c4,0x002068C4,0x00206928,100
FUN_00206928,0x00206928,0x00206940,24
FUN_00206940,0x00206940,0x00206C08,712
FUN_00206c08,0x00206C08,0x00207374,1900
FUN_00207374,0x00207374,0x0020759C,552
FUN_0020759c,0x0020759C,0x002076D0,308
FUN_002076d0,0x002076D0,0x00207F88,2232
FUN_00207f88,0x00207F88,0x002080B0,296
FUN_002080b0,0x002080B0,0x002081D4,292
FUN_002081d4,0x002081D4,0x00208258,132
FUN_00208258,0x00208258,0x002082FC,164
FUN_002082fc,0x002082FC,0x0020843C,320
FUN_0020843c,0x0020843C,0x002089F0,1460
FUN_002089f0,0x002089F0,0x00208AE4,244
FUN_00208ae4,0x00208AE4,0x00208D30,588
FUN_00208d30,0x00208D30,0x00208DC0,144
FUN_00208dc0,0x00208DC0,0x00208FD0,528
FUN_00208fd0,0x00208FD0,0x00209084,180
FUN_00209084,0x00209084,0x002090E0,92
FUN_002090e0,0x002090E0,0x00209160,128
FUN_00209160,0x00209160,0x0020917C,28
FUN_0020917c,0x0020917C,0x00209190,20
FUN_00209190,0x00209190,0x00209224,148
FUN_00209224,0x00209224,0x002092F8,212
FUN_002092f8,0x002092F8,0x00209628,816
FUN_00209628,0x00209628,0x0020979C,372
FUN_0020979c,0x0020979C,0x002097BC,32
FUN_002097bc,0x002097BC,0x00209A2C,624
FUN_00209a2c,0x00209A2C,0x00209B8C,352
FUN_00209b8c,0x00209B8C,0x00209C30,164
FUN_00209c30,0x00209C30,0x0020A330,1792
FUN_0020a330,0x0020A330,0x0020A390,96
FUN_0020a390,0x0020A390,0x0020A5A0,528
FUN_0020a5a0,0x0020A5A0,0x0020A7D4,564
FUN_0020a7d4,0x0020A7D4,0x0020AEF8,1828
FUN_0020aef8,0x0020AEF8,0x0020AF44,76
FUN_0020af44,0x0020AF44,0x0020B2B0,876
FUN_0020b2b0,0x0020B2B0,0x0020B328,120
FUN_0020b328,0x0020B328,0x0020B8B4,1420
FUN_0020b8b4,0x0020B8B4,0x0020B904,80
FUN_0020b904,0x0020B904,0x0020B9A8,164
FUN_0020b9a8,0x0020B9A8,0x0020BAF8,336
FUN_0020baf8,0x0020BAF8,0x0020BCE4,492
FUN_0020bce4,0x0020BCE4,0x0020BD94,176
FUN_0020bd94,0x0020BD94,0x0020BE4C,184
FUN_0020be4c,0x0020BE4C,0x0020BE58,12
FUN_0020be58,0x0020BE58,0x0020BE74,28
FUN_0020be74,0x0020BE74,0x0020BE88,20
FUN_0020be88,0x0020BE88,0x0020BEAC,36
FUN_0020beac,0x0020BEAC,0x0020BFE8,316
FUN_0020bfe8,0x0020BFE8,0x0020C178,400
FUN_0020c178,0x0020C178,0x0020C1F4,124
FUN_0020c1f4,0x0020C1F4,0x0020C92C,1848
FUN_0020c92c,0x0020C92C,0x0020C950,36
FUN_0020c950,0x0020C950,0x0020C9D8,136
FUN_0020c9d8,0x0020C9D8,0x0020CB80,424
FUN_0020cb80,0x0020CB80,0x0020CC08,136
FUN_0020cc08,0x0020CC08,0x0020CCF0,232
FUN_0020ccf0,0x0020CCF0,0x0020D0E0,1008
FUN_0020d0e0,0x0020D0E0,0x0020D13C,92
FUN_0020d13c,0x0020D13C,0x0020D210,212
FUN_0020d210,0x0020D210,0x0020D2C0,176
FUN_0020d2c0,0x0020D2C0,0x0020D2E0,32
FUN_0020d2e0,0x0020D2E0,0x0020D310,48
FUN_0020d310,0x0020D310,0x0020D3FC,236
FUN_0020d3fc,0x0020D3FC,0x0020D470,116
FUN_0020d470,0x0020D470,0x0020D4B0,64
FUN_0020d4b0,0x0020D4B0,0x0020D568,184
FUN_0020d568,0x0020D568,0x0020D6E0,376
FUN_0020d6e0,0x0020D6E0,0x0020D760,128
FUN_0020d760,0x0020D760,0x0020D838,216
FUN_0020d838,0x0020D838,0x0020D884,76
FUN_0020d884,0x0020D884,0x0020D8F4,112
FUN_0020d8f4,0x0020D8F4,0x0020D918,36
FUN_0020d918,0x0020D918,0x0020D948,48
FUN_0020d948,0x0020D948,0x0020DBF0,680
FUN_0020dbf0,0x0020DBF0,0x0020DD18,296
FUN_0020dd18,0x0020DD18,0x0020DF00,488
FUN_0020df00,0x0020DF00,0x0020E1A0,672
FUN_0020e1a0,0x0020E1A0,0x0020E1D0,48
FUN_0020e1d0,0x0020E1D0,0x0020E2D4,260
FUN_0020e2d4,0x0020E2D4,0x0020E430,348
FUN_0020e430,0x0020E430,0x0020E450,32
FUN_0020e450,0x0020E450,0x0020E480,48
FUN_0020e480,0x0020E480,0x0020E5A8,296
FUN_0020e5a8,0x0020E5A8,0x0020E704,348
FUN_0020e704,0x0020E704,0x0020E728,36
FUN_0020e728,0x0020E728,0x0020E800,216
FUN_0020e800,0x0020E800,0x0020E808,8
FUN_0020e808,0x0020E808,0x0020E8E0,216
FUN_0020e8e0,0x0020E8E0,0x0020E8FC,28
FUN_0020e8fc,0x0020E8FC,0x0020E92C,48
FUN_0020e92c,0x0020E92C,0x0020EC50,804
FUN_0020ec50,0x0020EC50,0x0020ED70,288
FUN_0020ed70,0x0020ED70,0x0020EF40,464
FUN_0020ef40,0x0020EF40,0x0020EF78,56
FUN_0020ef78,0x0020EF78,0x0020EF98,32
FUN_0020ef98,0x0020EF98,0x0020F014,124
FUN_0020f014,0x0020F014,0x0020F27C,616
FUN_0020f27c,0x0020F27C,0x0020F298,28
FUN_0020f298,0x0020F298,0x0020F2B8,32
FUN_0020f2b8,0x0020F2B8,0x0020F2DC,36
FUN_0020f2dc,0x0020F2DC,0x0020F304,40
FUN_0020f304,0x0020F304,0x0020F328,36
FUN_0020f328,0x0020F328,0x0020F334,12
FUN_0020f334,0x0020F334,0x0020F350,28
FUN_0020f350,0x0020F350,0x0020F378,40
FUN_0020f378,0x0020F378,0x0020F388,16
FUN_0020f388,0x0020F388,0x0020F3D0,72
FUN_0020f3d0,0x0020F3D0,0x0020F40C,60
FUN_0020f40c,0x0020F40C,0x0020F518,268
FUN_0020f518,0x0020F518,0x0020F544,44
FUN_0020f544,0x0020F544,0x0020F578,52
FUN_0020f578,0x0020F578,0x0020F704,396
FUN_0020f704,0x0020F704,0x0020F70C,8
FUN_0020f70c,0x0020F70C,0x0020F730,36
FUN_0020f730,0x0020F730,0x0020F738,8
FUN_0020f738,0x0020F738,0x0020F740,8
FUN_0020f740,0x0020F740,0x0020F7B8,120
FUN_0020f7b8,0x0020F7B8,0x0020F838,128
FUN_0020f838,0x0020F838,0x0020F844,12
FUN_0020f844,0x0020F844,0x0020F974,304
FUN_0020f974,0x0020F974,0x00210068,1780
FUN_00210068,0x00210068,0x0021018C,292
FUN_0021018c,0x0021018C,0x00210294,264
FUN_00210294,0x00210294,0x00210630,924
FUN_00210630,0x00210630,0x002106BC,140
FUN_002106bc,0x002106BC,0x002106FC,64
FUN_002106fc,0x002106FC,0x00210F40,2116
FUN_00210f40,0x00210F40,0x00211260,800
FUN_00211260,0x00211260,0x0021130C,172
FUN_0021130c,0x0021130C,0x00211390,132
FUN_00211390,0x00211390,0x00211894,1284
FUN_00211894,0x00211894,0x00211950,188
FUN_00211950,0x00211950,0x00211B50,512
FUN_00211b50,0x00211B50,0x00211D74,548
FUN_00211d74,0x00211D74,0x002120D0,860
FUN_002120d0,0x002120D0,0x0021223C,364
FUN_0021223c,0x0021223C,0x0021241C,480
FUN_0021241c,0x0021241C,0x0021244C,48
FUN_0021244c,0x0021244C,0x002126A4,600
FUN_002126a4,0x002126A4,0x002126F0,76
FUN_002126f0,0x002126F0,0x00212710,32
FUN_00212710,0x00212710,0x00212730,32
FUN_00212730,0x00212730,0x00212760,48
FUN_00212760,0x00212760,0x00212780,32
FUN_00212780,0x00212780,0x00212A38,696
FUN_00212a38,0x00212A38,0x00212B54,284
FUN_00212b54,0x00212B54,0x00212C5C,264
FUN_00212c5c,0x00212C5C,0x00212FFC,928
FUN_00212ffc,0x00212FFC,0x00213710,1812
FUN_00213710,0x00213710,0x00213F50,2112
FUN_00213f50,0x00213F50,0x0021409C,332
FUN_0021409c,0x0021409C,0x00214C08,2924
FUN_00214c08,0x00214C08,0x00214CF4,236
FUN_00214cf4,0x00214CF4,0x00214D14,32
FUN_00214d14,0x00214D14,0x00214DA4,144
FUN_00214da4,0x00214DA4,0x00214EE0,316
FUN_00214ee0,0x00214EE0,0x002151C4,740
FUN_002151c4,0x002151C4,0x00215238,116
FUN_00215238,0x00215238,0x00215274,60
FUN_00215274,0x00215274,0x002154A4,560
FUN_002154a4,0x002154A4,0x00215568,196
FUN_00215568,0x00215568,0x00215618,176
FUN_00215618,0x00215618,0x0021571C,260
FUN_0021571c,0x0021571C,0x00215788,108
FUN_00215788,0x00215788,0x002157E4,92
FUN_002157e4,0x002157E4,0x002157F0,12
FUN_002157f0,0x002157F0,0x00215954,356
FUN_00215954,0x00215954,0x00215978,36
FUN_00215978,0x00215978,0x00215B94,540
FUN_00215b94,0x00215B94,0x0021602C,1176
FUN_0021602c,0x0021602C,0x00216090,100
FUN_00216090,0x00216090,0x00216110,128
FUN_00216110,0x00216110,0x0021628C,380
FUN_0021628c,0x0021628C,0x002165C8,828
FUN_002165c8,0x002165C8,0x002167C4,508
FUN_002167c4,0x002167C4,0x00216860,156
FUN_00216860,0x00216860,0x00216910,176
FUN_00216910,0x00216910,0x00216950,64
FUN_00216950,0x00216950,0x002169AC,92
FUN_002169ac,0x002169AC,0x002169B4,8
FUN_002169b4,0x002169B4,0x00216A84,208
FUN_00216a84,0x00216A84,0x00216B4C,200
FUN_00216b4c,0x00216B4C,0x00217034,1256
FUN_00217034,0x00217034,0x00217188,340
FUN_00217188,0x00217188,0x002171D4,76
FUN_002171d4,0x002171D4,0x00217220,76
FUN_00217220,0x00217220,0x00217490,624
FUN_00217490,0x00217490,0x002174A0,16
FUN_002174a0,0x002174A0,0x002174F8,88
FUN_002174f8,0x002174F8,0x00217AB4,1468
FUN_00217ab4,0x00217AB4,0x00217B18,100
FUN_00217b18,0x00217B18,0x00217B28,16
FUN_00217b28,0x00217B28,0x00217B64,60
FUN_00217b64,0x00217B64,0x00217CDC,376
FUN_00217cdc,0x00217CDC,0x00217D14,56
FUN_00217d14,0x00217D14,0x00217D4C,56
FUN_00217d4c,0x00217D4C,0x00217DC4,120
FUN_00217dc4,0x00217DC4,0x00217DCC,8
FUN_00217dcc,0x00217DCC,0x00217F44,376
FUN_00217f44,0x00217F44,0x00217FFC,184
FUN_00217ffc,0x00217FFC,0x00218024,40
FUN_00218024,0x00218024,0x002182C4,672
FUN_002182c4,0x002182C4,0x002183E4,288
FUN_002183e4,0x002183E4,0x00218F18,2868
FUN_00218f18,0x00218F18,0x00218FCC,180
FUN_00218fcc,0x00218FCC,0x00219064,152
FUN_00219064,0x00219064,0x002190A8,68
FUN_002190a8,0x002190A8,0x002190E0,56
FUN_002190e0,0x002190E0,0x00219120,64
FUN_00219120,0x00219120,0x00219168,72
FUN_00219168,0x00219168,0x00219184,28
FUN_00219184,0x00219184,0x0021918C,8
FUN_0021918c,0x0021918C,0x002191E0,84
FUN_002191e0,0x002191E0,0x00219274,148
FUN_00219274,0x00219274,0x002192E0,108
FUN_002192e0,0x002192E0,0x00219338,88
FUN_00219338,0x00219338,0x002193B0,120
FUN_002193b0,0x002193B0,0x002193DC,44
FUN_002193dc,0x002193DC,0x00219990,1460
FUN_00219990,0x00219990,0x002199A8,24
FUN_002199a8,0x002199A8,0x00219F60,1464
FUN_00219f60,0x00219F60,0x00219FA8,72
FUN_00219fa8,0x00219FA8,0x00219FF4,76
FUN_00219ff4,0x00219FF4,0x0021A038,68
FUN_0021a038,0x0021A038,0x0021A0C4,140
FUN_0021a0c4,0x0021A0C4,0x0021A0F0,44
FUN_0021a0f0,0x0021A0F0,0x0021A63C,1356
FUN_0021a63c,0x0021A63C,0x0021AD2C,1776
FUN_0021ad2c,0x0021AD2C,0x0021AD44,24
FUN_0021ad44,0x0021AD44,0x0021B688,2372
FUN_0021b688,0x0021B688,0x0021B6E0,88
FUN_0021b6e0,0x0021B6E0,0x0021B7DC,252
FUN_0021b7dc,0x0021B7DC,0x0021B9B4,472
FUN_0021b9b4,0x0021B9B4,0x0021C25C,2216
FUN_0021c25c,0x0021C25C,0x0021C280,36
FUN_0021c280,0x0021C280,0x0021C92C,1708
FUN_0021c92c,0x0021C92C,0x0021C99C,112
FUN_0021c99c,0x0021C99C,0x0021CBD8,572
FUN_0021cbd8,0x0021CBD8,0x0021CC3C,100
FUN_0021cc3c,0x0021CC3C,0x0021CD1C,224
FUN_0021cd1c,0x0021CD1C,0x0021CD8C,112
FUN_0021cd8c,0x0021CD8C,0x0021CE34,168
FUN_0021ce34,0x0021CE34,0x0021D4E8,1716
FUN_0021d4e8,0x0021D4E8,0x0021D520,56
FUN_0021d520,0x0021D520,0x0021D580,96
FUN_0021d580,0x0021D580,0x0021D5A0,32
FUN_0021d5a0,0x0021D5A0,0x0021D600,96
FUN_0021d600,0x0021D600,0x0021D668,104
FUN_0021d668,0x0021D668,0x0021DB14,1196
FUN_0021db14,0x0021DB14,0x0021DBC0,172
FUN_0021dbc0,0x0021DBC0,0x0021DBEC,44
FUN_0021dbec,0x0021DBEC,0x0021DC34,72
FUN_0021dc34,0x0021DC34,0x0021DCC8,148
FUN_0021dcc8,0x0021DCC8,0x0021DFA4,732
FUN_0021dfa4,0x0021DFA4,0x0021DFC4,32
FUN_0021dfc4,0x0021DFC4,0x0021E028,100
FUN_0021e028,0x0021E028,0x0021E078,80
FUN_0021e078,0x0021E078,0x0021E098,32
FUN_0021e098,0x0021E098,0x0021E0E4,76
FUN_0021e0e4,0x0021E0E4,0x0021E320,572
FUN_0021e320,0x0021E320,0x0021E360,64
FUN_0021e360,0x0021E360,0x0021E3C0,96
FUN_0021e3c0,0x0021E3C0,0x0021E44C,140
FUN_0021e44c,0x0021E44C,0x0021E45C,16
FUN_0021e45c,0x0021E45C,0x0021E564,264
FUN_0021e564,0x0021E564,0x0021E784,544
FUN_0021e784,0x0021E784,0x0021E888,260
FUN_0021e888,0x0021E888,0x0021E914,140
FUN_0021e914,0x0021E914,0x0021E9B4,160
FUN_0021e9b4,0x0021E9B4,0x0021EA10,92
FUN_0021ea10,0x0021EA10,0x0021EC14,516
FUN_0021ec14,0x0021EC14,0x0021ED5C,328
FUN_0021ed5c,0x0021ED5C,0x0021EDC8,108
FUN_0021edc8,0x0021EDC8,0x0021F074,684
FUN_0021f074,0x0021F074,0x0021F0D0,92
FUN_0021f0d0,0x0021F0D0,0x0021F1B0,224
FUN_0021f1b0,0x0021F1B0,0x0021F20C,92
FUN_0021f20c,0x0021F20C,0x0021F2A4,152
FUN_0021f2a4,0x0021F2A4,0x0021F2D8,52
FUN_0021f2d8,0x0021F2D8,0x0021F31C,68
FUN_0021f31c,0x0021F31C,0x0021F378,92
FUN_0021f378,0x0021F378,0x0021F458,224
FUN_0021f458,0x0021F458,0x0021F6FC,676
FUN_0021f6fc,0x0021F6FC,0x0021F894,408
FUN_0021f894,0x0021F894,0x0021FA6C,472
FUN_0021fa6c,0x0021FA6C,0x0021FB04,152
FUN_0021fb04,0x0021FB04,0x0021FBC0,188
FUN_0021fbc0,0x0021FBC0,0x00220080,1216
FUN_00220080,0x00220080,0x0022075C,1756
FUN_0022075c,0x0022075C,0x0022080C,176
FUN_0022080c,0x0022080C,0x00220860,84
FUN_00220860,0x00220860,0x002208F4,148
FUN_002208f4,0x002208F4,0x0022095C,104
FUN_0022095c,0x0022095C,0x002209FC,160
FUN_002209fc,0x002209FC,0x00220B08,268
FUN_00220b08,0x00220B08,0x00220B50,72
FUN_00220b50,0x00220B50,0x00221308,1976
FUN_00221308,0x00221308,0x00221384,124
FUN_00221384,0x00221384,0x00221410,140
FUN_00221410,0x00221410,0x00221438,40
FUN_00221438,0x00221438,0x002214AC,116
FUN_002214ac,0x002214AC,0x00221E40,2452
FUN_00221e40,0x00221E40,0x00221F68,296
FUN_00221f68,0x00221F68,0x00223A2C,6852
FUN_00223a2c,0x00223A2C,0x00223A9C,112
FUN_00223a9c,0x00223A9C,0x00223B28,140
FUN_00223b28,0x00223B28,0x00223E98,880
FUN_00223e98,0x00223E98,0x00224490,1528
FUN_00224490,0x00224490,0x00224818,904
FUN_00224818,0x00224818,0x0022488C,116
FUN_0022488c,0x0022488C,0x00224914,136
FUN_00224914,0x00224914,0x00224934,32
FUN_00224934,0x00224934,0x00224954,32
FUN_00224954,0x00224954,0x00224EE0,1420
FUN_00224ee0,0x00224EE0,0x00224EFC,28
FUN_00224efc,0x00224EFC,0x00224F70,116
FUN_00224f70,0x00224F70,0x00224FE4,116
FUN_00224fe4,0x00224FE4,0x00225058,116
FUN_00225058,0x00225058,0x00225150,248
FUN_00225150,0x00225150,0x00225180,48
FUN_00225180,0x00225180,0x0022519C,28
FUN_0022519c,0x0022519C,0x002251E4,72
FUN_002251e4,0x002251E4,0x00225560,892
FUN_00225560,0x00225560,0x002270C4,7012
FUN_002270c4,0x002270C4,0x00227504,1088
FUN_00227504,0x00227504,0x00227818,788
FUN_00227818,0x00227818,0x00227B58,832
FUN_00227b58,0x00227B58,0x00228664,2828
FUN_00228664,0x00228664,0x0022897C,792
FUN_0022897c,0x0022897C,0x00228CC4,840
FUN_00228cc4,0x00228CC4,0x002297D0,2828
FUN_002297d0,0x002297D0,0x00229A6C,668
FUN_00229a6c,0x00229A6C,0x00229B08,156
FUN_00229b08,0x00229B08,0x00229B7C,116
FUN_00229b7c,0x00229B7C,0x00229C0C,144
FUN_00229c0c,0x00229C0C,0x00229C24,24
FUN_00229c24,0x00229C24,0x00229C30,12
FUN_00229c30,0x00229C30,0x00229C44,20
FUN_00229c44,0x00229C44,0x00229CA4,96
FUN_00229ca4,0x00229CA4,0x00229D50,172
FUN_00229d50,0x00229D50,0x00229F24,468
FUN_00229f24,0x00229F24,0x0022A1CC,680
FUN_0022a1cc,0x0022A1CC,0x0022A234,104
FUN_0022a234,0x0022A234,0x0022A24C,24
FUN_0022a24c,0x0022A24C,0x0022A2B4,104
FUN_0022a2b4,0x0022A2B4,0x0022A318,100
FUN_0022a318,0x0022A318,0x0022A388,112
FUN_0022a388,0x0022A388,0x0022A720,920
FUN_0022a720,0x0022A720,0x0022A74C,44
FUN_0022a74c,0x0022A74C,0x0022A7BC,112
FUN_0022a7bc,0x0022A7BC,0x0022A808,76
FUN_0022a808,0x0022A808,0x0022A84C,68
FUN_0022a84c,0x0022A84C,0x0022A970,292
FUN_0022a970,0x0022A970,0x0022A988,24
FUN_0022a988,0x0022A988,0x0022A9B8,48
FUN_0022a9b8,0x0022A9B8,0x0022AA08,80
FUN_0022aa08,0x0022AA08,0x0022AAE8,224
FUN_0022aae8,0x0022AAE8,0x0022AB74,140
FUN_0022ab74,0x0022AB74,0x0022ABC4,80
FUN_0022abc4,0x0022ABC4,0x0022AC50,140
FUN_0022ac50,0x0022AC50,0x0022AC6C,28
FUN_0022ac6c,0x0022AC6C,0x0022AD04,152
FUN_0022ad04,0x0022AD04,0x0022ADB0,172
FUN_0022adb0,0x0022ADB0,0x0022ADE4,52
FUN_0022ade4,0x0022ADE4,0x0022AE80,156
FUN_0022ae80,0x0022AE80,0x0022AEA0,32
FUN_0022aea0,0x0022AEA0,0x0022AF6C,204
FUN_0022af6c,0x0022AF6C,0x0022B02C,192
FUN_0022b02c,0x0022B02C,0x0022B3D0,932
FUN_0022b3d0,0x0022B3D0,0x0022B4F8,296
FUN_0022b4f8,0x0022B4F8,0x0022B5A4,172
FUN_0022b5a4,0x0022B5A4,0x0022B6F0,332
FUN_0022b6f0,0x0022B6F0,0x0022B73C,76
FUN_0022b73c,0x0022B73C,0x0022B778,60
FUN_0022b778,0x0022B778,0x0022B7C0,72
FUN_0022b7c0,0x0022B7C0,0x0022B7CC,12
FUN_0022b7cc,0x0022B7CC,0x0022B818,76
FUN_0022b818,0x0022B818,0x0022B838,32
FUN_0022b838,0x0022B838,0x0022B864,44
FUN_0022b864,0x0022B864,0x0022B8A0,60
FUN_0022b8a0,0x0022B8A0,0x0022B910,112
FUN_0022b910,0x0022B910,0x0022B94C,60
FUN_0022b94c,0x0022B94C,0x0022BA50,260
FUN_0022ba50,0x0022BA50,0x0022BACC,124
FUN_0022bacc,0x0022BACC,0x0022BC3C,368
FUN_0022bc3c,0x0022BC3C,0x0022BC7C,64
FUN_0022bc7c,0x0022BC7C,0x0022BCB4,56
FUN_0022bcb4,0x0022BCB4,0x0022BD08,84
FUN_0022bd08,0x0022BD08,0x0022BD2C,36
FUN_0022bd2c,0x0022BD2C,0x0022BD50,36
FUN_0022bd50,0x0022BD50,0x0022BE5C,268
FUN_0022be5c,0x0022BE5C,0x0022BE7C,32
FUN_0022be7c,0x0022BE7C,0x0022BF10,148
FUN_0022bf10,0x0022BF10,0x0022BFE4,212
FUN_0022bfe4,0x0022BFE4,0x0022C0A0,188
FUN_0022c0a0,0x0022C0A0,0x0022C2FC,604
FUN_0022c2fc,0x0022C2FC,0x0022C464,360
FUN_0022c464,0x0022C464,0x0022C848,996
FUN_0022c848,0x0022C848,0x0022CCA4,1116
FUN_0022cca4,0x0022CCA4,0x0022CD4C,168
FUN_0022cd4c,0x0022CD4C,0x0022CE98,332
FUN_0022ce98,0x0022CE98,0x0022D124,652
FUN_0022d124,0x0022D124,0x0022D278,340
FUN_0022d278,0x0022D278,0x0022D40C,404
FUN_0022d40c,0x0022D40C,0x0022D4B8,172
FUN_0022d4b8,0x0022D4B8,0x0022D500,72
FUN_0022d500,0x0022D500,0x0022D5E0,224
FUN_0022d5e0,0x0022D5E0,0x0022D644,100
FUN_0022d644,0x0022D644,0x0022D7F0,428
FUN_0022d7f0,0x0022D7F0,0x0022D9C0,464
FUN_0022d9c0,0x0022D9C0,0x0022D9F4,52
FUN_0022d9f4,0x0022D9F4,0x0022D9FC,8
FUN_0022d9fc,0x0022D9FC,0x0022DA28,44
FUN_0022da28,0x0022DA28,0x0022DA40,24
FUN_0022da40,0x0022DA40,0x0022DAA8,104
FUN_0022daa8,0x0022DAA8,0x0022DAF8,80
FUN_0022daf8,0x0022DAF8,0x0022DB6C,116
FUN_0022db6c,0x0022DB6C,0x0022DBC4,88
FUN_0022dbc4,0x0022DBC4,0x0022DC88,196
FUN_0022dc88,0x0022DC88,0x0022DC94,12
FUN_0022dc94,0x0022DC94,0x0022DDAC,280
FUN_0022ddac,0x0022DDAC,0x0022DDD0,36
FUN_0022ddd0,0x0022DDD0,0x0022DDD8,8
FUN_0022ddd8,0x0022DDD8,0x0022DFC4,492
FUN_0022dfc4,0x0022DFC4,0x0022E238,628
FUN_0022e238,0x0022E238,0x0022E448,528
FUN_0022e448,0x0022E448,0x0022E528,224
FUN_0022e528,0x0022E528,0x0022E578,80
FUN_0022e578,0x0022E578,0x0022E714,412
FUN_0022e714,0x0022E714,0x0022E8F4,480
FUN_0022e8f4,0x0022E8F4,0x0022EBB8,708
FUN_0022ebb8,0x0022EBB8,0x0022F46C,2228
FUN_0022f46c,0x0022F46C,0x0022F684,536
FUN_0022f684,0x0022F684,0x0022FA54,976
FUN_0022fa54,0x0022FA54,0x0022FA70,28
FUN_0022fa70,0x0022FA70,0x0022FBEC,380
FUN_0022fbec,0x0022FBEC,0x0022FE40,596
FUN_0022fe40,0x0022FE40,0x00230328,1256
FUN_00230328,0x00230328,0x002307F4,1228
FUN_002307f4,0x002307F4,0x002308F0,252
FUN_002308f0,0x002308F0,0x00230D64,1140
FUN_00230d64,0x00230D64,0x00230DAC,72
FUN_00230dac,0x00230DAC,0x00230E80,212
FUN_00230e80,0x00230E80,0x00230EF0,112
FUN_00230ef0,0x00230EF0,0x00230EF8,8
FUN_00230ef8,0x00230EF8,0x00231068,368
FUN_00231068,0x00231068,0x00231564,1276
FUN_00231564,0x00231564,0x0023170C,424
FUN_0023170c,0x0023170C,0x00231940,564
FUN_00231940,0x00231940,0x00231B74,564
FUN_00231b74,0x00231B74,0x00231DAC,568
FUN_00231dac,0x00231DAC,0x00231EF8,332
FUN_00231ef8,0x00231EF8,0x00232078,384
FUN_00232078,0x00232078,0x00232218,416
FUN_00232218,0x00232218,0x002323E0,456
FUN_002323e0,0x002323E0,0x00232608,552
FUN_00232608,0x00232608,0x002328A4,668
FUN_002328a4,0x002328A4,0x00232C40,924
FUN_00232c40,0x00232C40,0x00232D04,196
FUN_00232d04,0x00232D04,0x00232DF4,240
FUN_00232df4,0x00232DF4,0x00233178,900
FUN_00233178,0x00233178,0x0023323C,196
FUN_0023323c,0x0023323C,0x002332B0,116
FUN_002332b0,0x002332B0,0x00233330,128
FUN_00233330,0x00233330,0x00233348,24
FUN_00233348,0x00233348,0x00233424,220
FUN_00233424,0x00233424,0x0023383C,1048
FUN_0023383c,0x0023383C,0x00233B34,760
FUN_00233b34,0x00233B34,0x00233D2C,504
FUN_00233d2c,0x00233D2C,0x00233DB4,136
FUN_00233db4,0x00233DB4,0x00233DE4,48
FUN_00233de4,0x00233DE4,0x00233E08,36
FUN_00233e08,0x00233E08,0x00233E2C,36
FUN_00233e2c,0x00233E2C,0x00233E5C,48
FUN_00233e5c,0x00233E5C,0x00233FA0,324
FUN_00233fa0,0x00233FA0,0x00234010,112
FUN_00234010,0x00234010,0x00234170,352
FUN_00234170,0x00234170,0x002343F8,648
FUN_002343f8,0x002343F8,0x00234440,72
FUN_00234440,0x00234440,0x00234594,340
FUN_00234594,0x00234594,0x00234618,132
FUN_00234618,0x00234618,0x00234688,112
FUN_00234688,0x00234688,0x0023477C,244
FUN_0023477c,0x0023477C,0x002347D0,84
FUN_002347d0,0x002347D0,0x00234864,148
FUN_00234864,0x00234864,0x002349AC,328
FUN_002349ac,0x002349AC,0x00234B04,344
FUN_00234b04,0x00234B04,0x00234BAC,168
FUN_00234bac,0x00234BAC,0x00234C3C,144
FUN_00234c3c,0x00234C3C,0x00234D94,344
FUN_00234d94,0x00234D94,0x00235048,692
FUN_00235048,0x00235048,0x00235278,560
FUN_00235278,0x00235278,0x002354DC,612
FUN_002354dc,0x002354DC,0x00235734,600
FUN_00235734,0x00235734,0x002357A4,112
FUN_002357a4,0x002357A4,0x00235A74,720
FUN_00235a74,0x00235A74,0x00235B30,188
FUN_00235b30,0x00235B30,0x00235BA4,116
FUN_00235ba4,0x00235BA4,0x00235C2C,136
FUN_00235c2c,0x00235C2C,0x00235C40,20
FUN_00235c40,0x00235C40,0x00235C54,20
FUN_00235c54,0x00235C54,0x00235C6C,24
FUN_00235c6c,0x00235C6C,0x00235D28,188
FUN_00235d28,0x00235D28,0x00235EBC,404
FUN_00235ebc,0x00235EBC,0x00236014,344
FUN_00236014,0x00236014,0x00236084,112
FUN_00236084,0x00236084,0x002360BC,56
FUN_002360bc,0x002360BC,0x002362D4,536
FUN_002362d4,0x002362D4,0x00236544,624
FUN_00236544,0x00236544,0x00236850,780
FUN_00236850,0x00236850,0x00236958,264
FUN_00236958,0x00236958,0x002369C4,108
FUN_002369c4,0x002369C4,0x002369F0,44
FUN_002369f0,0x002369F0,0x00236A80,144
FUN_00236a80,0x00236A80,0x00236AE4,100
FUN_00236ae4,0x00236AE4,0x00236B58,116
FUN_00236b58,0x00236B58,0x00236C74,284
FUN_00236c74,0x00236C74,0x00236D4C,216
FUN_00236d4c,0x00236D4C,0x00236E2C,224
FUN_00236e2c,0x00236E2C,0x00236ED8,172
FUN_00236ed8,0x00236ED8,0x00237284,940
FUN_00237284,0x00237284,0x00237304,128
FUN_00237304,0x00237304,0x0023754C,584
FUN_0023754c,0x0023754C,0x002376C4,376
FUN_002376c4,0x002376C4,0x00237734,112
FUN_00237734,0x00237734,0x0023777C,72
FUN_0023777c,0x0023777C,0x00237914,408
FUN_00237914,0x00237914,0x00237994,128
FUN_00237994,0x00237994,0x00237BAC,536
FUN_00237bac,0x00237BAC,0x00237CA4,248
FUN_00237ca4,0x00237CA4,0x00237DD0,300
FUN_00237dd0,0x00237DD0,0x00237E9C,204
FUN_00237e9c,0x00237E9C,0x002381F8,860
FUN_002381f8,0x002381F8,0x002383A8,432
FUN_002383a8,0x002383A8,0x00238518,368
FUN_00238518,0x00238518,0x002386D0,440
FUN_002386d0,0x002386D0,0x002388F4,548
FUN_002388f4,0x002388F4,0x00238B34,576
FUN_00238b34,0x00238B34,0x00238D5C,552
FUN_00238d5c,0x00238D5C,0x00238E78,284
FUN_00238e78,0x00238E78,0x00238F80,264
FUN_00238f80,0x00238F80,0x002390DC,348
FUN_002390dc,0x002390DC,0x002390F8,28
FUN_002390f8,0x002390F8,0x002392D4,476
FUN_002392d4,0x002392D4,0x002393A4,208
FUN_002393a4,0x002393A4,0x002393E0,60
FUN_002393e0,0x002393E0,0x00239654,628
FUN_00239654,0x00239654,0x00239920,716
FUN_00239920,0x00239920,0x00239928,8
FUN_00239928,0x00239928,0x00239930,8
FUN_00239930,0x00239930,0x00239938,8
FUN_00239938,0x00239938,0x002399BC,132
FUN_002399bc,0x002399BC,0x00239A14,88
FUN_00239a14,0x00239A14,0x00239A6C,88
FUN_00239a6c,0x00239A6C,0x00239AC4,88
FUN_00239ac4,0x00239AC4,0x00239B1C,88
FUN_00239b1c,0x00239B1C,0x00239B24,8
FUN_00239b24,0x00239B24,0x00239B2C,8
FUN_00239b2c,0x00239B2C,0x00239B84,88
FUN_00239b84,0x00239B84,0x00239C44,192
FUN_00239c44,0x00239C44,0x00239D04,192
FUN_00239d04,0x00239D04,0x00239D70,108
FUN_00239d70,0x00239D70,0x00239E00,144
FUN_00239e00,0x00239E00,0x0023A154,852
FUN_0023a154,0x0023A154,0x0023A518,964
FUN_0023a518,0x0023A518,0x0023A558,64
FUN_0023a558,0x0023A558,0x0023A594,60
FUN_0023a594,0x0023A594,0x0023A5A0,12
FUN_0023a5a0,0x0023A5A0,0x0023A5D4,52
FUN_0023a5d4,0x0023A5D4,0x0023A70C,312
FUN_0023a70c,0x0023A70C,0x0023A768,92
FUN_0023a768,0x0023A768,0x0023A7AC,68
FUN_0023a7ac,0x0023A7AC,0x0023A984,472
FUN_0023a984,0x0023A984,0x0023AA1C,152
FUN_0023aa1c,0x0023AA1C,0x0023AA80,100
FUN_0023aa80,0x0023AA80,0x0023AAB4,52
FUN_0023aab4,0x0023AAB4,0x0023AAD4,32
FUN_0023aad4,0x0023AAD4,0x0023AB00,44
FUN_0023ab00,0x0023AB00,0x0023AB20,32
FUN_0023ab20,0x0023AB20,0x0023AB28,8
FUN_0023ab28,0x0023AB28,0x0023AB54,44
FUN_0023ab54,0x0023AB54,0x0023AB5C,8
FUN_0023ab5c,0x0023AB5C,0x0023ACD4,376
FUN_0023acd4,0x0023ACD4,0x0023ACDC,8
FUN_0023acdc,0x0023ACDC,0x0023ACE4,8
FUN_0023ace4,0x0023ACE4,0x0023ACEC,8
FUN_0023acec,0x0023ACEC,0x0023AD0C,32
FUN_0023ad0c,0x0023AD0C,0x0023AD2C,32
FUN_0023ad2c,0x0023AD2C,0x0023AD94,104
FUN_0023ad94,0x0023AD94,0x0023AE38,164
FUN_0023ae38,0x0023AE38,0x0023B138,768
FUN_0023b138,0x0023B138,0x0023B724,1516
FUN_0023b724,0x0023B724,0x0023B8B4,400
FUN_0023b8b4,0x0023B8B4,0x0023B974,192
FUN_0023b974,0x0023B974,0x0023B9A8,52
FUN_0023b9a8,0x0023B9A8,0x0023B9D8,48
FUN_0023b9d8,0x0023B9D8,0x0023B9E0,8
FUN_0023b9e0,0x0023B9E0,0x0023BA00,32
FUN_0023ba00,0x0023BA00,0x0023BA28,40
FUN_0023ba28,0x0023BA28,0x0023BA5C,52
FUN_0023ba5c,0x0023BA5C,0x0023BA68,12
FUN_0023ba68,0x0023BA68,0x0023BC28,448
FUN_0023bc28,0x0023BC28,0x0023BC58,48
FUN_0023bc58,0x0023BC58,0x0023BCE8,144
FUN_0023bce8,0x0023BCE8,0x0023BD74,140
FUN_0023bd74,0x0023BD74,0x0023BE0C,152
FUN_0023be0c,0x0023BE0C,0x0023BEC0,180
FUN_0023bec0,0x0023BEC0,0x0023C008,328
FUN_0023c008,0x0023C008,0x0023C060,88
FUN_0023c060,0x0023C060,0x0023C0DC,124
FUN_0023c0dc,0x0023C0DC,0x0023C12C,80
FUN_0023c12c,0x0023C12C,0x0023C148,28
FUN_0023c148,0x0023C148,0x0023C198,80
FUN_0023c198,0x0023C198,0x0023C1B4,28
FUN_0023c1b4,0x0023C1B4,0x0023C1E8,52
FUN_0023c1e8,0x0023C1E8,0x0023C258,112
FUN_0023c258,0x0023C258,0x0023C2A0,72
FUN_0023c2a0,0x0023C2A0,0x0023CBCC,2348
FUN_0023cbcc,0x0023CBCC,0x0023CC48,124
FUN_0023cc48,0x0023CC48,0x0023CC9C,84
FUN_0023cc9c,0x0023CC9C,0x0023CD50,180
FUN_0023cd50,0x0023CD50,0x0023CF14,452
FUN_0023cf14,0x0023CF14,0x0023CF60,76
FUN_0023cf60,0x0023CF60,0x0023D208,680
FUN_0023d208,0x0023D208,0x0023D2E4,220
FUN_0023d2e4,0x0023D2E4,0x0023D31C,56
FUN_0023d31c,0x0023D31C,0x0023D81C,1280
FUN_0023d81c,0x0023D81C,0x0023DAEC,720
FUN_0023daec,0x0023DAEC,0x0023DC2C,320
FUN_0023dc2c,0x0023DC2C,0x0023DC4C,32
FUN_0023dc4c,0x0023DC4C,0x0023DE8C,576
FUN_0023de8c,0x0023DE8C,0x0023DF90,260
FUN_0023df90,0x0023DF90,0x0023E1FC,620
FUN_0023e1fc,0x0023E1FC,0x0023E310,276
FUN_0023e310,0x0023E310,0x0023E4C4,436
FUN_0023e4c4,0x0023E4C4,0x0023E6E8,548
FUN_0023e6e8,0x0023E6E8,0x0023E984,668
FUN_0023e984,0x0023E984,0x0023EE48,1220
FUN_0023ee48,0x0023EE48,0x0023F0E8,672
FUN_0023f0e8,0x0023F0E8,0x0023F518,1072
FUN_0023f518,0x0023F518,0x0023F84C,820
FUN_0023f84c,0x0023F84C,0x0023FD4C,1280
FUN_0023fd4c,0x0023FD4C,0x0024011C,976
FUN_0024011c,0x0024011C,0x00240454,824
FUN_00240454,0x00240454,0x002408AC,1112
FUN_002408ac,0x002408AC,0x002408DC,48
FUN_002408dc,0x002408DC,0x0024158C,3248
FUN_0024158c,0x0024158C,0x0024179C,528
FUN_0024179c,0x0024179C,0x00241B30,916
FUN_00241b30,0x00241B30,0x00241FE0,1200
FUN_00241fe0,0x00241FE0,0x0024202C,76
FUN_0024202c,0x0024202C,0x00242250,548
FUN_00242250,0x00242250,0x0024232C,220
FUN_0024232c,0x0024232C,0x00242390,100
FUN_00242390,0x00242390,0x00242890,1280
FUN_00242890,0x00242890,0x00242B60,720
FUN_00242b60,0x00242B60,0x00242C40,224
FUN_00242c40,0x00242C40,0x00242C68,40
FUN_00242c68,0x00242C68,0x00242FB4,844
FUN_00242fb4,0x00242FB4,0x00243090,220
FUN_00243090,0x00243090,0x002430E4,84
FUN_002430e4,0x002430E4,0x002433BC,728
FUN_002433bc,0x002433BC,0x002438BC,1280
FUN_002438bc,0x002438BC,0x00243B88,716
FUN_00243b88,0x00243B88,0x00243BC0,56
FUN_00243bc0,0x00243BC0,0x00244774,2996
FUN_00244774,0x00244774,0x002449B8,580
FUN_002449b8,0x002449B8,0x002449D8,32
FUN_002449d8,0x002449D8,0x00244A98,192
FUN_00244a98,0x00244A98,0x00244AB8,32
FUN_00244ab8,0x00244AB8,0x00244EA0,1000
FUN_00244ea0,0x00244EA0,0x002452A0,1024
FUN_002452a0,0x002452A0,0x002452B8,24
FUN_002452b8,0x002452B8,0x0024531C,100
FUN_0024531c,0x0024531C,0x00245330,20
FUN_00245330,0x00245330,0x002454E4,436
FUN_002454e4,0x002454E4,0x00245514,48
FUN_00245514,0x00245514,0x002464CC,4024
FUN_002464cc,0x002464CC,0x00246870,932
FUN_00246870,0x00246870,0x00246948,216
FUN_00246948,0x00246948,0x00246A0C,196
FUN_00246a0c,0x00246A0C,0x00246A68,92
FUN_00246a68,0x00246A68,0x00246B28,192
FUN_00246b28,0x00246B28,0x00246BE0,184
FUN_00246be0,0x00246BE0,0x00246C1C,60
FUN_00246c1c,0x00246C1C,0x00246C4C,48
FUN_00246c4c,0x00246C4C,0x00246CB0,100
FUN_00246cb0,0x00246CB0,0x00246D48,152
FUN_00246d48,0x00246D48,0x00246E44,252
FUN_00246e44,0x00246E44,0x00246EDC,152
FUN_00246edc,0x00246EDC,0x00246F40,100
FUN_00246f40,0x00246F40,0x002473EC,1196
FUN_002473ec,0x002473EC,0x00247658,620
FUN_00247658,0x00247658,0x00247688,48
FUN_00247688,0x00247688,0x002476B4,44
FUN_002476b4,0x002476B4,0x00247764,176
FUN_00247764,0x00247764,0x002477C8,100
FUN_002477c8,0x002477C8,0x00248434,3180
FUN_00248434,0x00248434,0x0024844C,24
FUN_0024844c,0x0024844C,0x00248674,552
FUN_00248674,0x00248674,0x00248758,228
FUN_00248758,0x00248758,0x00248840,232
FUN_00248840,0x00248840,0x00248858,24
FUN_00248858,0x00248858,0x00248870,24
FUN_00248870,0x00248870,0x0024887C,12
FUN_0024887c,0x0024887C,0x00248890,20
FUN_00248890,0x00248890,0x00248EEC,1628
FUN_00248eec,0x00248EEC,0x002497E0,2292
FUN_002497e0,0x002497E0,0x00249F08,1832
FUN_00249f08,0x00249F08,0x0024AB9C,3220
FUN_0024ab9c,0x0024AB9C,0x0024B830,3220
FUN_0024b830,0x0024B830,0x0024C4C4,3220
FUN_0024c4c4,0x0024C4C4,0x0024C5B0,236
FUN_0024c5b0,0x0024C5B0,0x0024C8AC,764
FUN_0024c8ac,0x0024C8AC,0x0024CBCC,800
FUN_0024cbcc,0x0024CBCC,0x0024CEDC,784
FUN_0024cedc,0x0024CEDC,0x0024D270,916
FUN_0024d270,0x0024D270,0x0024D604,916
FUN_0024d604,0x0024D604,0x0024D978,884
FUN_0024d978,0x0024D978,0x0024DC5C,740
FUN_0024dc5c,0x0024DC5C,0x0024DC70,20
FUN_0024dc70,0x0024DC70,0x0024DCD0,96
FUN_0024dcd0,0x0024DCD0,0x0024DCE4,20
FUN_0024dce4,0x0024DCE4,0x0024DCEC,8
FUN_0024dcec,0x0024DCEC,0x0024DD14,40
FUN_0024dd14,0x0024DD14,0x0024DE94,384
FUN_0024de94,0x0024DE94,0x0024DEB8,36
FUN_0024deb8,0x0024DEB8,0x0024DEE8,48
FUN_0024dee8,0x0024DEE8,0x0024DF08,32
FUN_0024df08,0x0024DF08,0x0024DF10,8
FUN_0024df10,0x0024DF10,0x0024DF74,100
FUN_0024df74,0x0024DF74,0x0024DFE0,108
FUN_0024dfe0,0x0024DFE0,0x0024E098,184
FUN_0024e098,0x0024E098,0x0024E0D8,64
FUN_0024e0d8,0x0024E0D8,0x0024E0EC,20
FUN_0024e0ec,0x0024E0EC,0x0024E0F4,8
FUN_0024e0f4,0x0024E0F4,0x0024E128,52
FUN_0024e128,0x0024E128,0x0024E148,32
FUN_0024e148,0x0024E148,0x0024E320,472
FUN_0024e320,0x0024E320,0x0024E4D8,440
FUN_0024e4d8,0x0024E4D8,0x0024E594,188
FUN_0024e594,0x0024E594,0x0024E72C,408
FUN_0024e72c,0x0024E72C,0x0024E7A0,116
FUN_0024e7a0,0x0024E7A0,0x0024E7C8,40
FUN_0024e7c8,0x0024E7C8,0x0024E810,72
FUN_0024e810,0x0024E810,0x0024E830,32
FUN_0024e830,0x0024E830,0x0024E840,16
FUN_0024e840,0x0024E840,0x0024E8C8,136
FUN_0024e8c8,0x0024E8C8,0x0024E9BC,244
FUN_0024e9bc,0x0024E9BC,0x0024E9EC,48
FUN_0024e9ec,0x0024E9EC,0x0024EB7C,400
FUN_0024eb7c,0x0024EB7C,0x0024EBD4,88
FUN_0024ebd4,0x0024EBD4,0x0024ECA0,204
FUN_0024eca0,0x0024ECA0,0x0024F290,1520
FUN_0024f290,0x0024F290,0x0024F2C4,52
FUN_0024f2c4,0x0024F2C4,0x0024F3CC,264
FUN_0024f3cc,0x0024F3CC,0x0024F450,132
FUN_0024f450,0x0024F450,0x0024F534,228
FUN_0024f534,0x0024F534,0x0024F574,64
FUN_0024f574,0x0024F574,0x0024F580,12
FUN_0024f580,0x0024F580,0x0024F59C,28
FUN_0024f59c,0x0024F59C,0x0024F5D0,52
FUN_0024f5d0,0x0024F5D0,0x0024F658,136
FUN_0024f658,0x0024F658,0x0024F6C0,104
FUN_0024f6c0,0x0024F6C0,0x0024F6E8,40
FUN_0024f6e8,0x0024F6E8,0x0024F778,144
FUN_0024f778,0x0024F778,0x0024F798,32
FUN_0024f798,0x0024F798,0x0024F7F4,92
FUN_0024f7f4,0x0024F7F4,0x0024F85C,104
FUN_0024f85c,0x0024F85C,0x0024F8CC,112
FUN_0024f8cc,0x0024F8CC,0x0024F94C,128
FUN_0024f94c,0x0024F94C,0x0024F960,20
FUN_0024f960,0x0024F960,0x0024F9CC,108
FUN_0024f9cc,0x0024F9CC,0x0024FA6C,160
FUN_0024fa6c,0x0024FA6C,0x0024FA74,8
FUN_0024fa74,0x0024FA74,0x0024FA98,36
FUN_0024fa98,0x0024FA98,0x0024FAB8,32
FUN_0024fab8,0x0024FAB8,0x0024FADC,36
FUN_0024fadc,0x0024FADC,0x0024FAFC,32
FUN_0024fafc,0x0024FAFC,0x0024FB20,36
FUN_0024fb20,0x0024FB20,0x0024FB40,32
FUN_0024fb40,0x0024FB40,0x0024FB48,8
FUN_0024fb48,0x0024FB48,0x0024FB50,8
FUN_0024fb50,0x0024FB50,0x0024FB58,8
FUN_0024fb58,0x0024FB58,0x0024FB6C,20
FUN_0024fb6c,0x0024FB6C,0x0024FBA8,60
FUN_0024fba8,0x0024FBA8,0x0024FBCC,36
FUN_0024fbcc,0x0024FBCC,0x0024FBE8,28
FUN_0024fbe8,0x0024FBE8,0x0024FC04,28
FUN_0024fc04,0x0024FC04,0x0024FC10,12
FUN_0024fc10,0x0024FC10,0x0024FC18,8
FUN_0024fc18,0x0024FC18,0x0024FC80,104
FUN_0024fc80,0x0024FC80,0x0024FCF4,116
FUN_0024fcf4,0x0024FCF4,0x0024FD08,20
FUN_0024fd08,0x0024FD08,0x0024FD1C,20
FUN_0024fd1c,0x0024FD1C,0x0024FD34,24
FUN_0024fd34,0x0024FD34,0x0024FD4C,24
FUN_0024fd4c,0x0024FD4C,0x0024FD64,24
FUN_0024fd64,0x0024FD64,0x0024FD7C,24
FUN_0024fd7c,0x0024FD7C,0x0024FD94,24
FUN_0024fd94,0x0024FD94,0x0024FDAC,24
FUN_0024fdac,0x0024FDAC,0x0024FDB8,12
FUN_0024fdb8,0x0024FDB8,0x0024FE74,188
FUN_0024fe74,0x0024FE74,0x0024FEC4,80
FUN_0024fec4,0x0024FEC4,0x0024FF58,148
FUN_0024ff58,0x0024FF58,0x0025080C,2228
FUN_0025080c,0x0025080C,0x00250FB8,1964
FUN_00250fb8,0x00250FB8,0x00251028,112
FUN_00251028,0x00251028,0x00251454,1068
FUN_00251454,0x00251454,0x00251560,268
FUN_00251560,0x00251560,0x00251758,504
FUN_00251758,0x00251758,0x002519F8,672
FUN_002519f8,0x002519F8,0x00252174,1916
FUN_00252174,0x00252174,0x0025277C,1544
FUN_0025277c,0x0025277C,0x0025279C,32
FUN_0025279c,0x0025279C,0x00252DC4,1576
FUN_00252dc4,0x00252DC4,0x0025303C,632
FUN_0025303c,0x0025303C,0x00253078,60
FUN_00253078,0x00253078,0x002530E0,104
FUN_002530e0,0x002530E0,0x00253148,104
FUN_00253148,0x00253148,0x002531B0,104
FUN_002531b0,0x002531B0,0x002532D0,288
FUN_002532d0,0x002532D0,0x002533EC,284
FUN_002533ec,0x002533EC,0x0025350C,288
FUN_0025350c,0x0025350C,0x00253628,284
FUN_00253628,0x00253628,0x00253740,280
FUN_00253740,0x00253740,0x00253854,276
FUN_00253854,0x00253854,0x0025396C,280
FUN_0025396c,0x0025396C,0x00253A80,276
FUN_00253a80,0x00253A80,0x00253B94,276
FUN_00253b94,0x00253B94,0x00253C24,144
FUN_00253c24,0x00253C24,0x00253D6C,328
FUN_00253d6c,0x00253D6C,0x00253E98,300
FUN_00253e98,0x00253E98,0x00253FE0,328
FUN_00253fe0,0x00253FE0,0x0025410C,300
FUN_0025410c,0x0025410C,0x0025424C,320
FUN_0025424c,0x0025424C,0x00254370,292
FUN_00254370,0x00254370,0x002544B0,320
FUN_002544b0,0x002544B0,0x002545D4,292
FUN_002545d4,0x002545D4,0x002546F8,292
FUN_002546f8,0x002546F8,0x0025478C,148
FUN_0025478c,0x0025478C,0x00254854,200
FUN_00254854,0x00254854,0x00254948,244
FUN_00254948,0x00254948,0x00254ADC,404
FUN_00254adc,0x00254ADC,0x00254BC4,232
FUN_00254bc4,0x00254BC4,0x00254D64,416
FUN_00254d64,0x00254D64,0x00254ECC,360
FUN_00254ecc,0x00254ECC,0x00254F14,72
FUN_00254f14,0x00254F14,0x002550A0,396
FUN_002550a0,0x002550A0,0x002551BC,284
FUN_002551bc,0x002551BC,0x00255274,184
FUN_00255274,0x00255274,0x002552E0,108
FUN_002552e0,0x002552E0,0x002553D0,240
FUN_002553d0,0x002553D0,0x00255428,88
FUN_00255428,0x00255428,0x0025559C,372
FUN_0025559c,0x0025559C,0x002555BC,32
FUN_002555bc,0x002555BC,0x00255630,116
FUN_00255630,0x00255630,0x002556CC,156
FUN_002556cc,0x002556CC,0x00255840,372
FUN_00255840,0x00255840,0x002558C8,136
FUN_002558c8,0x002558C8,0x002558FC,52
FUN_002558fc,0x002558FC,0x0025591C,32
FUN_0025591c,0x0025591C,0x00255AF4,472
FUN_00255af4,0x00255AF4,0x00255CD4,480
FUN_00255cd4,0x00255CD4,0x00255EB4,480
FUN_00255eb4,0x00255EB4,0x0025606C,440
FUN_0025606c,0x0025606C,0x002562CC,608
FUN_002562cc,0x002562CC,0x00256484,440
FUN_00256484,0x00256484,0x0025663C,440
FUN_0025663c,0x0025663C,0x002567F0,436
FUN_002567f0,0x002567F0,0x002569A8,440
FUN_002569a8,0x002569A8,0x00256B70,456
FUN_00256b70,0x00256B70,0x00256D40,464
FUN_00256d40,0x00256D40,0x00256EF8,440
FUN_00256ef8,0x00256EF8,0x002570B8,448
FUN_002570b8,0x002570B8,0x00257298,480
FUN_00257298,0x00257298,0x00257478,480
FUN_00257478,0x00257478,0x00257630,440
FUN_00257630,0x00257630,0x00257838,520
FUN_00257838,0x00257838,0x00257A3C,516
FUN_00257a3c,0x00257A3C,0x00257BF4,440
FUN_00257bf4,0x00257BF4,0x00257DE0,492
FUN_00257de0,0x00257DE0,0x00257F98,440
FUN_00257f98,0x00257F98,0x00258168,464
FUN_00258168,0x00258168,0x00258328,448
FUN_00258328,0x00258328,0x00258578,592
FUN_00258578,0x00258578,0x00258768,496
FUN_00258768,0x00258768,0x002589B0,584
FUN_002589b0,0x002589B0,0x00258B98,488
FUN_00258b98,0x00258B98,0x00258D7C,484
FUN_00258d7c,0x00258D7C,0x00258F44,456
FUN_00258f44,0x00258F44,0x0025910C,456
FUN_002592c0,0x002592C0,0x00259478,440
FUN_00259478,0x00259478,0x00259650,472
FUN_00259650,0x00259650,0x00259810,448
FUN_00259810,0x00259810,0x002599D0,448
FUN_002599d0,0x002599D0,0x00259B90,448
FUN_00259b90,0x00259B90,0x00259D58,456
FUN_00259d58,0x00259D58,0x00259F20,456
FUN_00259f20,0x00259F20,0x0025A0F0,464
FUN_0025a0f0,0x0025A0F0,0x0025A2C0,464
FUN_0025a488,0x0025A488,0x0025A76C,740
FUN_0025a76c,0x0025A76C,0x0025AA50,740
FUN_0025aa50,0x0025AA50,0x0025AC90,576
FUN_0025ac90,0x0025AC90,0x0025AEF0,608
FUN_0025aef0,0x0025AEF0,0x0025AF0C,28
FUN_0025af0c,0x0025AF0C,0x0025AF30,36
FUN_0025af30,0x0025AF30,0x0025AF50,32
FUN_0025af50,0x0025AF50,0x0025AF7C,44
FUN_0025af7c,0x0025AF7C,0x0025AF94,24
FUN_0025af94,0x0025AF94,0x0025AF9C,8
FUN_0025af9c,0x0025AF9C,0x0025AFB0,20
FUN_0025afb0,0x0025AFB0,0x0025AFE0,48
FUN_0025afe0,0x0025AFE0,0x0025B04C,108
FUN_0025b04c,0x0025B04C,0x0025B0F8,172
FUN_0025b0f8,0x0025B0F8,0x0025B114,28
FUN_0025b114,0x0025B114,0x0025B1A8,148
FUN_0025b1a8,0x0025B1A8,0x0025B224,124
FUN_0025b224,0x0025B224,0x0025B284,96
FUN_0025b284,0x0025B284,0x0025B2E0,92
FUN_0025b2e0,0x0025B2E0,0x0025B3A4,196
FUN_0025b3a4,0x0025B3A4,0x0025B3D4,48
FUN_0025b3d4,0x0025B3D4,0x0025B3FC,40
FUN_0025b3fc,0x0025B3FC,0x0025B420,36
FUN_0025b420,0x0025B420,0x0025B464,68
FUN_0025b464,0x0025B464,0x0025B4B0,76
FUN_0025b4b0,0x0025B4B0,0x0025B4FC,76
FUN_0025b4fc,0x0025B4FC,0x0025B538,60
FUN_0025b538,0x0025B538,0x0025B5BC,132
FUN_0025b5bc,0x0025B5BC,0x0025B690,212
FUN_0025b690,0x0025B690,0x0025B74C,188
FUN_0025b74c,0x0025B74C,0x0025B780,52
FUN_0025b780,0x0025B780,0x0025B7B4,52
FUN_0025b7b4,0x0025B7B4,0x0025B844,144
FUN_0025b844,0x0025B844,0x0025B84C,8
FUN_0025b84c,0x0025B84C,0x0025B894,72
FUN_0025b894,0x0025B894,0x0025B8D8,68
FUN_0025b8d8,0x0025B8D8,0x0025B92C,84
FUN_0025b92c,0x0025B92C,0x0025B970,68
FUN_0025b970,0x0025B970,0x0025B9A4,52
FUN_0025b9a4,0x0025B9A4,0x0025B9C4,32
FUN_0025b9c4,0x0025B9C4,0x0025BA04,64
FUN_0025ba04,0x0025BA04,0x0025BA9C,152
FUN_0025ba9c,0x0025BA9C,0x0025BBA8,268
FUN_0025bba8,0x0025BBA8,0x0025BCA8,256
FUN_0025bca8,0x0025BCA8,0x0025BCD4,44
FUN_0025bcd4,0x0025BCD4,0x0025BD00,44
FUN_0025bd00,0x0025BD00,0x0025BDA8,168
FUN_0025bda8,0x0025BDA8,0x0025BDB0,8
FUN_0025bdb0,0x0025BDB0,0x0025BF48,408
FUN_0025bf48,0x0025BF48,0x0025BF8C,68
FUN_0025bf8c,0x0025BF8C,0x0025BFFC,112
FUN_0025bffc,0x0025BFFC,0x0025C094,152
FUN_0025c094,0x0025C094,0x0025C1C0,300
FUN_0025c1c0,0x0025C1C0,0x0025C36C,428
FUN_0025c36c,0x0025C36C,0x0025C3D8,108
FUN_0025c3d8,0x0025C3D8,0x0025C458,128
FUN_0025c458,0x0025C458,0x0025C488,48
FUN_0025c488,0x0025C488,0x0025C4BC,52
FUN_0025c4bc,0x0025C4BC,0x0025C4DC,32
FUN_0025c4dc,0x0025C4DC,0x0025C518,60
FUN_0025c518,0x0025C518,0x0025C59C,132
FUN_0025c59c,0x0025C59C,0x0025C670,212
FUN_0025c670,0x0025C670,0x0025C72C,188
FUN_0025c72c,0x0025C72C,0x0025C760,52
FUN_0025c760,0x0025C760,0x0025C794,52
FUN_0025c794,0x0025C794,0x0025C824,144
FUN_0025c824,0x0025C824,0x0025C82C,8
FUN_0025c82c,0x0025C82C,0x0025C874,72
FUN_0025c874,0x0025C874,0x0025C8B8,68
FUN_0025c8b8,0x0025C8B8,0x0025C90C,84
FUN_0025c90c,0x0025C90C,0x0025C950,68
FUN_0025c950,0x0025C950,0x0025C984,52
FUN_0025c984,0x0025C984,0x0025C9A4,32
FUN_0025c9a4,0x0025C9A4,0x0025C9AC,8
FUN_0025c9ac,0x0025C9AC,0x0025C9E0,52
FUN_0025c9e0,0x0025C9E0,0x0025C9E8,8
FUN_0025c9e8,0x0025C9E8,0x0025CA68,128
FUN_0025ca68,0x0025CA68,0x0025CB18,176
FUN_0025cb18,0x0025CB18,0x0025CB98,128
FUN_0025cb98,0x0025CB98,0x0025CCD4,316
FUN_0025ccd4,0x0025CCD4,0x0025CD00,44
FUN_0025cd00,0x0025CD00,0x0025CD24,36
FUN_0025cd24,0x0025CD24,0x0025CE74,336
FUN_0025ce74,0x0025CE74,0x0025CE94,32
FUN_0025ce94,0x0025CE94,0x0025CEDC,72
FUN_0025cedc,0x0025CEDC,0x0025CF20,68
FUN_0025cf20,0x0025CF20,0x0025CF50,48
FUN_0025cf50,0x0025CF50,0x0025CF94,68
FUN_0025cf94,0x0025CF94,0x0025CFB8,36
FUN_0025cfb8,0x0025CFB8,0x0025D020,104
FUN_0025d020,0x0025D020,0x0025D044,36
FUN_0025d044,0x0025D044,0x0025D0C4,128
FUN_0025d0c4,0x0025D0C4,0x0025D0E8,36
FUN_0025d0e8,0x0025D0E8,0x0025D108,32
FUN_0025d108,0x0025D108,0x0025D128,32
FUN_0025d128,0x0025D128,0x0025D148,32
FUN_0025d148,0x0025D148,0x0025D188,64
FUN_0025d188,0x0025D188,0x0025D1D0,72
FUN_0025d1d0,0x0025D1D0,0x0025D218,72
FUN_0025d218,0x0025D218,0x0025D23C,36
FUN_0025d23c,0x0025D23C,0x0025D25C,32
FUN_0025d25c,0x0025D25C,0x0025D280,36
FUN_0025d280,0x0025D280,0x0025D2A4,36
FUN_0025d2a4,0x0025D2A4,0x0025D2C4,32
FUN_0025d2c4,0x0025D2C4,0x0025D2D8,20
FUN_0025d2d8,0x0025D2D8,0x0025D320,72
FUN_0025d320,0x0025D320,0x0025D35C,60
entry_0025d35c,0x0025D35C,0x0025D388,44
FUN_0025d388,0x0025D388,0x0025D3E0,88
FUN_0025d3e0,0x0025D3E0,0x0025D424,68
FUN_0025d424,0x0025D424,0x0025D458,52
FUN_0025d458,0x0025D458,0x0025D478,32
FUN_0025d478,0x0025D478,0x0025D4BC,68
FUN_0025d4bc,0x0025D4BC,0x0025D520,100
FUN_0025d520,0x0025D520,0x0025D544,36
FUN_0025d544,0x0025D544,0x0025D5B0,108
FUN_0025d5b0,0x0025D5B0,0x0025D9F4,1092
FUN_0025d9f4,0x0025D9F4,0x0025DA84,144
FUN_0025da84,0x0025DA84,0x0025DAB8,52
FUN_0025dab8,0x0025DAB8,0x0025DAEC,52
FUN_0025daec,0x0025DAEC,0x0025DB0C,32
FUN_0025db0c,0x0025DB0C,0x0025DB44,56
FUN_0025db44,0x0025DB44,0x0025DBA0,92
FUN_0025dba0,0x0025DBA0,0x0025DBB4,20
FUN_0025dbb4,0x0025DBB4,0x0025DC20,108
FUN_0025dc20,0x0025DC20,0x0025E074,1108
FUN_0025e074,0x0025E074,0x0025E18C,280
FUN_0025e18c,0x0025E18C,0x0025E1C0,52
FUN_0025e1c0,0x0025E1C0,0x0025E1E0,32
FUN_0025e1e0,0x0025E1E0,0x0025E290,176
FUN_0025e290,0x0025E290,0x0025E2CC,60
FUN_0025e2cc,0x0025E2CC,0x0025E354,136
FUN_0025e354,0x0025E354,0x0025E41C,200
FUN_0025e41c,0x0025E41C,0x0025E478,92
FUN_0025e478,0x0025E478,0x0025E4B0,56
FUN_0025e4b0,0x0025E4B0,0x0025E4F0,64
FUN_0025e4f0,0x0025E4F0,0x0025E548,88
FUN_0025e548,0x0025E548,0x0025E5A8,96
FUN_0025e5a8,0x0025E5A8,0x0025E5E8,64
entry_0025e5e8,0x0025E5E8,0x0025E69C,180
FUN_0025e69c,0x0025E69C,0x0025E6F8,92
FUN_0025e6f8,0x0025E6F8,0x0025E788,144
FUN_0025e788,0x0025E788,0x0025EB98,1040
FUN_0025eb98,0x0025EB98,0x0025EC0C,116
FUN_0025ec0c,0x0025EC0C,0x0025ED48,316
FUN_0025ed48,0x0025ED48,0x0025EDEC,164
FUN_0025edec,0x0025EDEC,0x0025EE5C,112
FUN_0025ee5c,0x0025EE5C,0x0025EF30,212
FUN_0025ef30,0x0025EF30,0x0025EF44,20
FUN_0025ef44,0x0025EF44,0x0025EF78,52
FUN_0025ef78,0x0025EF78,0x0025EF8C,20
FUN_0025ef8c,0x0025EF8C,0x0025EFA0,20
entry_0025efa0,0x0025EFA0,0x0025F258,696
FUN_0025f258,0x0025F258,0x0025F284,44
FUN_0025f284,0x0025F284,0x0025F2EC,104
FUN_0025f2ec,0x0025F2EC,0x0025F35C,112
FUN_0025f35c,0x0025F35C,0x0025F3C4,104
FUN_0025f3c4,0x0025F3C4,0x0025F408,68
FUN_0025f408,0x0025F408,0x0025F43C,52
FUN_0025f43c,0x0025F43C,0x0025F45C,32
FUN_0025f45c,0x0025F45C,0x0025F47C,32
FUN_0025f47c,0x0025F47C,0x0025F4D0,84
FUN_0025f4d0,0x0025F4D0,0x0025F4E4,20
FUN_0025f4e4,0x0025F4E4,0x0025F5A4,192
FUN_0025f5a4,0x0025F5A4,0x0025F644,160
FUN_0025f644,0x0025F644,0x0025F658,20
FUN_0025f658,0x0025F658,0x0025F6E8,144
FUN_0025f6e8,0x0025F6E8,0x0025F740,88
FUN_0025f740,0x0025F740,0x0025F760,32
FUN_0025f760,0x0025F760,0x0025F7E8,136
FUN_0025f7e8,0x0025F7E8,0x0025F900,280
FUN_0025f900,0x0025F900,0x0025F9A0,160
FUN_0025f9a0,0x0025F9A0,0x0025F9B4,20
FUN_0025f9b4,0x0025F9B4,0x0025FA84,208
FUN_0025fa84,0x0025FA84,0x0025FD0C,692
FUN_0025fd0c,0x0025FD0C,0x0025FD2C,32
FUN_0025fd2c,0x0025FD2C,0x0025FD88,92
FUN_0025fd88,0x0025FD88,0x0025FDB0,40
FUN_0025fdb0,0x0025FDB0,0x0025FDF8,72
FUN_0025fdf8,0x0025FDF8,0x0025FE60,104
FUN_0025fe60,0x0025FE60,0x0025FE84,36
FUN_0025fe84,0x0025FE84,0x0025FEC8,68
FUN_0025fec8,0x0025FEC8,0x0025FF1C,84
FUN_0025ff1c,0x0025FF1C,0x00260238,796
FUN_00260238,0x00260238,0x002602C8,144
FUN_002602c8,0x002602C8,0x002602FC,52
FUN_002602fc,0x002602FC,0x00260330,52
FUN_00260330,0x00260330,0x00260350,32
FUN_00260350,0x00260350,0x00260388,56
FUN_00260388,0x00260388,0x002603BC,52
FUN_002603bc,0x002603BC,0x00260438,124
FUN_00260438,0x00260438,0x0026046C,52
FUN_0026046c,0x0026046C,0x002604B8,76
FUN_002604b8,0x002604B8,0x002604D0,24
FUN_002604d0,0x002604D0,0x00260508,56
FUN_00260508,0x00260508,0x00260534,44
FUN_00260534,0x00260534,0x002605E8,180
FUN_002605e8,0x002605E8,0x002608C8,736
FUN_002608c8,0x002608C8,0x002608FC,52
FUN_002608fc,0x002608FC,0x0026091C,32
FUN_0026091c,0x0026091C,0x00260948,44
FUN_00260948,0x00260948,0x0026098C,68
FUN_0026098c,0x0026098C,0x00260A04,120
FUN_00260a04,0x00260A04,0x00260A38,52
FUN_00260a38,0x00260A38,0x00260AF8,192
FUN_00260af8,0x00260AF8,0x00260C50,344
FUN_00260c50,0x00260C50,0x00260C9C,76
FUN_00260c9c,0x00260C9C,0x00260CC4,40
FUN_00260cc4,0x00260CC4,0x00260F00,572
FUN_00260f00,0x00260F00,0x002610E4,484
FUN_002610e4,0x002610E4,0x00261120,60
FUN_00261120,0x00261120,0x0026115C,60
FUN_0026115c,0x0026115C,0x002611EC,144
FUN_002611ec,0x002611EC,0x00261244,88
FUN_00261244,0x00261244,0x00261260,28
FUN_00261260,0x00261260,0x00261290,48
FUN_00261290,0x00261290,0x002612D0,64
FUN_002612d0,0x002612D0,0x00261310,64
FUN_00261310,0x00261310,0x002615EC,732
FUN_002615ec,0x002615EC,0x002616C8,220
FUN_002616c8,0x002616C8,0x00261700,56
FUN_00261700,0x00261700,0x00261738,56
FUN_00261738,0x00261738,0x00261770,56
FUN_00261770,0x00261770,0x00261784,20
FUN_00261784,0x00261784,0x002617D4,80
FUN_002617d4,0x002617D4,0x002617E8,20
FUN_002617e8,0x002617E8,0x002617FC,20
FUN_002617fc,0x002617FC,0x00261810,20
FUN_00261810,0x00261810,0x00261848,56
FUN_00261848,0x00261848,0x00261880,56
FUN_00261880,0x00261880,0x002618AC,44
FUN_002618ac,0x002618AC,0x002618E4,56
FUN_002618e4,0x002618E4,0x0026191C,56
FUN_0026191c,0x0026191C,0x00261964,72
FUN_00261964,0x00261964,0x002619B8,84
FUN_002619b8,0x002619B8,0x002619F0,56
FUN_002619f0,0x002619F0,0x00261A28,56
FUN_00261a28,0x00261A28,0x00261A60,56
FUN_00261a60,0x00261A60,0x00261A74,20
FUN_00261a74,0x00261A74,0x00261B00,140
FUN_00261b00,0x00261B00,0x00261CB0,432
FUN_00261cb0,0x00261CB0,0x00261D00,80
FUN_00261d00,0x00261D00,0x00261D50,80
FUN_00261d50,0x00261D50,0x00261DE4,148
FUN_00261de4,0x00261DE4,0x00261E00,28
FUN_00261e00,0x00261E00,0x00261E1C,28
FUN_00261e1c,0x00261E1C,0x00261E38,28
FUN_00261e38,0x00261E38,0x00261E54,28
FUN_00261e54,0x00261E54,0x00261E70,28
FUN_00261e70,0x00261E70,0x00261E8C,28
FUN_00261e8c,0x00261E8C,0x00261EA8,28
FUN_00261ea8,0x00261EA8,0x00261EC4,28
FUN_00261ec4,0x00261EC4,0x00261EE0,28
FUN_00261ee0,0x00261EE0,0x00261EFC,28
FUN_00261efc,0x00261EFC,0x00261F20,36
FUN_00261f20,0x00261F20,0x00261F3C,28
FUN_00261f3c,0x00261F3C,0x00261F58,28
FUN_00261f58,0x00261F58,0x00261F74,28
FUN_00261f74,0x00261F74,0x00261F90,28
FUN_00261f90,0x00261F90,0x00261FAC,28
FUN_00261fac,0x00261FAC,0x00261FC8,28
FUN_00261fc8,0x00261FC8,0x00262020,88
FUN_00262020,0x00262020,0x0026207C,92
FUN_0026207c,0x0026207C,0x00262110,148
FUN_00262110,0x00262110,0x002621A0,144
FUN_002621a0,0x002621A0,0x00262488,744
FUN_00262488,0x00262488,0x00262510,136
FUN_00262510,0x00262510,0x00262544,52
FUN_00262544,0x00262544,0x00262564,32
FUN_00262564,0x00262564,0x002625C0,92
FUN_002625c0,0x002625C0,0x002625C8,8
FUN_002625c8,0x002625C8,0x002625D0,8
FUN_002625d0,0x002625D0,0x002625D8,8
FUN_002625d8,0x002625D8,0x00262670,152
FUN_00262670,0x00262670,0x002626B4,68
FUN_002626b4,0x002626B4,0x00262708,84
FUN_00262708,0x00262708,0x00262744,60
FUN_00262744,0x00262744,0x00262A60,796
FUN_00262a60,0x00262A60,0x00262AF0,144
FUN_00262af0,0x00262AF0,0x00262B24,52
FUN_00262b24,0x00262B24,0x00262BB0,140
FUN_00262bb0,0x00262BB0,0x00262BE4,52
FUN_00262be4,0x00262BE4,0x00262BEC,8
FUN_00262bec,0x00262BEC,0x00262BF4,8
FUN_00262bf4,0x00262BF4,0x00262C00,12
FUN_00262c00,0x00262C00,0x00262C8C,140
FUN_00262c8c,0x00262C8C,0x00262CC0,52
FUN_00262cc0,0x00262CC0,0x00262CE0,32
FUN_00262ce0,0x00262CE0,0x00262D14,52
FUN_00262d14,0x00262D14,0x00262D1C,8
FUN_00262d1c,0x00262D1C,0x00262D24,8
FUN_00262d24,0x00262D24,0x00262D30,12
FUN_00262d30,0x00262D30,0x00262DB4,132
FUN_00262db4,0x00262DB4,0x00262DE8,52
FUN_00262de8,0x00262DE8,0x00262E08,32
FUN_00262e08,0x00262E08,0x00262E3C,52
FUN_00262e3c,0x00262E3C,0x00262E44,8
FUN_00262e44,0x00262E44,0x00262E4C,8
FUN_00262e4c,0x00262E4C,0x00262E58,12
FUN_00262e58,0x00262E58,0x00262EE4,140
FUN_00262ee4,0x00262EE4,0x00262F18,52
FUN_00262f18,0x00262F18,0x00262F38,32
FUN_00262f38,0x00262F38,0x00262F6C,52
FUN_00262f6c,0x00262F6C,0x00262F74,8
FUN_00262f74,0x00262F74,0x00262F7C,8
FUN_00262f7c,0x00262F7C,0x00262F88,12
FUN_00262f88,0x00262F88,0x00263008,128
FUN_00263008,0x00263008,0x0026303C,52
FUN_0026303c,0x0026303C,0x0026305C,32
FUN_0026305c,0x0026305C,0x00263090,52
FUN_00263090,0x00263090,0x00263098,8
FUN_00263098,0x00263098,0x002630A0,8
FUN_002630a0,0x002630A0,0x002630AC,12
FUN_002630ac,0x002630AC,0x00263138,140
FUN_00263138,0x00263138,0x0026316C,52
FUN_0026316c,0x0026316C,0x0026318C,32
FUN_0026318c,0x0026318C,0x002631B8,44
FUN_002631b8,0x002631B8,0x00263250,152
FUN_00263250,0x00263250,0x002632E0,144
FUN_002632e0,0x002632E0,0x0026334C,108
FUN_0026334c,0x0026334C,0x00263610,708
FUN_00263610,0x00263610,0x00263644,52
FUN_00263644,0x00263644,0x00263664,32
FUN_00263664,0x00263664,0x00263678,20
FUN_00263678,0x00263678,0x002636F8,128
FUN_002636f8,0x002636F8,0x00263700,8
FUN_00263700,0x00263700,0x00263750,80
FUN_00263750,0x00263750,0x00263C3C,1260
FUN_00263c3c,0x00263C3C,0x00263CD4,152
FUN_00263cd4,0x00263CD4,0x00263CFC,40
FUN_00263cfc,0x00263CFC,0x00263D04,8
FUN_00263d04,0x00263D04,0x00263D0C,8
FUN_00263d0c,0x00263D0C,0x00263D14,8
FUN_00263d64,0x00263D64,0x00263D8C,40
FUN_00263d8c,0x00263D8C,0x00263DDC,80
FUN_00263ddc,0x00263DDC,0x00263E24,72
FUN_00263e24,0x00263E24,0x00263E34,16
FUN_00263e34,0x00263E34,0x00263E3C,8
FUN_00263e3c,0x00263E3C,0x00263E44,8
FUN_00263e44,0x00263E44,0x00263E4C,8
FUN_00263e4c,0x00263E4C,0x00263E70,36
FUN_00263e70,0x00263E70,0x00263E78,8
FUN_00263e78,0x00263E78,0x00263EAC,52
FUN_00263eac,0x00263EAC,0x00263ECC,32
FUN_00263ecc,0x00263ECC,0x002642B8,1004
FUN_002642b8,0x002642B8,0x0026435C,164
FUN_0026435c,0x0026435C,0x00264370,20
FUN_00264370,0x00264370,0x002643CC,92
FUN_002643cc,0x002643CC,0x002643FC,48
FUN_002643fc,0x002643FC,0x00264408,12
FUN_00264408,0x00264408,0x00264458,80
FUN_00264458,0x00264458,0x0026448C,52
FUN_0026448c,0x0026448C,0x002644C0,52
FUN_002644fc,0x002644FC,0x00264508,12
FUN_00264508,0x00264508,0x00264514,12
FUN_00264514,0x00264514,0x0026451C,8
FUN_0026451c,0x0026451C,0x00264524,8
FUN_00264524,0x00264524,0x0026452C,8
FUN_0026452c,0x0026452C,0x00264534,8
FUN_00264534,0x00264534,0x00264548,20
FUN_00264548,0x00264548,0x00264654,268
FUN_00264654,0x00264654,0x00264668,20
FUN_00264668,0x00264668,0x0026467C,20
FUN_0026467c,0x0026467C,0x00264754,216
FUN_00264754,0x00264754,0x00264798,68
FUN_00264798,0x00264798,0x002647DC,68
FUN_002647dc,0x002647DC,0x00264820,68
FUN_00264820,0x00264820,0x00264AB8,664
FUN_00264ab8,0x00264AB8,0x00264AEC,52
FUN_00264aec,0x00264AEC,0x00264B20,52
FUN_00264b20,0x00264B20,0x00264B88,104
FUN_00264b88,0x00264B88,0x00264BBC,52
FUN_00264bbc,0x00264BBC,0x00264BF0,52
FUN_00264bf0,0x00264BF0,0x00264BF8,8
FUN_00264bf8,0x00264BF8,0x00264C00,8
FUN_00264c00,0x00264C00,0x00264C08,8
FUN_00264c08,0x00264C08,0x00264C10,8
FUN_00264c10,0x00264C10,0x00264C18,8
FUN_00264c18,0x00264C18,0x00264C20,8
FUN_00264c20,0x00264C20,0x00264C58,56
FUN_00264c58,0x00264C58,0x00264C90,56
FUN_00264c90,0x00264C90,0x00264CC8,56
FUN_00264cc8,0x00264CC8,0x00264D00,56
FUN_00264d00,0x00264D00,0x00264D08,8
FUN_00264d08,0x00264D08,0x00264D10,8
FUN_00264d10,0x00264D10,0x00264D48,56
FUN_00264d48,0x00264D48,0x00264D84,60
FUN_00264d84,0x00264D84,0x00264D8C,8
FUN_00264d8c,0x00264D8C,0x00264D94,8
FUN_00264d94,0x00264D94,0x00264D9C,8
FUN_00264d9c,0x00264D9C,0x00264DD4,56
FUN_00264dd4,0x00264DD4,0x00264E10,60
FUN_00264e10,0x00264E10,0x00264E44,52
FUN_00264e44,0x00264E44,0x00264E64,32
FUN_00264e64,0x00264E64,0x002650E4,640
FUN_002650e4,0x002650E4,0x00265114,48
FUN_00265114,0x00265114,0x002651A0,140
FUN_002651a0,0x002651A0,0x002651C8,40
FUN_002651c8,0x002651C8,0x00265218,80
FUN_00265218,0x00265218,0x0026532C,276
FUN_0026532c,0x0026532C,0x00265360,52
FUN_00265400,0x00265400,0x0026540C,12
FUN_0026540c,0x0026540C,0x00265418,12
FUN_00265418,0x00265418,0x00265424,12
FUN_00265424,0x00265424,0x0026542C,8
FUN_0026542c,0x0026542C,0x00265434,8
FUN_00265434,0x00265434,0x0026543C,8
FUN_0026543c,0x0026543C,0x00265444,8
FUN_00265444,0x00265444,0x0026544C,8
FUN_0026544c,0x0026544C,0x00265470,36
FUN_00265470,0x00265470,0x00265484,20
FUN_00265484,0x00265484,0x002654AC,40
FUN_002654ac,0x002654AC,0x00265520,116
FUN_00265520,0x00265520,0x00265530,16
FUN_00265530,0x00265530,0x00265544,20
FUN_00265544,0x00265544,0x00265578,52
FUN_00265578,0x00265578,0x00265598,32
FUN_00265598,0x00265598,0x002655B8,32
FUN_002655b8,0x002655B8,0x002655EC,52
FUN_002655ec,0x002655EC,0x002655F4,8
FUN_002655f4,0x002655F4,0x002655FC,8
FUN_002655fc,0x002655FC,0x00265604,8
FUN_00265604,0x00265604,0x0026560C,8
FUN_0026560c,0x0026560C,0x00265614,8
FUN_00265614,0x00265614,0x00265638,36
FUN_00265638,0x00265638,0x0026565C,36
FUN_0026565c,0x0026565C,0x00265680,36
FUN_00265680,0x00265680,0x002658BC,572
FUN_002658bc,0x002658BC,0x00265A94,472
FUN_00265a94,0x00265A94,0x00265A9C,8
FUN_00265a9c,0x00265A9C,0x00265B40,164
FUN_00265b40,0x00265B40,0x00265B98,88
FUN_00265b98,0x00265B98,0x00265BF0,88
FUN_00265bf0,0x00265BF0,0x00265C48,88
FUN_00265c48,0x00265C48,0x00265C88,64
FUN_00265c88,0x00265C88,0x00265CC8,64
FUN_00265cc8,0x00265CC8,0x00265D08,64
FUN_00265d08,0x00265D08,0x00266360,1624
FUN_00266360,0x00266360,0x002663C4,100
FUN_002663c4,0x002663C4,0x002664EC,296
FUN_002664ec,0x002664EC,0x00266538,76
FUN_00266538,0x00266538,0x002666F0,440
FUN_002666f0,0x002666F0,0x002667CC,220
FUN_002667cc,0x002667CC,0x002668B8,236
FUN_002668b8,0x002668B8,0x00266924,108
FUN_00266924,0x00266924,0x002669F8,212
FUN_002669f8,0x002669F8,0x00266A84,140
FUN_00266a84,0x00266A84,0x00266B54,208
FUN_00266b54,0x00266B54,0x00266C14,192
FUN_00266c14,0x00266C14,0x00266C60,76
FUN_00266c60,0x00266C60,0x00266CF0,144
FUN_00266cf0,0x00266CF0,0x00266DEC,252
FUN_00266dec,0x00266DEC,0x00266E70,132
FUN_00266e70,0x00266E70,0x00266EBC,76
FUN_00266ebc,0x00266EBC,0x00266F14,88
FUN_00266f14,0x00266F14,0x00267528,1556
FUN_00267528,0x00267528,0x00267580,88
FUN_00267580,0x00267580,0x00267880,768
FUN_00267880,0x00267880,0x002678E8,104
FUN_002678e8,0x002678E8,0x002679C0,216
FUN_002679c0,0x002679C0,0x00267C7C,700
FUN_00267c7c,0x00267C7C,0x00267D50,212
FUN_00267d50,0x00267D50,0x00267F3C,492
FUN_00267f3c,0x00267F3C,0x002682C4,904
FUN_002682c4,0x002682C4,0x002686BC,1016
FUN_002686bc,0x002686BC,0x002689C8,780
FUN_002689c8,0x002689C8,0x00268DC8,1024
FUN_00268dc8,0x00268DC8,0x00269130,872
FUN_00269130,0x00269130,0x002692F4,452
FUN_002692f4,0x002692F4,0x002692FC,8
FUN_002692fc,0x002692FC,0x00269304,8
FUN_00269304,0x00269304,0x0026938C,136
FUN_0026938c,0x0026938C,0x00269608,636
FUN_00269608,0x00269608,0x00269898,656
FUN_00269898,0x00269898,0x00269D9C,1284
FUN_00269d9c,0x00269D9C,0x00269E38,156
FUN_00269e38,0x00269E38,0x00269E48,16
FUN_00269e48,0x00269E48,0x00269E58,16
FUN_00269e58,0x00269E58,0x00269E68,16
FUN_00269e68,0x00269E68,0x00269E78,16
FUN_00269e78,0x00269E78,0x00269F34,188
FUN_00269f34,0x00269F34,0x00269F90,92
FUN_00269f90,0x00269F90,0x00269FA0,16
FUN_00269fa0,0x00269FA0,0x00269FB0,16
FUN_00269fb0,0x00269FB0,0x00269FF0,64
FUN_00269ff0,0x00269FF0,0x0026A01C,44
FUN_0026a01c,0x0026A01C,0x0026A048,44
FUN_0026a048,0x0026A048,0x0026A0B0,104
FUN_0026a0b0,0x0026A0B0,0x0026A118,104
FUN_0026a118,0x0026A118,0x0026A1E8,208
FUN_0026a1e8,0x0026A1E8,0x0026A2B8,208
FUN_0026a2b8,0x0026A2B8,0x0026A2D0,24
FUN_0026a2d0,0x0026A2D0,0x0026A2D8,8
FUN_0026a2d8,0x0026A2D8,0x0026A2FC,36
FUN_0026a2fc,0x0026A2FC,0x0026A430,308
FUN_0026a430,0x0026A430,0x0026A4C0,144
FUN_0026a4c0,0x0026A4C0,0x0026A5C0,256
FUN_0026a5c0,0x0026A5C0,0x0026A5EC,44
FUN_0026a5ec,0x0026A5EC,0x0026A614,40
FUN_0026a614,0x0026A614,0x0026A62C,24
FUN_0026a62c,0x0026A62C,0x0026AA6C,1088
FUN_0026aa6c,0x0026AA6C,0x0026AA84,24
FUN_0026aa84,0x0026AA84,0x0026AA98,20
FUN_0026aa98,0x0026AA98,0x0026AACC,52
FUN_0026aacc,0x0026AACC,0x0026AAF4,40
FUN_0026aaf4,0x0026AAF4,0x0026AB2C,56
FUN_0026ab2c,0x0026AB2C,0x0026AC44,280
FUN_0026ac44,0x0026AC44,0x0026AC98,84
FUN_0026ac98,0x0026AC98,0x0026ACA4,12
FUN_0026aca4,0x0026ACA4,0x0026ADC0,284
FUN_0026adc0,0x0026ADC0,0x0026B500,1856
FUN_0026b500,0x0026B500,0x0026B93C,1084
FUN_0026b93c,0x0026B93C,0x0026B98C,80
FUN_0026b98c,0x0026B98C,0x0026B9D8,76
FUN_0026b9d8,0x0026B9D8,0x0026BA38,96
FUN_0026ba38,0x0026BA38,0x0026BA48,16
FUN_0026ba48,0x0026BA48,0x0026BA8C,68
FUN_0026ba8c,0x0026BA8C,0x0026BD34,680
FUN_0026bd34,0x0026BD34,0x0026BF7C,584
FUN_0026bf7c,0x0026BF7C,0x0026C730,1972
FUN_0026c730,0x0026C730,0x0026C7A8,120
FUN_0026c7a8,0x0026C7A8,0x0026C7E8,64
FUN_0026c7e8,0x0026C7E8,0x0026CFD8,2032
FUN_0026cfd8,0x0026CFD8,0x0026D0E8,272
FUN_0026d0e8,0x0026D0E8,0x0026D120,56
FUN_0026d120,0x0026D120,0x0026ECE4,7108
FUN_0026ece4,0x0026ECE4,0x0026F024,832
FUN_0026f024,0x0026F024,0x0026F894,2160
FUN_0026f894,0x0026F894,0x0026F974,224
FUN_0026f974,0x0026F974,0x0026F9D8,100
FUN_0026f9d8,0x0026F9D8,0x00270088,1712
FUN_00270088,0x00270088,0x002701A4,284
FUN_002701a4,0x002701A4,0x002701B0,12
FUN_002701b0,0x002701B0,0x002701D4,36
FUN_002701d4,0x002701D4,0x00270224,80
FUN_00270224,0x00270224,0x0027024C,40
FUN_0027024c,0x0027024C,0x00270280,52
FUN_00270280,0x00270280,0x002702CC,76
FUN_002702cc,0x002702CC,0x002702E8,28
FUN_002702e8,0x002702E8,0x002702FC,20
FUN_002702fc,0x002702FC,0x00270308,12
FUN_00270308,0x00270308,0x00270324,28
FUN_00270324,0x00270324,0x00270338,20
FUN_00270338,0x00270338,0x00270344,12
FUN_00270344,0x00270344,0x00270350,12
FUN_00270350,0x00270350,0x0027035C,12
FUN_0027035c,0x0027035C,0x002703B0,84
FUN_002703b0,0x002703B0,0x002704BC,268
FUN_002704bc,0x002704BC,0x002706E4,552
FUN_002706e4,0x002706E4,0x002707A8,196
FUN_002707a8,0x002707A8,0x002708E4,316
FUN_002708e4,0x002708E4,0x00270CE4,1024
FUN_00270ce4,0x00270CE4,0x00270E90,428
FUN_00270e90,0x00270E90,0x00270F04,116
FUN_00270f04,0x00270F04,0x00271278,884
FUN_00271278,0x00271278,0x002712F0,120
FUN_002712f0,0x002712F0,0x00271718,1064
FUN_00271718,0x00271718,0x00271CE0,1480
FUN_00271ce0,0x00271CE0,0x00271D50,112
FUN_00271d50,0x00271D50,0x00271E50,256
FUN_00271e50,0x00271E50,0x00273E6C,8220
FUN_00273e6c,0x00273E6C,0x002746C4,2136
FUN_002746c4,0x002746C4,0x00275268,2980
FUN_00275268,0x00275268,0x00275698,1072
FUN_00275698,0x00275698,0x002757E0,328
FUN_002757e0,0x002757E0,0x00275930,336
FUN_00275930,0x00275930,0x00275BF4,708
FUN_00275bf4,0x00275BF4,0x00275C04,16
FUN_00275c04,0x00275C04,0x002761F4,1520
FUN_002761f4,0x002761F4,0x002767E4,1520
FUN_002767e4,0x002767E4,0x002769BC,472
FUN_002769bc,0x002769BC,0x00276B60,420
FUN_00276b60,0x00276B60,0x00276C34,212
FUN_00276c34,0x00276C34,0x00276C74,64
FUN_00276c74,0x00276C74,0x00276C98,36
FUN_00276c98,0x00276C98,0x00276DF8,352
FUN_00276df8,0x00276DF8,0x00276E28,48
FUN_00276e28,0x00276E28,0x00276E58,48
FUN_00276e58,0x00276E58,0x00276EC4,108
FUN_00276ec4,0x00276EC4,0x00276F20,92
FUN_00276f20,0x00276F20,0x00276FC0,160
FUN_00276fc0,0x00276FC0,0x00277020,96
FUN_00277020,0x00277020,0x002770F4,212
FUN_002770f4,0x002770F4,0x00277234,320
FUN_00277234,0x00277234,0x002772F8,196
FUN_002772f8,0x002772F8,0x0027743C,324
FUN_0027743c,0x0027743C,0x00277558,284
FUN_00277558,0x00277558,0x0027758C,52
FUN_0027758c,0x0027758C,0x002775E0,84
FUN_002775e0,0x002775E0,0x00277634,84
FUN_00277634,0x00277634,0x0027797C,840
FUN_0027797c,0x0027797C,0x00277CE0,868
FUN_00277ce0,0x00277CE0,0x00278040,864
FUN_00278040,0x00278040,0x00278060,32
FUN_00278060,0x00278060,0x00278260,512
FUN_00278260,0x00278260,0x002782D8,120
FUN_002782d8,0x002782D8,0x002782F8,32
FUN_002782f8,0x002782F8,0x00278338,64
FUN_00278338,0x00278338,0x002783A0,104
FUN_002783a0,0x002783A0,0x002783D8,56
FUN_002783d8,0x002783D8,0x00278514,316
FUN_00278514,0x00278514,0x00278550,60
FUN_00278550,0x00278550,0x00278670,288
FUN_00278670,0x00278670,0x0027873C,204
FUN_0027873c,0x0027873C,0x00278938,508
FUN_00278938,0x00278938,0x00278B30,504
FUN_00278b30,0x00278B30,0x00278B70,64
FUN_00278b70,0x00278B70,0x00278C0C,156
FUN_00278c0c,0x00278C0C,0x00278EEC,736
FUN_00278eec,0x00278EEC,0x00278F00,20
FUN_00278f00,0x00278F00,0x00279168,616
FUN_00279168,0x00279168,0x00279170,8
FUN_00279170,0x00279170,0x00279178,8
FUN_00279178,0x00279178,0x002791EC,116
FUN_002791ec,0x002791EC,0x00279260,116
FUN_00279260,0x00279260,0x00279290,48
FUN_00279290,0x00279290,0x00279304,116
FUN_00279304,0x00279304,0x00279338,52
FUN_00279338,0x00279338,0x0027935C,36
FUN_0027935c,0x0027935C,0x002793C0,100
FUN_002793c0,0x002793C0,0x002793D8,24
FUN_002793d8,0x002793D8,0x0027940C,52
FUN_0027940c,0x0027940C,0x0027970C,768
FUN_0027970c,0x0027970C,0x00279784,120
FUN_00279784,0x00279784,0x002797F4,112
FUN_002797f4,0x002797F4,0x002798E4,240
FUN_002798e4,0x002798E4,0x002799AC,200
FUN_002799ac,0x002799AC,0x00279A10,100
FUN_00279a10,0x00279A10,0x00279B78,360
FUN_00279b78,0x00279B78,0x00279D1C,420
FUN_00279d1c,0x00279D1C,0x00279E8C,1160
entry_00279e90,0x00279E90,0x00279EB4,36
entry_00279eb4,0x00279EB4,0x00279EE0,44
entry_00279ee0,0x00279EE0,0x0027A1B0,720
FUN_0027a1b0,0x0027A1B0,0x0027A210,96
FUN_0027a210,0x0027A210,0x0027A278,104
FUN_0027a278,0x0027A278,0x0027A2C4,76
FUN_0027a2c4,0x0027A2C4,0x0027A2E0,28
FUN_0027a2e0,0x0027A2E0,0x0027A384,164
FUN_0027a384,0x0027A384,0x0027A46C,232
FUN_0027a46c,0x0027A46C,0x0027A4C8,92
FUN_0027a4c8,0x0027A4C8,0x0027A630,360
FUN_0027a630,0x0027A630,0x0027A744,276
FUN_0027a744,0x0027A744,0x0027A8A8,356
FUN_0027a8a8,0x0027A8A8,0x0027A91C,116
FUN_0027a91c,0x0027A91C,0x0027A93C,32
FUN_0027a93c,0x0027A93C,0x0027AA50,276
FUN_0027aa50,0x0027AA50,0x0027AAA0,80
FUN_0027aaa0,0x0027AAA0,0x0027AACC,44
FUN_0027aacc,0x0027AACC,0x0027AB38,108
FUN_0027ab38,0x0027AB38,0x0027AB5C,36
FUN_0027ab5c,0x0027AB5C,0x0027AB74,24
FUN_0027ab74,0x0027AB74,0x0027ABD4,96
FUN_0027abd4,0x0027ABD4,0x0027AC74,160
FUN_0027ac74,0x0027AC74,0x0027AD0C,152
FUN_0027ad0c,0x0027AD0C,0x0027AD4C,64
FUN_0027ad4c,0x0027AD4C,0x0027ADA8,92
FUN_0027ada8,0x0027ADA8,0x0027ADC0,24
FUN_0027adc0,0x0027ADC0,0x0027AE00,64
FUN_0027ae00,0x0027AE00,0x0027AEA0,160
FUN_0027aea0,0x0027AEA0,0x0027AF30,144
FUN_0027af30,0x0027AF30,0x0027AF68,56
FUN_0027af68,0x0027AF68,0x0027AFF4,140
FUN_0027aff4,0x0027AFF4,0x0027B00C,24
FUN_0027b00c,0x0027B00C,0x0027B06C,96
FUN_0027b06c,0x0027B06C,0x0027B090,36
FUN_0027b090,0x0027B090,0x0027B0B4,36
FUN_0027b0b4,0x0027B0B4,0x0027B0E0,44
FUN_0027b0e0,0x0027B0E0,0x0027B120,64
FUN_0027b120,0x0027B120,0x0027B150,48
FUN_0027b150,0x0027B150,0x0027B2DC,396
FUN_0027b2dc,0x0027B2DC,0x0027B300,36
FUN_0027b300,0x0027B300,0x0027B36C,108
FUN_0027b36c,0x0027B36C,0x0027B38C,32
FUN_0027b38c,0x0027B38C,0x0027B3AC,32
FUN_0027b3ac,0x0027B3AC,0x0027B3DC,48
FUN_0027b3dc,0x0027B3DC,0x0027B3FC,32
FUN_0027b3fc,0x0027B3FC,0x0027B564,360
FUN_0027b564,0x0027B564,0x0027B5D8,116
FUN_0027b5d8,0x0027B5D8,0x0027B624,76
FUN_0027b624,0x0027B624,0x0027B744,288
FUN_0027b744,0x0027B744,0x0027B7A8,100
FUN_0027b7a8,0x0027B7A8,0x0027B80C,100
FUN_0027b80c,0x0027B80C,0x0027B81C,16
FUN_0027b81c,0x0027B81C,0x0027B824,8
FUN_0027b824,0x0027B824,0x0027B84C,40
FUN_0027b84c,0x0027B84C,0x0027B874,40
FUN_0027b874,0x0027B874,0x0027B8F8,132
FUN_0027b8f8,0x0027B8F8,0x0027B9AC,180
FUN_0027b9ac,0x0027B9AC,0x0027B9BC,16
FUN_0027b9bc,0x0027B9BC,0x0027BBC8,524
FUN_0027bbc8,0x0027BBC8,0x0027BC54,140
FUN_0027bc54,0x0027BC54,0x0027BCB0,92
FUN_0027bcb0,0x0027BCB0,0x0027BD84,212
FUN_0027bd84,0x0027BD84,0x0027BDB4,48
FUN_0027bdb4,0x0027BDB4,0x0027BE20,108
FUN_0027be20,0x0027BE20,0x0027BE40,32
FUN_0027be40,0x0027BE40,0x0027BF94,340
FUN_0027bf94,0x0027BF94,0x0027C01C,136
FUN_0027c01c,0x0027C01C,0x0027C0F0,212
FUN_0027c0f0,0x0027C0F0,0x0027C364,628
FUN_0027c364,0x0027C364,0x0027C630,716
FUN_0027c630,0x0027C630,0x0027C638,8
FUN_0027c638,0x0027C638,0x0027C640,8
FUN_0027c640,0x0027C640,0x0027C648,8
FUN_0027c648,0x0027C648,0x0027C6CC,132
FUN_0027c6cc,0x0027C6CC,0x0027C724,88
FUN_0027c724,0x0027C724,0x0027C77C,88
FUN_0027c77c,0x0027C77C,0x0027C7D4,88
FUN_0027c7d4,0x0027C7D4,0x0027C82C,88
FUN_0027c82c,0x0027C82C,0x0027C834,8
FUN_0027c834,0x0027C834,0x0027C83C,8
FUN_0027c83c,0x0027C83C,0x0027C894,88
FUN_0027c894,0x0027C894,0x0027C954,192
FUN_0027c954,0x0027C954,0x0027CA14,192
FUN_0027ca14,0x0027CA14,0x0027CA80,108
FUN_0027ca80,0x0027CA80,0x0027CB10,144
FUN_0027cb10,0x0027CB10,0x0027CE64,852
FUN_0027ce64,0x0027CE64,0x0027D228,964
FUN_0027d228,0x0027D228,0x0027D268,64
FUN_0027d268,0x0027D268,0x0027D2A4,60
FUN_0027d2a4,0x0027D2A4,0x0027D2B0,12
FUN_0027d2b0,0x0027D2B0,0x0027D2E4,52
FUN_0027d2e4,0x0027D2E4,0x0027D41C,312
FUN_0027d41c,0x0027D41C,0x0027D478,92
FUN_0027d478,0x0027D478,0x0027D4BC,68
FUN_0027d4bc,0x0027D4BC,0x0027D684,456
FUN_0027d684,0x0027D684,0x0027D71C,152
FUN_0027d71c,0x0027D71C,0x0027D780,100
FUN_0027d780,0x0027D780,0x0027D790,16
FUN_0027d790,0x0027D790,0x0027D798,8
FUN_0027d798,0x0027D798,0x0027D7A0,8
FUN_0027d7a0,0x0027D7A0,0x0027D7D4,52
FUN_0027d7d4,0x0027D7D4,0x0027D7F4,32
FUN_0027d7f4,0x0027D7F4,0x0027D804,16
FUN_0027d804,0x0027D804,0x0027D880,124
FUN_0027d880,0x0027D880,0x0027D8DC,92
FUN_0027d8dc,0x0027D8DC,0x0027D8E4,8
FUN_0027d8e4,0x0027D8E4,0x0027DB3C,600
FUN_0027db3c,0x0027DB3C,0x0027DB60,36
FUN_0027db60,0x0027DB60,0x0027DB84,36
FUN_0027db84,0x0027DB84,0x0027DBA8,36
FUN_0027dba8,0x0027DBA8,0x0027DC84,220
FUN_0027dc84,0x0027DC84,0x0027DCB4,48
FUN_0027dcb4,0x0027DCB4,0x0027DCFC,72
FUN_0027dcfc,0x0027DCFC,0x0027DD30,52
FUN_0027dd30,0x0027DD30,0x0027DD50,32
FUN_0027dd50,0x0027DD50,0x0027DDD0,128
FUN_0027ddd0,0x0027DDD0,0x0027DEA0,208
FUN_0027dea0,0x0027DEA0,0x0027DF2C,140
FUN_0027df2c,0x0027DF2C,0x0027E11C,496
FUN_0027e11c,0x0027E11C,0x0027E658,1340
FUN_0027e658,0x0027E658,0x0027E8D0,632
FUN_0027e8d0,0x0027E8D0,0x0027ED5C,1164
FUN_0027ed5c,0x0027ED5C,0x0027EDA4,72
FUN_0027eda4,0x0027EDA4,0x0027F028,644
FUN_0027f028,0x0027F028,0x0027F048,32
FUN_0027f048,0x0027F048,0x0027F118,208
FUN_0027f118,0x0027F118,0x0027F2F8,480
FUN_0027f2f8,0x0027F2F8,0x0027F49C,420
FUN_0027f49c,0x0027F49C,0x0027F4C4,40
FUN_0027f4c4,0x0027F4C4,0x0027F538,116
FUN_0027f538,0x0027F538,0x0027F590,88
FUN_0027f590,0x0027F590,0x0027F5E8,88
FUN_0027f5e8,0x0027F5E8,0x0027F60C,36
FUN_0027f60c,0x0027F60C,0x0027F628,28
FUN_0027f628,0x0027F628,0x0027F64C,36
FUN_0027f64c,0x0027F64C,0x0027F668,28
FUN_0027f668,0x0027F668,0x0027F67C,20
FUN_0027f67c,0x0027F67C,0x0027F6C4,72
FUN_0027f6c4,0x0027F6C4,0x0027F774,176
FUN_0027f774,0x0027F774,0x0027F7FC,136
FUN_0027f7fc,0x0027F7FC,0x0027F830,52
FUN_0027f830,0x0027F830,0x0027F9B0,384
FUN_0027f9b0,0x0027F9B0,0x0027FAF0,320
FUN_0027faf0,0x0027FAF0,0x0027FB4C,92
FUN_0027fb4c,0x0027FB4C,0x0027FB98,76
FUN_0027fb98,0x0027FB98,0x0027FBC4,44
FUN_0027fbc4,0x0027FBC4,0x0027FBF0,44
FUN_0027fbf0,0x0027FBF0,0x0027FC1C,44
FUN_0027fc1c,0x0027FC1C,0x0027FC58,60
FUN_0027fc58,0x0027FC58,0x0027FC8C,52
FUN_0027fc8c,0x0027FC8C,0x0027FCA8,28
FUN_0027fca8,0x0027FCA8,0x0027FD1C,116
FUN_0027fd1c,0x0027FD1C,0x0027FD98,124
FUN_0027fd98,0x0027FD98,0x0027FDCC,52
FUN_0027fdcc,0x0027FDCC,0x0027FDEC,32
FUN_0027fdec,0x0027FDEC,0x0027FF80,404
FUN_0027ff80,0x0027FF80,0x0027FFB4,52
FUN_0027ffb4,0x0027FFB4,0x0027FFD4,32
FUN_0027ffd4,0x0027FFD4,0x0027FFF4,32
FUN_0027fff4,0x0027FFF4,0x00280058,100
FUN_00280058,0x00280058,0x00280078,32
FUN_00280078,0x00280078,0x002800D4,92
FUN_002800d4,0x002800D4,0x002800E0,12
FUN_002800e0,0x002800E0,0x002800EC,12
FUN_002800ec,0x002800EC,0x002801FC,272
FUN_002801fc,0x002801FC,0x00280468,620
FUN_00280468,0x00280468,0x002804A8,64
FUN_002804a8,0x002804A8,0x002804F4,76
FUN_002804f4,0x002804F4,0x0028059C,168
FUN_0028059c,0x0028059C,0x002805A4,8
FUN_002805a4,0x002805A4,0x002805DC,56
FUN_002805dc,0x002805DC,0x002805F8,28
FUN_002805f8,0x002805F8,0x00280608,16
FUN_00280608,0x00280608,0x00280610,8
FUN_00280610,0x00280610,0x00280634,36
FUN_00280654,0x00280654,0x00280668,20
FUN_00280668,0x00280668,0x0028067C,20
FUN_0028067c,0x0028067C,0x00280690,20
FUN_00280690,0x00280690,0x002806D0,64
FUN_002806d0,0x002806D0,0x00280804,308
FUN_00280804,0x00280804,0x00280930,300
FUN_00280930,0x00280930,0x002809B8,136
FUN_002809b8,0x002809B8,0x00280A40,136
FUN_00280a40,0x00280A40,0x00280B90,336
FUN_00280b90,0x00280B90,0x00280C10,128
FUN_00280c10,0x00280C10,0x00280D2C,284
FUN_00280d2c,0x00280D2C,0x0028126C,1344
FUN_0028126c,0x0028126C,0x00281720,1204
FUN_00281720,0x00281720,0x00281B94,1140
FUN_00281b94,0x00281B94,0x00281E50,700
FUN_00281e50,0x00281E50,0x00281E60,16
FUN_00281e60,0x00281E60,0x00281E94,52
FUN_00281e94,0x00281E94,0x00281EB4,32
FUN_00281eb4,0x00281EB4,0x002820AC,504
FUN_002820ac,0x002820AC,0x002820D8,44
FUN_002820d8,0x002820D8,0x00282424,844
FUN_00282424,0x00282424,0x00282564,320
FUN_00282564,0x00282564,0x0028261C,184
FUN_0028261c,0x0028261C,0x002826E4,200
FUN_002826e4,0x002826E4,0x002827B8,212
FUN_002827b8,0x002827B8,0x00282848,144
FUN_00282848,0x00282848,0x002828D8,144
FUN_002828d8,0x002828D8,0x00282934,92
FUN_00282934,0x00282934,0x00282984,80
FUN_00282984,0x00282984,0x0028298C,8
FUN_0028298c,0x0028298C,0x002829B4,40
FUN_002829b4,0x002829B4,0x002829FC,72
FUN_002829fc,0x002829FC,0x00282A74,120
FUN_00282a74,0x00282A74,0x00282BF8,388
FUN_00282bf8,0x00282BF8,0x00282CCC,212
FUN_00282ccc,0x00282CCC,0x00282D38,108
FUN_00282d38,0x00282D38,0x00282DE8,176
FUN_00282de8,0x00282DE8,0x00282E24,60
FUN_00282e24,0x00282E24,0x00282E2C,8
FUN_00282e2c,0x00282E2C,0x00282E64,56
FUN_00282e64,0x00282E64,0x00282EEC,136
FUN_00282eec,0x00282EEC,0x00282F0C,32
FUN_00282f0c,0x00282F0C,0x00283030,292
FUN_00283030,0x00283030,0x002830BC,140
FUN_002830bc,0x002830BC,0x002830C8,12
FUN_002830c8,0x002830C8,0x00283100,56
FUN_00283100,0x00283100,0x00283140,64
FUN_00283140,0x00283140,0x002833F0,688
FUN_002833f0,0x002833F0,0x00283410,32
FUN_00283410,0x00283410,0x00283438,40
FUN_00283438,0x00283438,0x0028347C,68
FUN_0028347c,0x0028347C,0x0028349C,32
FUN_0028349c,0x0028349C,0x002834BC,32
FUN_002834bc,0x002834BC,0x002834F8,60
FUN_002834f8,0x002834F8,0x0028357C,132
FUN_0028357c,0x0028357C,0x002836F4,376
FUN_002836f4,0x002836F4,0x00283818,292
FUN_00283818,0x00283818,0x00283820,8
FUN_00283820,0x00283820,0x00283828,8
FUN_00283828,0x00283828,0x002838AC,132
FUN_002838ac,0x002838AC,0x002838D0,36
FUN_002838d0,0x002838D0,0x002839E4,276
FUN_002839e4,0x002839E4,0x00283A10,44
FUN_00283a10,0x00283A10,0x00283B1C,268
FUN_00283b1c,0x00283B1C,0x00283BC4,168
FUN_00283bc4,0x00283BC4,0x00283C00,60
FUN_00283c00,0x00283C00,0x00283C2C,44
FUN_00283c2c,0x00283C2C,0x00283C50,36
FUN_00283c50,0x00283C50,0x00283C6C,28
FUN_00283c6c,0x00283C6C,0x00283CCC,96
FUN_00283ccc,0x00283CCC,0x00283D14,72
FUN_00283d14,0x00283D14,0x00283D7C,104
FUN_00283d7c,0x00283D7C,0x00283E18,156
FUN_00283e18,0x00283E18,0x00283E48,48
FUN_00283e48,0x00283E48,0x00283E78,48
FUN_00283e78,0x00283E78,0x00283E98,32
FUN_00283e98,0x00283E98,0x00283EE0,72
FUN_00283ee0,0x00283EE0,0x00283F40,96
FUN_00283f40,0x00283F40,0x00283FC4,132
FUN_00283fc4,0x00283FC4,0x00284064,160
FUN_00284064,0x00284064,0x00284128,196
FUN_00284128,0x00284128,0x0028416C,68
FUN_0028416c,0x0028416C,0x00284200,148
FUN_00284200,0x00284200,0x00284208,8
FUN_00284208,0x00284208,0x0028428C,132
FUN_0028428c,0x0028428C,0x002842F8,108
FUN_002842f8,0x002842F8,0x00284314,28
FUN_00284314,0x00284314,0x00284358,68
FUN_00284358,0x00284358,0x00284410,184
FUN_00284410,0x00284410,0x00284484,116
FUN_00284484,0x00284484,0x00284498,20
FUN_00284498,0x00284498,0x00284628,400
FUN_00284628,0x00284628,0x002846D8,176
FUN_002846d8,0x002846D8,0x0028473C,100
FUN_0028473c,0x0028473C,0x002848C0,388
FUN_002848c0,0x002848C0,0x0028492C,108
FUN_0028492c,0x0028492C,0x002849C4,152
FUN_002849c4,0x002849C4,0x002849E4,32
FUN_002849e4,0x002849E4,0x00284AA8,196
FUN_00284aa8,0x00284AA8,0x00284B44,156
FUN_00284b44,0x00284B44,0x00284D9C,600
FUN_00284d9c,0x00284D9C,0x00284DB8,28
FUN_00284db8,0x00284DB8,0x00285834,2684
FUN_00285834,0x00285834,0x00285A0C,472
FUN_00285a0c,0x00285A0C,0x00285AB8,172
FUN_00285ab8,0x00285AB8,0x00285AF0,56
FUN_00285af0,0x00285AF0,0x00285B28,56
FUN_00285b28,0x00285B28,0x00285D70,584
FUN_00285d70,0x00285D70,0x00285DBC,76
FUN_00285dbc,0x00285DBC,0x00285E0C,80
FUN_00285e0c,0x00285E0C,0x00285E38,44
FUN_00285e38,0x00285E38,0x00285E68,48
FUN_00285e68,0x00285E68,0x00285E98,48
FUN_00285e98,0x00285E98,0x00285EC4,44
FUN_00285ec4,0x00285EC4,0x00285EE8,36
FUN_00285ee8,0x00285EE8,0x00285F24,60
FUN_00285f24,0x00285F24,0x002865AC,1672
FUN_002865ac,0x002865AC,0x002866C0,276
FUN_002866c0,0x002866C0,0x00286790,208
FUN_00286790,0x00286790,0x0028689C,268
FUN_0028689c,0x0028689C,0x00286908,108
FUN_00286908,0x00286908,0x0028691C,20
FUN_0028691c,0x0028691C,0x002869B0,148
FUN_002869b0,0x002869B0,0x00286A48,152
FUN_00286a48,0x00286A48,0x00286A90,72
FUN_00286a90,0x00286A90,0x00286B6C,220
FUN_00286b6c,0x00286B6C,0x00286C34,200
FUN_00286c34,0x00286C34,0x00286D44,272
FUN_00286d44,0x00286D44,0x00286D68,36
FUN_00286d68,0x00286D68,0x00286D9C,52
FUN_00286d9c,0x00286D9C,0x00286DE8,76
FUN_00286de8,0x00286DE8,0x00286E0C,36
FUN_00286e0c,0x00286E0C,0x00286E2C,32
FUN_00286e2c,0x00286E2C,0x002872D0,1188
FUN_002872d0,0x002872D0,0x00287384,180
FUN_00287384,0x00287384,0x002873AC,40
FUN_002873ac,0x002873AC,0x0028740C,96
FUN_0028740c,0x0028740C,0x00287470,100
FUN_00287470,0x00287470,0x00287530,192
FUN_00287530,0x00287530,0x0028754C,28
FUN_0028754c,0x0028754C,0x002878A0,852
FUN_002878a0,0x002878A0,0x002879A0,256
FUN_002879a0,0x002879A0,0x00287A50,176
FUN_00287a50,0x00287A50,0x00287AF8,168
FUN_00287af8,0x00287AF8,0x00287BD4,220
FUN_00287bd4,0x00287BD4,0x00287D3C,360
FUN_00287d3c,0x00287D3C,0x00287D90,84
FUN_00287d90,0x00287D90,0x00288088,760
FUN_00288088,0x00288088,0x002880C4,60
FUN_002880c4,0x002880C4,0x002882C8,516
FUN_002882c8,0x002882C8,0x00288314,76
FUN_00288314,0x00288314,0x00288548,564
FUN_00288548,0x00288548,0x00288550,8
FUN_00288550,0x00288550,0x0028856C,28
FUN_0028856c,0x0028856C,0x002885C8,92
FUN_002885c8,0x002885C8,0x002885E8,32
FUN_002885e8,0x002885E8,0x00288608,32
FUN_00288608,0x00288608,0x0028864C,68
FUN_0028864c,0x0028864C,0x00288660,20
FUN_00288660,0x00288660,0x002886A8,72
FUN_002886a8,0x002886A8,0x002886BC,20
FUN_002886bc,0x002886BC,0x00288704,72
FUN_00288704,0x00288704,0x00288718,20
FUN_00288718,0x00288718,0x00288760,72
FUN_00288760,0x00288760,0x00288774,20
FUN_00288774,0x00288774,0x002887BC,72
FUN_002887bc,0x002887BC,0x002887D0,20
FUN_002887d0,0x002887D0,0x002887F8,40
FUN_002887f8,0x002887F8,0x0028882C,52
FUN_0028882c,0x0028882C,0x00288850,36
FUN_00288850,0x00288850,0x0028888C,60
FUN_0028888c,0x0028888C,0x002888B8,44
FUN_002888b8,0x002888B8,0x002888C8,16
FUN_002888c8,0x002888C8,0x002888F4,44
FUN_002888f4,0x002888F4,0x00288914,32
FUN_00288914,0x00288914,0x00288934,32
FUN_00288934,0x00288934,0x00288A54,288
FUN_00288a54,0x00288A54,0x00288AD4,128
FUN_00288ad4,0x00288AD4,0x00288AF4,32
FUN_00288af4,0x00288AF4,0x00288B14,32
FUN_00288b14,0x00288B14,0x00288B44,48
FUN_00288b44,0x00288B44,0x00288BD4,144
FUN_00288bd4,0x00288BD4,0x00288C0C,56
FUN_00288c0c,0x00288C0C,0x00288C54,72
FUN_00288c54,0x00288C54,0x00288C90,60
FUN_00288c90,0x00288C90,0x00288D10,128
FUN_00288d10,0x00288D10,0x00288D94,132
FUN_00288d94,0x00288D94,0x00288DC0,44
FUN_00288dc0,0x00288DC0,0x00288E38,120
FUN_00288e38,0x00288E38,0x00288E94,92
FUN_00288e94,0x00288E94,0x002893D8,1348
FUN_002893d8,0x002893D8,0x00289460,136
FUN_00289460,0x00289460,0x00289480,32
FUN_00289480,0x00289480,0x002894B4,52
FUN_002894b4,0x002894B4,0x002894BC,8
FUN_002894bc,0x002894BC,0x002894D8,28
FUN_002894d8,0x002894D8,0x002894E4,12
FUN_002894e4,0x002894E4,0x002894F8,20
FUN_002894f8,0x002894F8,0x00289500,8
FUN_00289500,0x00289500,0x00289550,80
FUN_00289550,0x00289550,0x00289588,56
FUN_00289588,0x00289588,0x002897A4,540
FUN_002897a4,0x002897A4,0x002897F0,76
FUN_002897f0,0x002897F0,0x00289834,68
FUN_00289834,0x00289834,0x00289874,64
FUN_00289874,0x00289874,0x0028989C,40
FUN_0028989c,0x0028989C,0x002898D4,56
FUN_002898d4,0x002898D4,0x00289938,100
FUN_00289938,0x00289938,0x00289A20,232
FUN_00289a20,0x00289A20,0x00289A84,100
FUN_00289a84,0x00289A84,0x00289AE4,96
FUN_00289ae4,0x00289AE4,0x00289B7C,152
FUN_00289b7c,0x00289B7C,0x00289BA0,36
FUN_00289ba0,0x00289BA0,0x00289BF4,84
FUN_00289bf4,0x00289BF4,0x00289D84,400
FUN_00289d84,0x00289D84,0x0028A56C,2024
FUN_0028a56c,0x0028A56C,0x0028A5B8,76
FUN_0028a5b8,0x0028A5B8,0x0028A5FC,68
FUN_0028a5fc,0x0028A5FC,0x0028A654,88
FUN_0028a654,0x0028A654,0x0028A690,60
FUN_0028a690,0x0028A690,0x0028A69C,12
FUN_0028a69c,0x0028A69C,0x0028A6AC,16
FUN_0028a6ac,0x0028A6AC,0x0028A6B8,12
FUN_0028a6b8,0x0028A6B8,0x0028A70C,84
FUN_0028a70c,0x0028A70C,0x0028A760,84
FUN_0028a760,0x0028A760,0x0028A784,36
FUN_0028a784,0x0028A784,0x0028A790,12
FUN_0028a790,0x0028A790,0x0028A79C,12
FUN_0028a79c,0x0028A79C,0x0028A7C0,36
FUN_0028a7c0,0x0028A7C0,0x0028A7CC,12
FUN_0028a7cc,0x0028A7CC,0x0028A844,120
FUN_0028a844,0x0028A844,0x0028A864,32
FUN_0028a864,0x0028A864,0x0028A874,16
FUN_0028a874,0x0028A874,0x0028A89C,40
FUN_0028a89c,0x0028A89C,0x0028A8D0,52
FUN_0028a8d0,0x0028A8D0,0x0028A8D8,8
FUN_0028a8d8,0x0028A8D8,0x0028A99C,196
FUN_0028a99c,0x0028A99C,0x0028AA28,140
FUN_0028aa28,0x0028AA28,0x0028AB9C,372
FUN_0028ab9c,0x0028AB9C,0x0028AC94,248
FUN_0028ac94,0x0028AC94,0x0028AE74,480
FUN_0028ae74,0x0028AE74,0x0028AFC8,340
FUN_0028afc8,0x0028AFC8,0x0028AFD8,16
FUN_0028afd8,0x0028AFD8,0x0028B010,56
FUN_0028b010,0x0028B010,0x0028B028,24
FUN_0028b028,0x0028B028,0x0028B040,24
FUN_0028b040,0x0028B040,0x0028B074,52
FUN_0028b074,0x0028B074,0x0028B0AC,56
FUN_0028b0ac,0x0028B0AC,0x0028B0E4,56
FUN_0028b0e4,0x0028B0E4,0x0028B114,48
FUN_0028b114,0x0028B114,0x0028B12C,24
FUN_0028b12c,0x0028B12C,0x0028B144,24
FUN_0028b144,0x0028B144,0x0028B17C,56
FUN_0028b17c,0x0028B17C,0x0028B250,212
FUN_0028b250,0x0028B250,0x0028B2CC,124
FUN_0028b2cc,0x0028B2CC,0x0028B520,596
FUN_0028b520,0x0028B520,0x0028B78C,620
FUN_0028b78c,0x0028B78C,0x0028B95C,464
FUN_0028b95c,0x0028B95C,0x0028BAE4,392
FUN_0028bae4,0x0028BAE4,0x0028BB6C,136
FUN_0028bb6c,0x0028BB6C,0x0028BC28,188
FUN_0028bc28,0x0028BC28,0x0028BCB8,144
FUN_0028bcb8,0x0028BCB8,0x0028BD34,124
FUN_0028bd34,0x0028BD34,0x0028BDB0,124
FUN_0028bdb0,0x0028BDB0,0x0028BE00,80
FUN_0028be00,0x0028BE00,0x0028BE88,136
FUN_0028be88,0x0028BE88,0x0028BE98,16
FUN_0028be98,0x0028BE98,0x0028C0C0,552
FUN_0028c0c0,0x0028C0C0,0x0028C3B8,760
FUN_0028c3b8,0x0028C3B8,0x0028C3D8,32
FUN_0028c3d8,0x0028C3D8,0x0028C40C,52
FUN_0028c40c,0x0028C40C,0x0028C454,72
FUN_0028c454,0x0028C454,0x0028C46C,24
FUN_0028c46c,0x0028C46C,0x0028C558,236
FUN_0028c558,0x0028C558,0x0028C71C,452
FUN_0028c71c,0x0028C71C,0x0028C7C0,164
FUN_0028c7c0,0x0028C7C0,0x0028C840,128
FUN_0028c840,0x0028C840,0x0028C8F8,184
FUN_0028c8f8,0x0028C8F8,0x0028CA34,316
FUN_0028ca34,0x0028CA34,0x0028CAC4,144
FUN_0028cac4,0x0028CAC4,0x0028CB00,60
FUN_0028cb00,0x0028CB00,0x0028CB98,152
FUN_0028cb98,0x0028CB98,0x0028CC50,184
FUN_0028cc50,0x0028CC50,0x0028CD78,296
FUN_0028cd78,0x0028CD78,0x0028CD98,32
FUN_0028cd98,0x0028CD98,0x0028CE10,120
FUN_0028ce10,0x0028CE10,0x0028CE78,104
FUN_0028ce78,0x0028CE78,0x0028CEF8,128
FUN_0028cef8,0x0028CEF8,0x0028CF68,112
FUN_0028cf68,0x0028CF68,0x0028D010,168
FUN_0028d010,0x0028D010,0x0028D098,136
FUN_0028d098,0x0028D098,0x0028D0B8,32
FUN_0028d0b8,0x0028D0B8,0x0028D13C,132
FUN_0028d13c,0x0028D13C,0x0028D1F8,188
FUN_0028d1f8,0x0028D1F8,0x0028D26C,116
FUN_0028d26c,0x0028D26C,0x0028D724,1208
FUN_0028d724,0x0028D724,0x0028D7B0,140
FUN_0028d7b0,0x0028D7B0,0x0028DB7C,972
FUN_0028db7c,0x0028DB7C,0x0028DBAC,48
FUN_0028dbac,0x0028DBAC,0x0028DBD8,44
FUN_0028dbd8,0x0028DBD8,0x0028DE24,588
FUN_0028de24,0x0028DE24,0x0028DE60,60
FUN_0028de60,0x0028DE60,0x0028E364,1284
FUN_0028e364,0x0028E364,0x0028E450,236
FUN_0028e450,0x0028E450,0x0028E4C0,112
FUN_0028e4c0,0x0028E4C0,0x0028E528,104
FUN_0028e528,0x0028E528,0x0028E6D0,424
FUN_0028e6d0,0x0028E6D0,0x0028E6E8,24
FUN_0028e6e8,0x0028E6E8,0x0028E72C,68
FUN_0028e72c,0x0028E72C,0x0028E740,20
FUN_0028e740,0x0028E740,0x0028E754,20
FUN_0028e754,0x0028E754,0x0028E788,52
FUN_0028e788,0x0028E788,0x0028E820,152
FUN_0028e820,0x0028E820,0x0028E90C,236
FUN_0028e90c,0x0028E90C,0x0028E91C,16
FUN_0028e91c,0x0028E91C,0x0028E954,56
FUN_0028e954,0x0028E954,0x0028E98C,56
FUN_0028e98c,0x0028E98C,0x0028EA08,124
FUN_0028ea08,0x0028EA08,0x0028EA84,124
FUN_0028ea84,0x0028EA84,0x0028EB20,156
FUN_0028eb20,0x0028EB20,0x0028EB40,32
FUN_0028eb40,0x0028EB40,0x0028EB5C,28
FUN_0028eb5c,0x0028EB5C,0x0028EBA0,68
FUN_0028eba0,0x0028EBA0,0x0028EBBC,28
FUN_0028ebbc,0x0028EBBC,0x0028EBE8,44
FUN_0028ebe8,0x0028EBE8,0x0028EC00,24
FUN_0028ec00,0x0028EC00,0x0028EC30,48
FUN_0028ec30,0x0028EC30,0x0028EC68,56
FUN_0028ec68,0x0028EC68,0x0028ECAC,68
FUN_0028ecac,0x0028ECAC,0x0028ED08,92
FUN_0028ed08,0x0028ED08,0x0028ED58,80
FUN_0028ed58,0x0028ED58,0x0028ED88,48
FUN_0028ed88,0x0028ED88,0x0028EDA4,28
FUN_0028eda4,0x0028EDA4,0x0028EDF4,80
FUN_0028edf4,0x0028EDF4,0x0028EE24,48
FUN_0028ee24,0x0028EE24,0x0028EE4C,40
FUN_0028ee4c,0x0028EE4C,0x0028EE68,28
FUN_0028ee68,0x0028EE68,0x0028EEA4,60
FUN_0028eea4,0x0028EEA4,0x0028EED0,44
FUN_0028eed0,0x0028EED0,0x0028EEFC,44
FUN_0028eefc,0x0028EEFC,0x0028EF18,28
FUN_0028ef18,0x0028EF18,0x0028F9C4,2732
FUN_0028f9c4,0x0028F9C4,0x0028FEDC,1304
FUN_0028fedc,0x0028FEDC,0x0029075C,2176
FUN_0029075c,0x0029075C,0x00290D6C,1552
FUN_00290d6c,0x00290D6C,0x00291334,1480
FUN_00291334,0x00291334,0x002913AC,120
FUN_002913ac,0x002913AC,0x00291A5C,1712
FUN_00291a5c,0x00291A5C,0x00291AD4,120
FUN_00291ad4,0x00291AD4,0x00291E28,852
FUN_00291e28,0x00291E28,0x00291FBC,404
FUN_00291fbc,0x00291FBC,0x00292024,104
FUN_00292024,0x00292024,0x00292054,48
FUN_00292054,0x00292054,0x00292228,468
FUN_00292228,0x00292228,0x002923DC,436
FUN_002923dc,0x002923DC,0x00292504,296
FUN_00292504,0x00292504,0x00292690,396
FUN_00292690,0x00292690,0x002926F0,96
FUN_002926f0,0x002926F0,0x00292700,16
FUN_00292700,0x00292700,0x00292744,68
FUN_00292744,0x00292744,0x002927E4,160
FUN_002927e4,0x002927E4,0x002929B8,468
FUN_002929b8,0x002929B8,0x00292AB8,256
FUN_00292ab8,0x00292AB8,0x00292B9C,228
FUN_00292b9c,0x00292B9C,0x00292F84,1000
FUN_00292f84,0x00292F84,0x00293114,400
FUN_00293114,0x00293114,0x0029322C,280
FUN_0029322c,0x0029322C,0x0029353C,784
FUN_0029353c,0x0029353C,0x002936CC,400
FUN_002936cc,0x002936CC,0x002937D0,260
FUN_002937d0,0x002937D0,0x00293FF4,2084
FUN_00293ff4,0x00293FF4,0x0029484C,2136
FUN_0029484c,0x0029484C,0x00295784,3896
FUN_00295784,0x00295784,0x00296B38,5044
FUN_00296b38,0x00296B38,0x00296F40,1032
FUN_00296f40,0x00296F40,0x002970D0,400
FUN_002970d0,0x002970D0,0x002971E8,280
FUN_002971e8,0x002971E8,0x002975D0,1000
FUN_002975d0,0x002975D0,0x00297760,400
FUN_00297760,0x00297760,0x00297878,280
FUN_00297878,0x00297878,0x00297BB0,824
FUN_00297bb0,0x00297BB0,0x00297D40,400
FUN_00297d40,0x00297D40,0x00297E44,260
FUN_00297e44,0x00297E44,0x00298154,784
FUN_00298154,0x00298154,0x002982E4,400
FUN_002982e4,0x002982E4,0x002983E8,260
FUN_002983e8,0x002983E8,0x00298664,636
FUN_00298664,0x00298664,0x00299394,3376
FUN_00299394,0x00299394,0x0029A180,3564
FUN_0029a180,0x0029A180,0x0029B58C,5132
FUN_0029b58c,0x0029B58C,0x0029B5BC,48
FUN_0029b5bc,0x0029B5BC,0x0029B5DC,32
FUN_0029b5dc,0x0029B5DC,0x0029B5F0,20
FUN_0029b5f0,0x0029B5F0,0x0029B648,88
FUN_0029b648,0x0029B648,0x0029B748,256
FUN_0029b748,0x0029B748,0x0029B848,256
FUN_0029b848,0x0029B848,0x0029B874,44
FUN_0029b874,0x0029B874,0x0029B9B4,320
FUN_0029b9b4,0x0029B9B4,0x0029BAF4,320
FUN_0029baf4,0x0029BAF4,0x0029BBC4,208
FUN_0029bbc4,0x0029BBC4,0x0029BC94,208
FUN_0029bc94,0x0029BC94,0x0029BD54,192
FUN_0029bd54,0x0029BD54,0x0029BD70,28
FUN_0029bd70,0x0029BD70,0x0029BE90,288
FUN_0029be90,0x0029BE90,0x0029CB90,3328
FUN_0029cb90,0x0029CB90,0x0029CFEC,1116
FUN_0029cfec,0x0029CFEC,0x0029D470,1156
FUN_0029d470,0x0029D470,0x0029D504,148
FUN_0029d504,0x0029D504,0x0029D52C,40
FUN_0029d52c,0x0029D52C,0x0029D57C,80
FUN_0029d57c,0x0029D57C,0x0029D81C,672
FUN_0029d81c,0x0029D81C,0x0029D87C,96
FUN_0029d87c,0x0029D87C,0x0029DBF4,888
FUN_0029dbf4,0x0029DBF4,0x0029DC28,52
FUN_0029dc28,0x0029DC28,0x0029E4A4,2172
FUN_0029e4a4,0x0029E4A4,0x0029E5AC,264
FUN_0029e5ac,0x0029E5AC,0x0029E6C0,276
FUN_0029e6c0,0x0029E6C0,0x0029E844,388
FUN_0029e844,0x0029E844,0x0029E8B8,116
FUN_0029e8b8,0x0029E8B8,0x0029EC2C,884
FUN_0029ec2c,0x0029EC2C,0x0029F020,1012
FUN_0029f020,0x0029F020,0x0029F0D8,184
FUN_0029f0d8,0x0029F0D8,0x0029F144,108
FUN_0029f144,0x0029F144,0x0029F1B0,108
FUN_0029f1b0,0x0029F1B0,0x0029F234,132
FUN_0029f234,0x0029F234,0x0029F2C0,140
FUN_0029f2c0,0x0029F2C0,0x0029F650,912
FUN_0029f650,0x0029F650,0x0029F748,248
FUN_0029f748,0x0029F748,0x0029F8A0,344
FUN_0029f8a0,0x0029F8A0,0x0029F9D0,304
FUN_0029f9d0,0x0029F9D0,0x0029FB18,328
FUN_0029fb18,0x0029FB18,0x0029FB20,8
FUN_0029fb20,0x0029FB20,0x0029FC60,320
FUN_0029fc60,0x0029FC60,0x0029FD1C,188
FUN_0029fd1c,0x0029FD1C,0x0029FD30,20
FUN_0029fd30,0x0029FD30,0x0029FD44,20
FUN_0029fd44,0x0029FD44,0x0029FD54,16
FUN_0029fd54,0x0029FD54,0x0029FD68,20
FUN_0029fd68,0x0029FD68,0x0029FD7C,20
FUN_0029fd7c,0x0029FD7C,0x0029FD8C,16
FUN_0029fd8c,0x0029FD8C,0x0029FFD4,584
FUN_0029ffd4,0x0029FFD4,0x002A0098,196
FUN_002a0098,0x002A0098,0x002A040C,884
FUN_002a040c,0x002A040C,0x002A0590,388
FUN_002a0590,0x002A0590,0x002A0614,132
FUN_002a0614,0x002A0614,0x002A06B4,160
FUN_002a06b4,0x002A06B4,0x002A06C8,20
FUN_002a06c8,0x002A06C8,0x002A0724,92
FUN_002a0724,0x002A0724,0x002A07F0,204
FUN_002a07f0,0x002A07F0,0x002A08A0,176
FUN_002a08a0,0x002A08A0,0x002A0A5C,444
FUN_002a0a5c,0x002A0A5C,0x002A0AC0,100
FUN_002a0ac0,0x002A0AC0,0x002A0AE8,40
FUN_002a0ae8,0x002A0AE8,0x002A0D1C,564
FUN_002a0d1c,0x002A0D1C,0x002A0D5C,64
FUN_002a0d5c,0x002A0D5C,0x002A0D7C,32
FUN_002a0d7c,0x002A0D7C,0x002A0DE4,104
FUN_002a0de4,0x002A0DE4,0x002A0E24,64
FUN_002a0e24,0x002A0E24,0x002A0E7C,88
FUN_002a0e7c,0x002A0E7C,0x002A0ED8,92
FUN_002a0ed8,0x002A0ED8,0x002A0F18,64
FUN_002a0f18,0x002A0F18,0x002A0F80,104
FUN_002a0f80,0x002A0F80,0x002A114C,460
FUN_002a114c,0x002A114C,0x002A126C,288
FUN_002a126c,0x002A126C,0x002A1DB4,2888
FUN_002a1db4,0x002A1DB4,0x002A1DF4,64
FUN_002a1df4,0x002A1DF4,0x002A1E00,12
FUN_002a1e00,0x002A1E00,0x002A1EB0,176
FUN_002a1eb0,0x002A1EB0,0x002A1F5C,172
FUN_002a1f5c,0x002A1F5C,0x002A2064,264
FUN_002a2064,0x002A2064,0x002A2270,524
FUN_002a2270,0x002A2270,0x002A2768,1272
FUN_002a2768,0x002A2768,0x002A29E0,632
FUN_002a29e0,0x002A29E0,0x002A2C3C,604
FUN_002a2c3c,0x002A2C3C,0x002A2CF4,184
FUN_002a2cf4,0x002A2CF4,0x002A2D24,48
FUN_002a2d24,0x002A2D24,0x002A2D60,60
FUN_002a2d60,0x002A2D60,0x002A2E58,248
FUN_002a2e58,0x002A2E58,0x002A2EB0,88
FUN_002a2eb0,0x002A2EB0,0x002A2FB0,256
FUN_002a2fb0,0x002A2FB0,0x002A3090,224
FUN_002a3090,0x002A3090,0x002A30B0,32
FUN_002a30b0,0x002A30B0,0x002A3140,144
FUN_002a3140,0x002A3140,0x002A3198,88
FUN_002a3198,0x002A3198,0x002A3268,208
FUN_002a3268,0x002A3268,0x002A3294,44
FUN_002a3294,0x002A3294,0x002A36D4,1088
FUN_002a36d4,0x002A36D4,0x002A372C,88
FUN_002a372c,0x002A372C,0x002A3764,56
FUN_002a3764,0x002A3764,0x002A37B0,76
FUN_002a37b0,0x002A37B0,0x002A37DC,44
FUN_002a37dc,0x002A37DC,0x002A3808,44
FUN_002a3808,0x002A3808,0x002A3834,44
FUN_002a3834,0x002A3834,0x002A3860,44
FUN_002a3860,0x002A3860,0x002A3964,260
FUN_002a3964,0x002A3964,0x002A3978,20
FUN_002a3978,0x002A3978,0x002A39A4,44
FUN_002a39a4,0x002A39A4,0x002A39D0,44
FUN_002a39d0,0x002A39D0,0x002A3A04,52
FUN_002a3a04,0x002A3A04,0x002A3A30,44
FUN_002a3a30,0x002A3A30,0x002A3A5C,44
FUN_002a3a5c,0x002A3A5C,0x002A3A94,56
FUN_002a3a94,0x002A3A94,0x002A3AE0,76
FUN_002a3ae0,0x002A3AE0,0x002A3B1C,60
FUN_002a3b1c,0x002A3B1C,0x002A3B5C,64
FUN_002a3b5c,0x002A3B5C,0x002A3B9C,64
FUN_002a3b9c,0x002A3B9C,0x002A3BD8,60
FUN_002a3bd8,0x002A3BD8,0x002A3C64,140
FUN_002a3c64,0x002A3C64,0x002A3CE8,132
FUN_002a3ce8,0x002A3CE8,0x002A3D60,120
FUN_002a3d60,0x002A3D60,0x002A3D74,20
FUN_002a3d74,0x002A3D74,0x002A3E00,140
FUN_002a3e00,0x002A3E00,0x002A3E74,116
FUN_002a3e74,0x002A3E74,0x002A3EB8,68
FUN_002a3eb8,0x002A3EB8,0x002A3EF4,60
FUN_002a3ef4,0x002A3EF4,0x002A3F24,48
FUN_002a3f24,0x002A3F24,0x002A3F84,96
FUN_002a3f84,0x002A3F84,0x002A4214,656
FUN_002a4214,0x002A4214,0x002A4244,48
FUN_002a4244,0x002A4244,0x002A42A4,96
FUN_002a42a4,0x002A42A4,0x002A4548,676
FUN_002a4548,0x002A4548,0x002A4660,280
FUN_002a4660,0x002A4660,0x002A46E0,128
FUN_002a46e0,0x002A46E0,0x002A47DC,252
FUN_002a47dc,0x002A47DC,0x002A49D0,500
FUN_002a49d0,0x002A49D0,0x002A4A60,144
FUN_002a4a60,0x002A4A60,0x002A4D3C,732
FUN_002a4d3c,0x002A4D3C,0x002A4DC4,136
FUN_002a4dc4,0x002A4DC4,0x002A4DE4,32
FUN_002a4de4,0x002A4DE4,0x002A4DF0,12
FUN_002a4df0,0x002A4DF0,0x002A4E0C,28
FUN_002a4e0c,0x002A4E0C,0x002A52A4,1176
FUN_002a52a4,0x002A52A4,0x002A5498,500
FUN_002a5498,0x002A5498,0x002A57B4,796
FUN_002a57b4,0x002A57B4,0x002A584C,152
FUN_002a584c,0x002A584C,0x002A6200,2484
FUN_002a6200,0x002A6200,0x002A6708,1288
FUN_002a6708,0x002A6708,0x002A6BF4,1260
FUN_002a6bf4,0x002A6BF4,0x002A6CD4,224
FUN_002a6cd4,0x002A6CD4,0x002A6DBC,232
FUN_002a6dbc,0x002A6DBC,0x002A6E28,108
FUN_002a6e28,0x002A6E28,0x002A6E9C,116
FUN_002a6e9c,0x002A6E9C,0x002A6F04,104
FUN_002a6f04,0x002A6F04,0x002A6F3C,56
FUN_002a6f3c,0x002A6F3C,0x002A7474,1336
FUN_002a7474,0x002A7474,0x002A7574,256
FUN_002a7574,0x002A7574,0x002A7594,32
FUN_002a7594,0x002A7594,0x002A75B4,32
FUN_002a75b4,0x002A75B4,0x002A75F4,64
FUN_002a75f4,0x002A75F4,0x002A7634,64
FUN_002a7634,0x002A7634,0x002A7724,240
FUN_002a7724,0x002A7724,0x002A7780,92
FUN_002a7780,0x002A7780,0x002A77A0,32
FUN_002a77a0,0x002A77A0,0x002A7880,224
FUN_002a7880,0x002A7880,0x002A78AC,44
FUN_002a78ac,0x002A78AC,0x002A7904,88
FUN_002a7904,0x002A7904,0x002A7988,132
FUN_002a7988,0x002A7988,0x002A79A8,32
FUN_002a79a8,0x002A79A8,0x002A79D8,48
FUN_002a79d8,0x002A79D8,0x002A79F0,24
FUN_002a79f0,0x002A79F0,0x002A7A20,48
FUN_002a7a20,0x002A7A20,0x002A7A54,52
FUN_002a7a54,0x002A7A54,0x002A7B7C,296
FUN_002a7b7c,0x002A7B7C,0x002A7E98,796
FUN_002a7e98,0x002A7E98,0x002A81DC,836
FUN_002a81dc,0x002A81DC,0x002A8228,76
FUN_002a8228,0x002A8228,0x002A8A94,2156
FUN_002a8a94,0x002A8A94,0x002A8ECC,1080
FUN_002a8ecc,0x002A8ECC,0x002A931C,1104
FUN_002a931c,0x002A931C,0x002A9754,1080
FUN_002a9754,0x002A9754,0x002A9D98,1604
FUN_002a9d98,0x002A9D98,0x002A9E8C,244
FUN_002a9e8c,0x002A9E8C,0x002A9FA0,276
FUN_002a9fa0,0x002A9FA0,0x002AA0C0,288
FUN_002aa0c0,0x002AA0C0,0x002AA1B0,240
FUN_002aa1b0,0x002AA1B0,0x002AA2C0,272
FUN_002aa2c0,0x002AA2C0,0x002AA46C,428
FUN_002aa46c,0x002AA46C,0x002AA6D8,620
FUN_002aa6d8,0x002AA6D8,0x002AA834,348
FUN_002aa834,0x002AA834,0x002AA83C,8
FUN_002aa83c,0x002AA83C,0x002AA894,88
FUN_002aa894,0x002AA894,0x002AAF78,1764
FUN_002aaf78,0x002AAF78,0x002AB5B0,1592
FUN_002ab5b0,0x002AB5B0,0x002AB854,1844
entry_002ab858,0x002AB858,0x002AB8A8,80
entry_002ab8a8,0x002AB8A8,0x002ABC40,920
entry_002abc40,0x002ABC40,0x002ABC68,40
entry_002abc68,0x002ABC68,0x002ABCF4,140
FUN_002abcf4,0x002ABCF4,0x002ABFF4,768
FUN_002abff4,0x002ABFF4,0x002AC1C0,524
entry_002ac1c4,0x002AC1C4,0x002AC1F8,52
entry_002ac1f8,0x002AC1F8,0x002AC208,16
FUN_002ac208,0x002AC208,0x002AC5F0,1000
FUN_002ac5f0,0x002AC5F0,0x002AC9B0,1096
entry_002ac9b4,0x002AC9B4,0x002ACA3C,136
FUN_002aca3c,0x002ACA3C,0x002AD344,2976
entry_002ad348,0x002AD348,0x002AD5E0,664
FUN_002ad5e0,0x002AD5E0,0x002AD964,900
FUN_002ad964,0x002AD964,0x002ADDE8,1332
entry_002addec,0x002ADDEC,0x002ADE9C,176
FUN_002ade9c,0x002ADE9C,0x002ADFC4,296
FUN_002adfc4,0x002ADFC4,0x002AE01C,88
FUN_002ae01c,0x002AE01C,0x002AE6F8,1756
FUN_002ae6f8,0x002AE6F8,0x002AEA70,888
FUN_002aea70,0x002AEA70,0x002AEE30,960
FUN_002aee30,0x002AEE30,0x002AEE38,8
FUN_002aee38,0x002AEE38,0x002AEE58,32
FUN_002aee58,0x002AEE58,0x002AEE9C,68
FUN_002aee9c,0x002AEE9C,0x002AEEB8,28
FUN_002aeeb8,0x002AEEB8,0x002AEF08,80
FUN_002aef08,0x002AEF08,0x002AEF3C,52
FUN_002aef3c,0x002AEF3C,0x002AEF74,56
FUN_002aef74,0x002AEF74,0x002AEFBC,72
FUN_002aefbc,0x002AEFBC,0x002AF008,76
FUN_002af008,0x002AF008,0x002AF0C4,188
FUN_002af0c4,0x002AF0C4,0x002AF4F0,1068
FUN_002af4f0,0x002AF4F0,0x002AF55C,108
FUN_002af55c,0x002AF55C,0x002AF5A0,68
FUN_002af5a0,0x002AF5A0,0x002AF5A8,8
FUN_002af5a8,0x002AF5A8,0x002AF5B4,12
FUN_002af5b4,0x002AF5B4,0x002AF5BC,8
FUN_002af5bc,0x002AF5BC,0x002AF5C4,8
FUN_002af5c4,0x002AF5C4,0x002AF5D0,12
FUN_002af5d0,0x002AF5D0,0x002AF5D8,8
FUN_002af5d8,0x002AF5D8,0x002AF62C,84
FUN_002af62c,0x002AF62C,0x002AF800,468
FUN_002af800,0x002AF800,0x002AF848,72
FUN_002af848,0x002AF848,0x002AF998,336
FUN_002af998,0x002AF998,0x002AFB70,472
FUN_002afb70,0x002AFB70,0x002B02AC,1852
FUN_002b02ac,0x002B02AC,0x002B0430,388
FUN_002b0430,0x002B0430,0x002B0558,296
FUN_002b0558,0x002B0558,0x002B05A0,72
FUN_002b05a0,0x002B05A0,0x002B0820,640
FUN_002b0820,0x002B0820,0x002B083C,28
FUN_002b083c,0x002B083C,0x002B08E4,168
FUN_002b08e4,0x002B08E4,0x002B0CDC,1016
FUN_002b0cdc,0x002B0CDC,0x002B0CE8,12
FUN_002b0ce8,0x002B0CE8,0x002B17B8,2768
FUN_002b17b8,0x002B17B8,0x002B1C10,1112
FUN_002b1c10,0x002B1C10,0x002B2144,1332
FUN_002b2144,0x002B2144,0x002B216C,40
FUN_002b216c,0x002B216C,0x002B25A4,1080
FUN_002b25a4,0x002B25A4,0x002B2670,204
FUN_002b2670,0x002B2670,0x002B273C,204
FUN_002b273c,0x002B273C,0x002B28D8,412
FUN_002b28d8,0x002B28D8,0x002B2C88,944
FUN_002b2c88,0x002B2C88,0x002B2D0C,132
FUN_002b2d0c,0x002B2D0C,0x002B2DA8,156
FUN_002b2da8,0x002B2DA8,0x002B2EB0,264
FUN_002b2eb0,0x002B2EB0,0x002B2EB8,8
FUN_002b2eb8,0x002B2EB8,0x002B2EC0,8
FUN_002b2ec0,0x002B2EC0,0x002B2EC8,8
FUN_002b2ec8,0x002B2EC8,0x002B2ED0,8
FUN_002b2ed0,0x002B2ED0,0x002B2F24,84
FUN_002b2f24,0x002B2F24,0x002B32A8,900
FUN_002b32a8,0x002B32A8,0x002B33B4,268
FUN_002b33b4,0x002B33B4,0x002B367C,712
FUN_002b367c,0x002B367C,0x002B37BC,320
FUN_002b37bc,0x002B37BC,0x002B37F8,60
FUN_002b37f8,0x002B37F8,0x002B43D4,3036
FUN_002b43d4,0x002B43D4,0x002B4754,896
FUN_002b4754,0x002B4754,0x002B4904,432
FUN_002b4904,0x002B4904,0x002B4B8C,648
FUN_002b4b8c,0x002B4B8C,0x002B4D68,476
FUN_002b4d68,0x002B4D68,0x002B547C,1812
FUN_002b547c,0x002B547C,0x002B5B78,1788
FUN_002b5b78,0x002B5B78,0x002B5C44,204
FUN_002b5c44,0x002B5C44,0x002B5CAC,104
FUN_002b5cac,0x002B5CAC,0x002B5D3C,144
FUN_002b5d3c,0x002B5D3C,0x002B60BC,896
FUN_002b60bc,0x002B60BC,0x002B6CE0,3108
FUN_002b6ce0,0x002B6CE0,0x002B7220,1344
FUN_002b7220,0x002B7220,0x002B7A58,2104
FUN_002b7a58,0x002B7A58,0x002B7A68,16
FUN_002b7a68,0x002B7A68,0x002B7AA0,56
FUN_002b7aa0,0x002B7AA0,0x002B7AFC,92
FUN_002b7afc,0x002B7AFC,0x002B7B08,12
FUN_002b7b08,0x002B7B08,0x002B7CD4,460
FUN_002b7cd4,0x002B7CD4,0x002B7CF8,36
FUN_002b7cf8,0x002B7CF8,0x002B7D30,56
FUN_002b7d30,0x002B7D30,0x002B7EDC,428
FUN_002b7edc,0x002B7EDC,0x002B7F38,92
FUN_002b7f38,0x002B7F38,0x002B8F34,4092
FUN_002b8f34,0x002B8F34,0x002B8F50,28
FUN_002b8f50,0x002B8F50,0x002B8F84,52
FUN_002b8f84,0x002B8F84,0x002B957C,1528
FUN_002b957c,0x002B957C,0x002B95C0,68
FUN_002b95c0,0x002B95C0,0x002B95DC,28
FUN_002b95dc,0x002B95DC,0x002B9D28,1868
FUN_002b9d28,0x002B9D28,0x002BA328,1536
FUN_002ba328,0x002BA328,0x002BA370,72
FUN_002ba370,0x002BA370,0x002BA38C,28
FUN_002ba38c,0x002BA38C,0x002BAAB8,1836
FUN_002baab8,0x002BAAB8,0x002BAB40,136
FUN_002bab40,0x002BAB40,0x002BB9C8,3720
FUN_002bb9c8,0x002BB9C8,0x002BBA80,184
FUN_002bba80,0x002BBA80,0x002BBA9C,28
FUN_002bba9c,0x002BBA9C,0x002BBB18,124
FUN_002bbb18,0x002BBB18,0x002BD2C4,6060
FUN_002bd2c4,0x002BD2C4,0x002BD330,108
FUN_002bd330,0x002BD330,0x002BD368,56
FUN_002bd368,0x002BD368,0x002BD430,200
FUN_002bd430,0x002BD430,0x002BD528,248
FUN_002bd528,0x002BD528,0x002BDD88,2144
FUN_002bdd88,0x002BDD88,0x002BDDBC,52
FUN_002bddbc,0x002BDDBC,0x002BDEC0,260
FUN_002bdec0,0x002BDEC0,0x002BEAF0,3120
FUN_002beaf0,0x002BEAF0,0x002BEB8C,156
FUN_002beb8c,0x002BEB8C,0x002BF8FC,3440
FUN_002bf8fc,0x002BF8FC,0x002BF920,36
FUN_002bf920,0x002BF920,0x002BF92C,12
FUN_002bf92c,0x002BF92C,0x002BF950,36
FUN_002bf950,0x002BF950,0x002BF970,32
FUN_002bf970,0x002BF970,0x002BF9A8,56
FUN_002bf9a8,0x002BF9A8,0x002BF9B4,12
FUN_002bf9b4,0x002BF9B4,0x002BF9BC,8
FUN_002bf9bc,0x002BF9BC,0x002BF9C8,12
FUN_002bf9c8,0x002BF9C8,0x002C0178,1968
FUN_002c0178,0x002C0178,0x002C02A4,300
FUN_002c02a4,0x002C02A4,0x002C02AC,8
FUN_002c02ac,0x002C02AC,0x002C03E8,316
FUN_002c03e8,0x002C03E8,0x002C04C8,224
FUN_002c04c8,0x002C04C8,0x002C0C28,1888
FUN_002c0c28,0x002C0C28,0x002C1130,1288
FUN_002c1130,0x002C1130,0x002C1250,288
FUN_002c1250,0x002C1250,0x002C1350,256
FUN_002c1350,0x002C1350,0x002C141C,204
FUN_002c141c,0x002C141C,0x002C1424,8
FUN_002c1424,0x002C1424,0x002C152C,264
FUN_002c152c,0x002C152C,0x002C1624,248
FUN_002c1624,0x002C1624,0x002C1DEC,1992
FUN_002c1dec,0x002C1DEC,0x002C1E58,108
FUN_002c1e58,0x002C1E58,0x002C1E9C,68
FUN_002c1e9c,0x002C1E9C,0x002C1F68,204
FUN_002c1f68,0x002C1F68,0x002C23E8,1152
FUN_002c23e8,0x002C23E8,0x002C27AC,964
FUN_002c27ac,0x002C27AC,0x002C2AFC,848
FUN_002c2afc,0x002C2AFC,0x002C2B04,8
FUN_002c2b04,0x002C2B04,0x002C2B0C,8
FUN_002c2b0c,0x002C2B0C,0x002C2B48,60
FUN_002c2b48,0x002C2B48,0x002C2B68,32
FUN_002c2b68,0x002C2B68,0x002C2C08,160
FUN_002c2c08,0x002C2C08,0x002C2C48,64
FUN_002c2c48,0x002C2C48,0x002C2C88,64
FUN_002c2c88,0x002C2C88,0x002C2D78,240
FUN_002c2d78,0x002C2D78,0x002C2DBC,68
FUN_002c2dbc,0x002C2DBC,0x002C2F70,436
FUN_002c2f70,0x002C2F70,0x002C2FEC,124
FUN_002c2fec,0x002C2FEC,0x002C3088,156
FUN_002c3088,0x002C3088,0x002C30C8,64
FUN_002c30c8,0x002C30C8,0x002C3190,200
FUN_002c3190,0x002C3190,0x002C3238,168
FUN_002c3238,0x002C3238,0x002C3328,240
FUN_002c3328,0x002C3328,0x002C3368,64
FUN_002c3368,0x002C3368,0x002C367C,788
FUN_002c367c,0x002C367C,0x002C39E8,876
FUN_002c39e8,0x002C39E8,0x002C3B98,432
FUN_002c3b98,0x002C3B98,0x002C3D64,460
FUN_002c3d64,0x002C3D64,0x002C40A8,836
FUN_002c40a8,0x002C40A8,0x002C41E0,312
FUN_002c41e0,0x002C41E0,0x002C4260,128
FUN_002c4260,0x002C4260,0x002C4454,500
FUN_002c4454,0x002C4454,0x002C4628,468
FUN_002c4628,0x002C4628,0x002C4748,288
FUN_002c4748,0x002C4748,0x002C4768,32
FUN_002c4768,0x002C4768,0x002C47A0,56
FUN_002c47a0,0x002C47A0,0x002C4800,96
FUN_002c4800,0x002C4800,0x002C56E4,3812
FUN_002c56e4,0x002C56E4,0x002C57D8,244
FUN_002c57d8,0x002C57D8,0x002C585C,132
FUN_002c585c,0x002C585C,0x002C58B4,88
FUN_002c58b4,0x002C58B4,0x002C5924,112
FUN_002c5924,0x002C5924,0x002C598C,104
FUN_002c598c,0x002C598C,0x002C59D4,72
FUN_002c59d4,0x002C59D4,0x002C5A34,96
FUN_002c5a34,0x002C5A34,0x002C5A98,100
FUN_002c5a98,0x002C5A98,0x002C5B3C,164
FUN_002c5b3c,0x002C5B3C,0x002C5BC8,140
FUN_002c5bc8,0x002C5BC8,0x002C63B4,2028
FUN_002c63b4,0x002C63B4,0x002C6460,172
FUN_002c6460,0x002C6460,0x002C64EC,140
FUN_002c64ec,0x002C64EC,0x002C6514,40
FUN_002c6514,0x002C6514,0x002C8DD4,10432
FUN_002c8dd4,0x002C8DD4,0x002C9C00,3628
FUN_002c9c00,0x002C9C00,0x002CA51C,2332
FUN_002ca51c,0x002CA51C,0x002CA8B4,920
FUN_002ca8b4,0x002CA8B4,0x002CACE8,1076
FUN_002cace8,0x002CACE8,0x002CB4BC,2004
FUN_002cb4bc,0x002CB4BC,0x002CB5BC,256
FUN_002cb5bc,0x002CB5BC,0x002CCADC,5408
FUN_002ccadc,0x002CCADC,0x002CCB80,164
FUN_002ccb80,0x002CCB80,0x002CDC48,4296
FUN_002cdc48,0x002CDC48,0x002CDF80,824
FUN_002cdf80,0x002CDF80,0x002CE3EC,1132
FUN_002ce3ec,0x002CE3EC,0x002CE720,820
FUN_002ce720,0x002CE720,0x002CF52C,3596
FUN_002cf52c,0x002CF52C,0x002CF810,740
FUN_002cf810,0x002CF810,0x002CFAF4,740
FUN_002cfaf4,0x002CFAF4,0x002CFFEC,1272
FUN_002cffec,0x002CFFEC,0x002D0514,1320
FUN_002d0514,0x002D0514,0x002D0850,828
FUN_002d0850,0x002D0850,0x002D08B4,100
FUN_002d08b4,0x002D08B4,0x002D091C,104
FUN_002d091c,0x002D091C,0x002D115C,2112
FUN_002d115c,0x002D115C,0x002D19A8,2124
FUN_002d19a8,0x002D19A8,0x002D1D14,876
FUN_002d1d14,0x002D1D14,0x002D222C,1304
FUN_002d222c,0x002D222C,0x002D2400,468
FUN_002d2400,0x002D2400,0x002D26EC,748
FUN_002d26ec,0x002D26EC,0x002D27C0,212
FUN_002d27c0,0x002D27C0,0x002D2BC4,1028
FUN_002d2bc4,0x002D2BC4,0x002D2CBC,248
FUN_002d2cbc,0x002D2CBC,0x002D2FF4,824
FUN_002d2ff4,0x002D2FF4,0x002D30F8,260
FUN_002d30f8,0x002D30F8,0x002D3100,8
FUN_002d3100,0x002D3100,0x002D3108,8
FUN_002d3108,0x002D3108,0x002D32FC,500
FUN_002d32fc,0x002D32FC,0x002D331C,32
FUN_002d331c,0x002D331C,0x002D3324,8
FUN_002d3324,0x002D3324,0x002D386C,1352
FUN_002d386c,0x002D386C,0x002D39BC,336
FUN_002d39bc,0x002D39BC,0x002D3A68,172
FUN_002d3a68,0x002D3A68,0x002D3B30,200
FUN_002d3b30,0x002D3B30,0x002D3E38,776
FUN_002d3e38,0x002D3E38,0x002D460C,2004
FUN_002d460c,0x002D460C,0x002D4674,104
FUN_002d4674,0x002D4674,0x002D47D4,352
FUN_002d47d4,0x002D47D4,0x002D47DC,8
FUN_002d47dc,0x002D47DC,0x002D4874,152
FUN_002d4874,0x002D4874,0x002D495C,232
FUN_002d495c,0x002D495C,0x002D4A5C,256
FUN_002d4a5c,0x002D4A5C,0x002D4B54,248
FUN_002d4b54,0x002D4B54,0x002D4E2C,728
FUN_002d4e2c,0x002D4E2C,0x002D59C8,2972
FUN_002d59c8,0x002D59C8,0x002D59E8,32
FUN_002d59e8,0x002D59E8,0x002D5A44,92
FUN_002d5a44,0x002D5A44,0x002D5AD4,144
FUN_002d5ad4,0x002D5AD4,0x002D5BA0,204
FUN_002d5ba0,0x002D5BA0,0x002D5C04,100
FUN_002d5c04,0x002D5C04,0x002D5C8C,136
FUN_002d5c8c,0x002D5C8C,0x002D5C98,12
FUN_002d5c98,0x002D5C98,0x002D5CEC,84
FUN_002d5cec,0x002D5CEC,0x002D5D3C,80
FUN_002d5d3c,0x002D5D3C,0x002D5DC4,136
FUN_002d5dc4,0x002D5DC4,0x002D5E4C,136
FUN_002d5e4c,0x002D5E4C,0x002D5EFC,176
FUN_002d5efc,0x002D5EFC,0x002D5FB8,188
FUN_002d5fb8,0x002D5FB8,0x002D6080,200
FUN_002d6080,0x002D6080,0x002D6150,208
FUN_002d6150,0x002D6150,0x002D61B8,104
FUN_002d61b8,0x002D61B8,0x002D61E0,40
FUN_002d61e0,0x002D61E0,0x002D82E4,8452
FUN_002d82e4,0x002D82E4,0x002D8F00,3100
FUN_002d8f00,0x002D8F00,0x002D9250,848
FUN_002d9250,0x002D9250,0x002D95F4,932
FUN_002d95f4,0x002D95F4,0x002D95FC,8
FUN_002d95fc,0x002D95FC,0x002D9A3C,1088
FUN_002d9a3c,0x002D9A3C,0x002D9E74,1080
FUN_002d9e74,0x002D9E74,0x002DA448,1492
FUN_002da448,0x002DA448,0x002DA780,824
FUN_002da780,0x002DA780,0x002DACC8,1352
FUN_002dacc8,0x002DACC8,0x002DAE90,456
FUN_002dae90,0x002DAE90,0x002DAEE0,80
FUN_002daee0,0x002DAEE0,0x002DB5C0,1760
FUN_002db5c0,0x002DB5C0,0x002DB9A8,1000
FUN_002db9a8,0x002DB9A8,0x002DC37C,2516
FUN_002dc37c,0x002DC37C,0x002DC71C,928
FUN_002dc71c,0x002DC71C,0x002DC848,300
FUN_002dc848,0x002DC848,0x002DC850,8
FUN_002dc850,0x002DC850,0x002DC858,8
FUN_002dc858,0x002DC858,0x002DC8A4,76
FUN_002dc8a4,0x002DC8A4,0x002DC8C4,32
FUN_002dc8c4,0x002DC8C4,0x002DC8E0,28
FUN_002dc8e0,0x002DC8E0,0x002DC9D0,240
FUN_002dc9d0,0x002DC9D0,0x002DCA38,104
FUN_002dca38,0x002DCA38,0x002DCE70,1080
FUN_002dce70,0x002DCE70,0x002DCEA4,52
FUN_002dcea4,0x002DCEA4,0x002DD5DC,1848
FUN_002dd5dc,0x002DD5DC,0x002DD604,40
FUN_002dd604,0x002DD604,0x002DD644,64
FUN_002dd644,0x002DD644,0x002DD64C,8
FUN_002dd64c,0x002DD64C,0x002DD654,8
FUN_002dd654,0x002DD654,0x002DD65C,8
FUN_002dd65c,0x002DD65C,0x002DDB30,1236
FUN_002ddb30,0x002DDB30,0x002DDB38,8
FUN_002ddb38,0x002DDB38,0x002DDE18,736
FUN_002dde18,0x002DDE18,0x002DE668,2128
FUN_002de668,0x002DE668,0x002DE6C8,96
FUN_002de6c8,0x002DE6C8,0x002DE744,124
FUN_002de744,0x002DE744,0x002DE7BC,120
FUN_002de7bc,0x002DE7BC,0x002DE924,360
FUN_002de924,0x002DE924,0x002DE9E4,192
FUN_002de9e4,0x002DE9E4,0x002DEA5C,120
FUN_002dea5c,0x002DEA5C,0x002DEAF0,148
FUN_002deaf0,0x002DEAF0,0x002DEB64,116
FUN_002deb64,0x002DEB64,0x002DED84,544
FUN_002ded84,0x002DED84,0x002DEF1C,408
FUN_002def1c,0x002DEF1C,0x002DF1DC,704
FUN_002df1dc,0x002DF1DC,0x002DF210,52
FUN_002df210,0x002DF210,0x002DF6D8,1224
FUN_002df6d8,0x002DF6D8,0x002DF7B4,220
FUN_002df7b4,0x002DF7B4,0x002DF888,212
FUN_002df888,0x002DF888,0x002DF8C4,60
FUN_002df8c4,0x002DF8C4,0x002DFCB8,1012
FUN_002dfcb8,0x002DFCB8,0x002DFCC0,8
FUN_002dfcc0,0x002DFCC0,0x002DFFDC,796
FUN_002dffdc,0x002DFFDC,0x002E0040,100
FUN_002e0040,0x002E0040,0x002E0060,32
FUN_002e0060,0x002E0060,0x002E00C8,104
FUN_002e00c8,0x002E00C8,0x002E0A1C,2388
FUN_002e0a1c,0x002E0A1C,0x002E0A44,40
FUN_002e0a44,0x002E0A44,0x002E0A68,36
FUN_002e0a68,0x002E0A68,0x002E0AD0,104
FUN_002e0ad0,0x002E0AD0,0x002E0C7C,428
FUN_002e0c7c,0x002E0C7C,0x002E12B0,1588
FUN_002e12b0,0x002E12B0,0x002E1604,852
FUN_002e1604,0x002E1604,0x002E190C,776
FUN_002e190c,0x002E190C,0x002E2ABC,4528
FUN_002e2abc,0x002E2ABC,0x002E3678,3004
FUN_002e3678,0x002E3678,0x002E3A50,984
FUN_002e3a50,0x002E3A50,0x002E3C74,548
FUN_002e3c74,0x002E3C74,0x002E40C4,1104
FUN_002e40c4,0x002E40C4,0x002E4F00,3644
FUN_002e4f00,0x002E4F00,0x002E4F5C,92
FUN_002e4f5c,0x002E4F5C,0x002E5C00,3236
FUN_002e5c00,0x002E5C00,0x002E60D4,1236
FUN_002e60d4,0x002E60D4,0x002E70B4,4064
FUN_002e70b4,0x002E70B4,0x002E70BC,8
FUN_002e70bc,0x002E70BC,0x002E70C4,8
FUN_002e70c4,0x002E70C4,0x002E70E4,32
FUN_002e70e4,0x002E70E4,0x002E7104,32
FUN_002e7104,0x002E7104,0x002E714C,72
FUN_002e714c,0x002E714C,0x002E716C,32
FUN_002e716c,0x002E716C,0x002E71A4,56
FUN_002e71a4,0x002E71A4,0x002E7228,132
FUN_002e7228,0x002E7228,0x002E7238,16
FUN_002e7238,0x002E7238,0x002E7268,48
FUN_002e7268,0x002E7268,0x002E729C,52
FUN_002e729c,0x002E729C,0x002E7318,124
FUN_002e7318,0x002E7318,0x002E7328,16
FUN_002e7328,0x002E7328,0x002E73B4,140
FUN_002e73b4,0x002E73B4,0x002E73C4,16
FUN_002e73c4,0x002E73C4,0x002E7450,140
FUN_002e7450,0x002E7450,0x002E7460,16
FUN_002e7460,0x002E7460,0x002E74FC,156
FUN_002e74fc,0x002E74FC,0x002E750C,16
FUN_002e750c,0x002E750C,0x002E759C,144
FUN_002e759c,0x002E759C,0x002E7658,188
FUN_002e7658,0x002E7658,0x002E76EC,148
FUN_002e76ec,0x002E76EC,0x002E773C,80
FUN_002e773c,0x002E773C,0x002E77D0,148
FUN_002e77d0,0x002E77D0,0x002E77E4,20
FUN_002e77e4,0x002E77E4,0x002E7808,36
FUN_002e7808,0x002E7808,0x002E7900,248
FUN_002e7900,0x002E7900,0x002E7940,64
FUN_002e7940,0x002E7940,0x002E7968,40
FUN_002e7968,0x002E7968,0x002E7984,28
FUN_002e7984,0x002E7984,0x002E7990,12
FUN_002e7990,0x002E7990,0x002E799C,12
FUN_002e799c,0x002E799C,0x002E79B8,28
FUN_002e79b8,0x002E79B8,0x002E7A6C,180
FUN_002e7a6c,0x002E7A6C,0x002E7B1C,176
FUN_002e7b1c,0x002E7B1C,0x002E7DE4,712
FUN_002e7de4,0x002E7DE4,0x002E7E2C,72
FUN_002e7e2c,0x002E7E2C,0x002E7E90,100
FUN_002e7e90,0x002E7E90,0x002E7EB4,36
FUN_002e7eb4,0x002E7EB4,0x002E7F44,144
FUN_002e7f44,0x002E7F44,0x002E8024,224
FUN_002e8024,0x002E8024,0x002E8090,108
FUN_002e8090,0x002E8090,0x002E80B4,36
FUN_002e80b4,0x002E80B4,0x002E81A8,244
FUN_002e81a8,0x002E81A8,0x002E8270,200
FUN_002e8270,0x002E8270,0x002E828C,28
FUN_002e828c,0x002E828C,0x002E82D0,68
FUN_002e82d0,0x002E82D0,0x002E82FC,44
FUN_002e82fc,0x002E82FC,0x002E83E4,232
FUN_002e83e4,0x002E83E4,0x002E841C,56
FUN_002e841c,0x002E841C,0x002E8428,12
FUN_002e8428,0x002E8428,0x002E8430,8
FUN_002e8430,0x002E8430,0x002E8438,8
FUN_002e8438,0x002E8438,0x002E8458,32
FUN_002e8458,0x002E8458,0x002E8464,12
FUN_002e8464,0x002E8464,0x002E8478,20
FUN_002e8478,0x002E8478,0x002E848C,20
FUN_002e848c,0x002E848C,0x002E8498,12
FUN_002e8498,0x002E8498,0x002E84DC,68
FUN_002e84dc,0x002E84DC,0x002E84E8,12
FUN_002e84e8,0x002E84E8,0x002E8504,28
FUN_002e8504,0x002E8504,0x002E852C,40
FUN_002e852c,0x002E852C,0x002E8538,12
FUN_002e8538,0x002E8538,0x002E8564,44
FUN_002e8564,0x002E8564,0x002E8570,12
FUN_002e8570,0x002E8570,0x002E86EC,380
FUN_002e86ec,0x002E86EC,0x002E870C,32
FUN_002e870c,0x002E870C,0x002E879C,144
FUN_002e879c,0x002E879C,0x002E87C4,40
FUN_002e87c4,0x002E87C4,0x002E87E0,28
FUN_002e87e0,0x002E87E0,0x002E8818,56
FUN_002e8818,0x002E8818,0x002E8820,8
FUN_002e8820,0x002E8820,0x002E8854,52
FUN_002e8854,0x002E8854,0x002E8874,32
FUN_002e8874,0x002E8874,0x002E8CA8,1076
FUN_002e8ca8,0x002E8CA8,0x002E9140,1176
FUN_002e9140,0x002E9140,0x002E9314,468
FUN_002e9314,0x002E9314,0x002E93B8,164
FUN_002e93b8,0x002E93B8,0x002E93CC,20
FUN_002e93cc,0x002E93CC,0x002E942C,96
FUN_002e942c,0x002E942C,0x002E9488,92
FUN_002e9488,0x002E9488,0x002E94A8,32
FUN_002e94a8,0x002E94A8,0x002E94F8,80
FUN_002e94f8,0x002E94F8,0x002E952C,52
FUN_002e952c,0x002E952C,0x002E95BC,144
FUN_002e95bc,0x002E95BC,0x002E95CC,16
FUN_002e95cc,0x002E95CC,0x002E95D8,12
FUN_002e95d8,0x002E95D8,0x002E9C34,1628
FUN_002e9c34,0x002E9C34,0x002EA814,3040
FUN_002ea814,0x002EA814,0x002EA87C,104
FUN_002ea87c,0x002EA87C,0x002EA89C,32
FUN_002ea89c,0x002EA89C,0x002EAA88,492
FUN_002eaa88,0x002EAA88,0x002EACBC,564
FUN_002eacbc,0x002EACBC,0x002EAFF0,820
FUN_002eaff0,0x002EAFF0,0x002EB254,612
FUN_002eb254,0x002EB254,0x002EB358,260
FUN_002eb358,0x002EB358,0x002EB564,524
FUN_002eb564,0x002EB564,0x002EB5B4,80
FUN_002eb5b4,0x002EB5B4,0x002EB5E4,48
FUN_002eb5e4,0x002EB5E4,0x002EB604,32
FUN_002eb604,0x002EB604,0x002EBA30,1068
FUN_002eba30,0x002EBA30,0x002EBA78,88
FUN_002eba78,0x002EBA78,0x002EBA90,56
FUN_002eba90,0x002EBA90,0x002EBAA0,16
FUN_002ebaa0,0x002EBAA0,0x002EBAB0,16
FUN_002ebab0,0x002EBAB0,0x002EBAC0,16
entry_002ebac0,0x002EBAC0,0x002EBC10,336
FUN_002ebc10,0x002EBC10,0x002EBC18,8
FUN_002ebc18,0x002EBC18,0x002EBCB4,156
FUN_002ebcb4,0x002EBCB4,0x002EBCD4,32
FUN_002ebcd4,0x002EBCD4,0x002EBCDC,8
FUN_002ebcdc,0x002EBCDC,0x002EBF50,628
FUN_002ebf50,0x002EBF50,0x002EC064,276
FUN_002ec064,0x002EC064,0x002EC2FC,664
FUN_002ec2fc,0x002EC2FC,0x002EC34C,80
FUN_002ec34c,0x002EC34C,0x002EC374,40
FUN_002ec374,0x002EC374,0x002EC394,32
FUN_002ec394,0x002EC394,0x002EC414,128
FUN_002ec414,0x002EC414,0x002EC464,80
FUN_002ec464,0x002EC464,0x002EC4B4,80
FUN_002ec4b4,0x002EC4B4,0x002EC688,468
FUN_002ec688,0x002EC688,0x002EC704,124
FUN_002ec704,0x002EC704,0x002EC70C,8
FUN_002ec70c,0x002EC70C,0x002EC714,8
FUN_002ec714,0x002EC714,0x002EC71C,8
FUN_002ec71c,0x002EC71C,0x002EC724,8
FUN_002ec724,0x002EC724,0x002EC7B0,140
FUN_002ec7b0,0x002EC7B0,0x002EC7E4,52
FUN_002ec7e4,0x002EC7E4,0x002EC7F4,16
FUN_002ec7f4,0x002EC7F4,0x002ECC70,1148
FUN_002ecc70,0x002ECC70,0x002ECC7C,12
FUN_002ecc7c,0x002ECC7C,0x002ECC84,8
FUN_002ecc84,0x002ECC84,0x002ECC8C,8
FUN_002ecc8c,0x002ECC8C,0x002ECEFC,624
FUN_002ecefc,0x002ECEFC,0x002ECF90,148
FUN_002ecf90,0x002ECF90,0x002ED7A0,2064
FUN_002ed7a0,0x002ED7A0,0x002ED8E4,324
FUN_002ed8e4,0x002ED8E4,0x002ED978,148
FUN_002ed978,0x002ED978,0x002EDEB8,1344
FUN_002edeb8,0x002EDEB8,0x002EDF50,152
FUN_002edf50,0x002EDF50,0x002EE190,576
FUN_002ee190,0x002EE190,0x002EEBD8,2632
FUN_002eebd8,0x002EEBD8,0x002EF0D0,1272
FUN_002ef0d0,0x002EF0D0,0x002EF61C,1356
FUN_002ef61c,0x002EF61C,0x002EF624,8
FUN_002ef624,0x002EF624,0x002EF690,108
FUN_002ef690,0x002EF690,0x002EF6C8,56
FUN_002ef6c8,0x002EF6C8,0x002EF734,108
FUN_002ef734,0x002EF734,0x002EF768,52
FUN_002ef768,0x002EF768,0x002EF788,32
FUN_002ef788,0x002EF788,0x002EF858,208
FUN_002ef858,0x002EF858,0x002EF8F8,160
FUN_002ef8f8,0x002EF8F8,0x002EF92C,52
FUN_002ef92c,0x002EF92C,0x002EF94C,32
FUN_002ef94c,0x002EF94C,0x002EF954,8
FUN_002ef954,0x002EF954,0x002EFBD4,640
FUN_002efbd4,0x002EFBD4,0x002EFCCC,248
FUN_002efccc,0x002EFCCC,0x002EFEA0,468
FUN_002efea0,0x002EFEA0,0x002EFEF0,80
FUN_002efef0,0x002EFEF0,0x002EFF18,40
FUN_002eff18,0x002EFF18,0x002EFF38,32
FUN_002eff38,0x002EFF38,0x002EFF78,64
FUN_002eff78,0x002EFF78,0x002EFFB8,64
FUN_002effb8,0x002EFFB8,0x002F0058,160
FUN_002f0058,0x002F0058,0x002F00BC,100
FUN_002f00bc,0x002F00BC,0x002F00E0,36
FUN_002f00e0,0x002F00E0,0x002F0218,312
FUN_002f0218,0x002F0218,0x002F0258,64
FUN_002f0258,0x002F0258,0x002F02E0,136
FUN_002f02e0,0x002F02E0,0x002F03A4,196
FUN_002f03a4,0x002F03A4,0x002F04BC,280
FUN_002f04bc,0x002F04BC,0x002F0594,216
FUN_002f0594,0x002F0594,0x002F0638,164
FUN_002f0638,0x002F0638,0x002F0728,240
FUN_002f0728,0x002F0728,0x002F07C8,160
FUN_002f07c8,0x002F07C8,0x002F081C,84
FUN_002f081c,0x002F081C,0x002F087C,96
FUN_002f087c,0x002F087C,0x002F089C,32
FUN_002f089c,0x002F089C,0x002F08C8,44
FUN_002f08c8,0x002F08C8,0x002F092C,100
FUN_002f092c,0x002F092C,0x002F0994,104
FUN_002f0994,0x002F0994,0x002F09B4,32
FUN_002f09b4,0x002F09B4,0x002F09DC,40
FUN_002f09dc,0x002F09DC,0x002F0A1C,64
FUN_002f0a1c,0x002F0A1C,0x002F0A28,12
entry_002f0a28,0x002F0A28,0x002F0A48,32
FUN_002f0a48,0x002F0A48,0x002F0AE4,156
FUN_002f0ae4,0x002F0AE4,0x002F0D30,588
FUN_002f0d30,0x002F0D30,0x002F0F70,576
FUN_002f0f70,0x002F0F70,0x002F143C,1228
FUN_002f143c,0x002F143C,0x002F190C,1232
FUN_002f190c,0x002F190C,0x002F197C,112
FUN_002f197c,0x002F197C,0x002F1AD4,344
FUN_002f1ad4,0x002F1AD4,0x002F1E2C,856
FUN_002f1e2c,0x002F1E2C,0x002F1E34,8
FUN_002f1e34,0x002F1E34,0x002F1E80,76
FUN_002f1e80,0x002F1E80,0x002F2130,688
FUN_002f2130,0x002F2130,0x002F23FC,716
FUN_002f23fc,0x002F23FC,0x002F2430,52
FUN_002f2430,0x002F2430,0x002F2450,32
FUN_002f2450,0x002F2450,0x002F25C8,376
FUN_002f25c8,0x002F25C8,0x002F25E0,24
FUN_002f25e0,0x002F25E0,0x002F25F0,16
FUN_002f25f0,0x002F25F0,0x002F269C,172
FUN_002f269c,0x002F269C,0x002F26DC,64
FUN_002f26dc,0x002F26DC,0x002F2700,36
FUN_002f2700,0x002F2700,0x002F2718,24
FUN_002f2718,0x002F2718,0x002F2730,24
FUN_002f2730,0x002F2730,0x002F27A8,120
FUN_002f27a8,0x002F27A8,0x002F27B8,16
FUN_002f27b8,0x002F27B8,0x002F2924,364
FUN_002f2924,0x002F2924,0x002F2A50,300
FUN_002f2a50,0x002F2A50,0x002F2AC4,116
FUN_002f2ac4,0x002F2AC4,0x002F2E50,908
FUN_002f2e50,0x002F2E50,0x002F2E98,72
FUN_002f2e98,0x002F2E98,0x002F2FC4,300
FUN_002f2fc4,0x002F2FC4,0x002F300C,72
FUN_002f300c,0x002F300C,0x002F3054,72
FUN_002f3054,0x002F3054,0x002F30AC,88
FUN_002f30ac,0x002F30AC,0x002F30E4,56
FUN_002f30e4,0x002F30E4,0x002F3118,52
FUN_002f3118,0x002F3118,0x002F314C,52
FUN_002f314c,0x002F314C,0x002F31A0,84
FUN_002f31a0,0x002F31A0,0x002F31D8,56
FUN_002f31d8,0x002F31D8,0x002F3228,80
FUN_002f3228,0x002F3228,0x002F3278,80
FUN_002f3278,0x002F3278,0x002F33C4,332
FUN_002f33c4,0x002F33C4,0x002F3430,108
FUN_002f3430,0x002F3430,0x002F3584,340
FUN_002f3584,0x002F3584,0x002F3594,16
FUN_002f3594,0x002F3594,0x002F3784,496
FUN_002f3784,0x002F3784,0x002F379C,24
FUN_002f379c,0x002F379C,0x002F37DC,64
FUN_002f37dc,0x002F37DC,0x002F37F4,24
FUN_002f37f4,0x002F37F4,0x002F3808,20
FUN_002f3808,0x002F3808,0x002F3818,16
FUN_002f3818,0x002F3818,0x002F3828,16
FUN_002f3828,0x002F3828,0x002F3848,32
FUN_002f3848,0x002F3848,0x002F3880,56
FUN_002f3880,0x002F3880,0x002F3888,8
FUN_002f3888,0x002F3888,0x002F39D0,328
FUN_002f39d0,0x002F39D0,0x002F3BE0,528
FUN_002f3be0,0x002F3BE0,0x002F3BE8,8
FUN_002f3be8,0x002F3BE8,0x002F3C3C,84
FUN_002f3c3c,0x002F3C3C,0x002F3C44,8
FUN_002f3c44,0x002F3C44,0x002F3C4C,8
FUN_002f3c4c,0x002F3C4C,0x002F3C8C,64
FUN_002f3c8c,0x002F3C8C,0x002F3C94,8
FUN_002f3c94,0x002F3C94,0x002F3E58,452
FUN_002f3e58,0x002F3E58,0x002F40B0,600
FUN_002f40b0,0x002F40B0,0x002F40C8,24
FUN_002f40c8,0x002F40C8,0x002F40F4,44
FUN_002f40f4,0x002F40F4,0x002F417C,136
FUN_002f417c,0x002F417C,0x002F41B0,52
FUN_002f41b0,0x002F41B0,0x002F4228,120
FUN_002f4228,0x002F4228,0x002F42C8,160
FUN_002f42c8,0x002F42C8,0x002F44FC,564
FUN_002f44fc,0x002F44FC,0x002F4638,316
FUN_002f4638,0x002F4638,0x002F4694,92
FUN_002f4694,0x002F4694,0x002F46E4,80
FUN_002f46e4,0x002F46E4,0x002F4810,300
FUN_002f4810,0x002F4810,0x002F48E0,208
FUN_002f48e0,0x002F48E0,0x002F4910,48
FUN_002f4910,0x002F4910,0x002F4960,80
FUN_002f4960,0x002F4960,0x002F49A4,68
FUN_002f4a94,0x002F4A94,0x002F4B70,220
FUN_002f4b70,0x002F4B70,0x002F4BC0,80
FUN_002f4bc0,0x002F4BC0,0x002F4C00,64
FUN_002f4c00,0x002F4C00,0x002F4C5C,92
FUN_002f4c5c,0x002F4C5C,0x002F4D48,236
FUN_002f4d48,0x002F4D48,0x002F4DE4,156
FUN_002f4de4,0x002F4DE4,0x002F4EA8,196
FUN_002f4ea8,0x002F4EA8,0x002F4EF4,76
FUN_002f4ef4,0x002F4EF4,0x002F4EFC,8
FUN_002f4efc,0x002F4EFC,0x002F4F78,124
FUN_002f4f78,0x002F4F78,0x002F4F80,8
FUN_002f4f80,0x002F4F80,0x002F4F88,8
FUN_002f4f88,0x002F4F88,0x002F4F90,8
FUN_002f4f90,0x002F4F90,0x002F5128,408
FUN_002f5128,0x002F5128,0x002F5164,60
FUN_002f5164,0x002F5164,0x002F516C,8
FUN_002f516c,0x002F516C,0x002F5188,28
FUN_002f5188,0x002F5188,0x002F5190,8
FUN_002f5190,0x002F5190,0x002F51CC,60
FUN_002f51cc,0x002F51CC,0x002F5798,1484
FUN_002f5798,0x002F5798,0x002F5E0C,1652
FUN_002f5e0c,0x002F5E0C,0x002F5EFC,240
FUN_002f5efc,0x002F5EFC,0x002F5F44,72
FUN_002f5f44,0x002F5F44,0x002F5F80,60
FUN_002f5f80,0x002F5F80,0x002F6D94,3604
FUN_002f6d94,0x002F6D94,0x002F6EA8,276
FUN_002f6ea8,0x002F6EA8,0x002F6FB8,272
FUN_002f6fb8,0x002F6FB8,0x002F6FFC,68
FUN_002f6ffc,0x002F6FFC,0x002F707C,128
FUN_002f7080,0x002F7080,0x002F70C4,300
entry_002f70c8,0x002F70C8,0x002F70F0,40
entry_002f70f0,0x002F70F0,0x002F71B8,200
FUN_002f71b8,0x002F71B8,0x002F72F4,640
entry_002f72f8,0x002F72F8,0x002F7340,72
entry_002f7340,0x002F7340,0x002F73F8,184
entry_002f73f8,0x002F73F8,0x002F7448,80
FUN_002f7448,0x002F7448,0x002F751C,212
FUN_002f7520,0x002F7520,0x002F7548,40
FUN_002f7548,0x002F7548,0x002F75E4,220
entry_002f75e8,0x002F75E8,0x002F7600,24
entry_002f7600,0x002F7600,0x002F7618,24
entry_002f7618,0x002F7618,0x002F7630,24
FUN_002f7630,0x002F7630,0x002F76A8,120
FUN_002f76a8,0x002F76A8,0x002F76BC,20
FUN_002f76c0,0x002F76C0,0x002F76D4,20
FUN_002f76d8,0x002F76D8,0x002F76EC,20
FUN_002f76f0,0x002F76F0,0x002F7704,20
FUN_002f7708,0x002F7708,0x002F771C,20
FUN_002f7720,0x002F7720,0x002F7734,20
FUN_002f7738,0x002F7738,0x002F774C,20
FUN_002f7750,0x002F7750,0x002F7764,20
FUN_002f7768,0x002F7768,0x002F777C,20
FUN_002f7780,0x002F7780,0x002F7804,1812
entry_002f7808,0x002F7808,0x002F7830,40
entry_002f7830,0x002F7830,0x002F7A20,496
entry_002f7a20,0x002F7A20,0x002F7C38,536
entry_002f7c38,0x002F7C38,0x002F7EA8,624
FUN_002f7ea8,0x002F7EA8,0x002F7F24,1524
entry_002f7f28,0x002F7F28,0x002F7F58,48
entry_002f7f58,0x002F7F58,0x002F7FA0,72
entry_002f7fa0,0x002F7FA0,0x002F8168,456
entry_002f8168,0x002F8168,0x002F83C0,600
entry_002f83c0,0x002F83C0,0x002F84B0,240
FUN_002f84b0,0x002F84B0,0x002F851C,1448
entry_002f8520,0x002F8520,0x002F8618,248
entry_002f8618,0x002F8618,0x002F8748,304
entry_002f8748,0x002F8748,0x002F8940,504
entry_002f8940,0x002F8940,0x002F8A68,296
FUN_002f8a68,0x002F8A68,0x002F8D84,796
FUN_002f8d88,0x002F8D88,0x002F8DFC,1052
entry_002f8e00,0x002F8E00,0x002F9060,608
entry_002f9060,0x002F9060,0x002F91B0,336
FUN_002f91b0,0x002F91B0,0x002F920C,908
entry_002f9210,0x002F9210,0x002F9238,40
entry_002f9238,0x002F9238,0x002F9288,80
entry_002f9288,0x002F9288,0x002F9370,232
entry_002f9370,0x002F9370,0x002F94B0,320
entry_002f94b0,0x002F94B0,0x002F9550,160
FUN_002f9550,0x002F9550,0x002F96A4,468
entry_002f96a8,0x002F96A8,0x002F96D8,48
entry_002f96d8,0x002F96D8,0x002F9700,40
entry_002f9700,0x002F9700,0x002F9730,48
FUN_002f9730,0x002F9730,0x002F978C,448
entry_002f9790,0x002F9790,0x002F9850,192
entry_002f9850,0x002F9850,0x002F9880,48
entry_002f9880,0x002F9880,0x002F98E8,104
entry_002f98e8,0x002F98E8,0x002F9900,24
FUN_002f9900,0x002F9900,0x002F9954,720
entry_002f9958,0x002F9958,0x002F9A20,200
entry_002f9a20,0x002F9A20,0x002F9B90,368
entry_002f9b90,0x002F9B90,0x002F9BA8,24
entry_002f9ba8,0x002F9BA8,0x002F9BE0,56
FUN_002f9be0,0x002F9BE0,0x002F9C2C,928
entry_002f9c30,0x002F9C30,0x002F9CF0,192
entry_002f9cf0,0x002F9CF0,0x002F9DC8,216
entry_002f9dc8,0x002F9DC8,0x002F9EB0,232
entry_002f9eb0,0x002F9EB0,0x002F9F90,224
FUN_002f9f90,0x002F9F90,0x002FA05C,204
FUN_002fa060,0x002FA060,0x002FA23C,720
entry_002fa240,0x002FA240,0x002FA338,248
FUN_002fa338,0x002FA338,0x002FA414,2852
entry_002fa418,0x002FA418,0x002FA638,544
entry_002fa638,0x002FA638,0x002FA6F8,192
entry_002fa6f8,0x002FA6F8,0x002FA708,16
entry_002fa708,0x002FA708,0x002FA950,584
entry_002fa950,0x002FA950,0x002FA9F8,168
entry_002fa9f8,0x002FA9F8,0x002FAB28,304
entry_002fab28,0x002FAB28,0x002FAB70,72
entry_002fab70,0x002FAB70,0x002FAB88,24
entry_002fab88,0x002FAB88,0x002FACC8,320
entry_002facc8,0x002FACC8,0x002FAE88,448
FUN_002fae88,0x002FAE88,0x002FAEF4,564
entry_002faef8,0x002FAEF8,0x002FB0C0,456
FUN_002fb0c0,0x002FB0C0,0x002FB210,336
FUN_002fb210,0x002FB210,0x002FB44C,2116
entry_002fb450,0x002FB450,0x002FB4F8,168
entry_002fb4f8,0x002FB4F8,0x002FB678,384
entry_002fb678,0x002FB678,0x002FB6D0,88
entry_002fb6d0,0x002FB6D0,0x002FB740,112
entry_002fb740,0x002FB740,0x002FB820,224
entry_002fb820,0x002FB820,0x002FB878,88
entry_002fb878,0x002FB878,0x002FBA20,424
entry_002fba20,0x002FBA20,0x002FBA78,88
FUN_002fba78,0x002FBA78,0x002FBB7C,260
FUN_002fbb80,0x002FBB80,0x002FBC14,636
entry_002fbc18,0x002FBC18,0x002FBD88,368
entry_002fbd88,0x002FBD88,0x002FBE08,128
FUN_002fbe08,0x002FBE08,0x002FBE3C,52
FUN_002fbe40,0x002FBE40,0x002FBF7C,524
entry_002fbf80,0x002FBF80,0x002FBFE0,96
entry_002fbfe0,0x002FBFE0,0x002FC058,120
FUN_002fc058,0x002FC058,0x002FC0FC,464
entry_002fc100,0x002FC100,0x002FC128,40
entry_002fc128,0x002FC128,0x002FC148,32
entry_002fc148,0x002FC148,0x002FC1B8,112
entry_002fc1b8,0x002FC1B8,0x002FC1E8,48
entry_002fc1e8,0x002FC1E8,0x002FC240,88
FUN_002fc240,0x002FC240,0x002FC318,216
FUN_002fc318,0x002FC318,0x002FC3E0,200
FUN_002fc3e0,0x002FC3E0,0x002FC424,68
FUN_002fc428,0x002FC428,0x002FC464,60
FUN_002fc468,0x002FC468,0x002FC47C,20
FUN_002fc480,0x002FC480,0x002FC494,20
FUN_002fc498,0x002FC498,0x002FC4F8,96
FUN_002fc4f8,0x002FC4F8,0x002FC548,80
FUN_002fc548,0x002FC548,0x002FC578,48
FUN_002fc578,0x002FC578,0x002FC5A8,48
FUN_002fc5a8,0x002FC5A8,0x002FC5B8,16
FUN_002fc5b8,0x002FC5B8,0x002FC5C8,16
FUN_002fc5c8,0x002FC5C8,0x002FC608,64
FUN_002fc608,0x002FC608,0x002FC618,16
FUN_002fc618,0x002FC618,0x002FC624,12
FUN_002fc628,0x002FC628,0x002FC794,364
FUN_002fc798,0x002FC798,0x002FC8FC,356
FUN_002fc900,0x002FC900,0x002FC92C,44
FUN_002fc930,0x002FC930,0x002FC970,64
FUN_002fc970,0x002FC970,0x002FC9B4,68
FUN_002fc9b8,0x002FC9B8,0x002FC9CC,20
FUN_002fc9d0,0x002FC9D0,0x002FCA30,96
FUN_002fca30,0x002FCA30,0x002FCA80,80
FUN_002fca80,0x002FCA80,0x002FCAB0,48
FUN_002fcab0,0x002FCAB0,0x002FCAE0,48
FUN_002fcae0,0x002FCAE0,0x002FCAF0,16
FUN_002fcaf0,0x002FCAF0,0x002FCB00,16
FUN_002fcb00,0x002FCB00,0x002FCB48,72
FUN_002fcb48,0x002FCB48,0x002FCB58,16
FUN_002fcb58,0x002FCB58,0x002FCB7C,36
FUN_002fcb80,0x002FCB80,0x002FCD0C,396
FUN_002fcd10,0x002FCD10,0x002FCE58,328
FUN_002fce58,0x002FCE58,0x002FCE6C,20
FUN_002fce70,0x002FCE70,0x002FCE88,24
FUN_002fce88,0x002FCE88,0x002FCEC0,56
FUN_002fcec0,0x002FCEC0,0x002FCF24,100
FUN_002fcf28,0x002FCF28,0x002FCF40,24
FUN_002fcf40,0x002FCF40,0x002FCFA8,104
FUN_002fcfa8,0x002FCFA8,0x002FCFC8,32
FUN_002fcfc8,0x002FCFC8,0x002FCFF4,44
FUN_002fcff8,0x002FCFF8,0x002FD0B0,184
FUN_002fd0b0,0x002FD0B0,0x002FD10C,92
FUN_002fd110,0x002FD110,0x002FD134,36
FUN_002fd138,0x002FD138,0x002FD1A0,104
FUN_002fd1a0,0x002FD1A0,0x002FD1DC,60
FUN_002fd1e0,0x002FD1E0,0x002FD200,32
FUN_002fd200,0x002FD200,0x002FD210,16
FUN_002fd210,0x002FD210,0x002FD260,80
FUN_002fd260,0x002FD260,0x002FD3E0,384
FUN_002fd3e0,0x002FD3E0,0x002FD43C,92
FUN_002fd440,0x002FD440,0x002FD464,36
FUN_002fd468,0x002FD468,0x002FD4D0,104
FUN_002fd4d0,0x002FD4D0,0x002FD50C,60
FUN_002fd510,0x002FD510,0x002FD530,32
FUN_002fd530,0x002FD530,0x002FD540,16
FUN_002fd540,0x002FD540,0x002FD590,80
FUN_002fd590,0x002FD590,0x002FD768,472
FUN_002fd768,0x002FD768,0x002FD7C4,92
FUN_002fd7c8,0x002FD7C8,0x002FD828,96
FUN_002fd828,0x002FD828,0x002FD898,112
FUN_002fd898,0x002FD898,0x002FD91C,132
FUN_002fd920,0x002FD920,0x002FD948,40
FUN_002fd948,0x002FD948,0x002FD97C,52
FUN_002fd980,0x002FD980,0x002FD9A8,40
FUN_002fd9a8,0x002FD9A8,0x002FDA84,220
FUN_002fda88,0x002FDA88,0x002FDC60,472
FUN_002fdc60,0x002FDC60,0x002FDC98,56
FUN_002fdc98,0x002FDC98,0x002FDCAC,20
FUN_002fdcb0,0x002FDCB0,0x002FDD18,104
FUN_002fdd18,0x002FDD18,0x002FDD8C,116
FUN_002fdd90,0x002FDD90,0x002FDE04,116
FUN_002fde08,0x002FDE08,0x002FDE50,72
FUN_002fde50,0x002FDE50,0x002FDECC,124
FUN_002fded0,0x002FDED0,0x002FDF50,128
FUN_002fdf50,0x002FDF50,0x002FDF88,56
FUN_002fdf88,0x002FDF88,0x002FDFBC,52
FUN_002fdfc0,0x002FDFC0,0x002FE058,152
FUN_002fe058,0x002FE058,0x002FE06C,20
FUN_002fe070,0x002FE070,0x002FE184,276
FUN_002fe188,0x002FE188,0x002FE1B4,312
entry_002fe1b8,0x002FE1B8,0x002FE210,88
entry_002fe210,0x002FE210,0x002FE2C8,184
FUN_002fe2c8,0x002FE2C8,0x002FE364,156
FUN_002fe368,0x002FE368,0x002FE3E8,128
FUN_002fe3e8,0x002FE3E8,0x002FE5CC,484
FUN_002fe5d0,0x002FE5D0,0x002FE688,184
FUN_002fe688,0x002FE688,0x002FE6E8,96
FUN_002fe6e8,0x002FE6E8,0x002FE738,80
FUN_002fe738,0x002FE738,0x002FE89C,356
FUN_002fe8a0,0x002FE8A0,0x002FE918,120
FUN_002fe918,0x002FE918,0x002FE94C,52
FUN_002fe950,0x002FE950,0x002FE9B4,100
FUN_002fe9b8,0x002FE9B8,0x002FEA08,80
FUN_002fea08,0x002FEA08,0x002FEA3C,52
FUN_002fea40,0x002FEA40,0x002FEB60,288
FUN_002feb60,0x002FEB60,0x002FEC7C,284
FUN_002fec80,0x002FEC80,0x002FEDB8,312
FUN_002fedb8,0x002FEDB8,0x002FEE6C,180
FUN_002fee70,0x002FEE70,0x002FEF30,192
FUN_002fef30,0x002FEF30,0x002FF008,216
FUN_002ff008,0x002FF008,0x002FF0BC,180
FUN_002ff0c0,0x002FF0C0,0x002FF170,176
FUN_002ff170,0x002FF170,0x002FF1CC,92
FUN_002ff1d0,0x002FF1D0,0x002FF224,84
FUN_002ff228,0x002FF228,0x002FF27C,84
FUN_002ff280,0x002FF280,0x002FF34C,204
FUN_002ff350,0x002FF350,0x002FF3B4,100
FUN_002ff3b8,0x002FF3B8,0x002FF420,104
FUN_002ff420,0x002FF420,0x002FF484,100
FUN_002ff488,0x002FF488,0x002FF4F0,104
FUN_002ff4f0,0x002FF4F0,0x002FF680,400
FUN_002ff680,0x002FF680,0x002FF68C,12
FUN_002ff690,0x002FF690,0x002FF6F8,104
FUN_002ff6f8,0x002FF6F8,0x002FF798,160
FUN_002ff798,0x002FF798,0x002FF7A8,16
FUN_002ff7a8,0x002FF7A8,0x002FFB1C,884
FUN_002ffb20,0x002FFB20,0x002FFBDC,188
FUN_002ffbe0,0x002FFBE0,0x002FFC74,148
FUN_002ffc78,0x002FFC78,0x002FFF8C,788
FUN_002fff90,0x002FFF90,0x00300030,160
FUN_00300030,0x00300030,0x003000AC,124
FUN_003000b0,0x003000B0,0x00300140,144
FUN_00300140,0x00300140,0x003001AC,108
FUN_003001b0,0x003001B0,0x0030021C,108
FUN_00300220,0x00300220,0x0030029C,124
FUN_003002a0,0x003002A0,0x00300324,132
FUN_00300328,0x00300328,0x003003D4,172
FUN_003003d8,0x003003D8,0x00300448,112
FUN_00300448,0x00300448,0x003004B8,112
FUN_003004b8,0x003004B8,0x00300540,136
FUN_00300540,0x00300540,0x003005A4,100
FUN_003005a8,0x003005A8,0x0030060C,100
FUN_00300610,0x00300610,0x00300674,100
FUN_00300678,0x00300678,0x003006E0,104
FUN_003006e0,0x003006E0,0x0030075C,124
FUN_00300760,0x00300760,0x003007AC,76
FUN_003007b0,0x003007B0,0x00300814,100
FUN_00300818,0x00300818,0x00300868,80
FUN_00300868,0x00300868,0x003008B8,80
FUN_003008b8,0x003008B8,0x00300908,80
FUN_00300908,0x00300908,0x00300958,80
FUN_00300958,0x00300958,0x003009B0,88
FUN_003009b0,0x003009B0,0x00300A24,116
FUN_00300a28,0x00300A28,0x00300B18,240
FUN_00300b18,0x00300B18,0x00300C0C,244
FUN_00300c10,0x00300C10,0x00300D04,244
FUN_00300d08,0x00300D08,0x00300D58,80
FUN_00300d58,0x00300D58,0x00300DDC,132
FUN_00300de0,0x00300DE0,0x00300E90,176
FUN_00300e90,0x00300E90,0x00300F50,192
FUN_00300f50,0x00300F50,0x00300FB8,104
FUN_00300fb8,0x00300FB8,0x003010BC,260
FUN_003010c0,0x003010C0,0x00301250,400
FUN_00301250,0x00301250,0x00301314,196
FUN_00301318,0x00301318,0x003013BC,164
FUN_003013c0,0x003013C0,0x003013DC,28
FUN_003013e0,0x003013E0,0x0030146C,140
FUN_00301470,0x00301470,0x003014D8,104
FUN_003014d8,0x003014D8,0x00301554,124
FUN_00301558,0x00301558,0x00301604,172
FUN_00301608,0x00301608,0x003016F4,236
FUN_003016f8,0x003016F8,0x00301778,128
FUN_00301778,0x00301778,0x00301800,136
FUN_00301800,0x00301800,0x003019FC,508
FUN_00301a00,0x00301A00,0x00301D0C,780
FUN_00301d10,0x00301D10,0x00301D30,32
FUN_00301d30,0x00301D30,0x00301E28,248
FUN_00301e28,0x00301E28,0x00301F78,336
FUN_00301f78,0x00301F78,0x00301FAC,104
entry_00301fb0,0x00301FB0,0x00301FE8,56
FUN_00301fe8,0x00301FE8,0x00302598,1456
FUN_00302598,0x00302598,0x00302648,176
FUN_00302648,0x00302648,0x00302854,524
FUN_00302858,0x00302858,0x00302860,8
FUN_00302860,0x00302860,0x0030289C,60
FUN_003028a0,0x003028A0,0x003028E8,72
FUN_003028e8,0x003028E8,0x0030292C,68
FUN_00302930,0x00302930,0x00302980,80
FUN_00302980,0x00302980,0x00302990,16
FUN_00302990,0x00302990,0x003029A4,20
FUN_003029a8,0x003029A8,0x003029C8,32
FUN_003029c8,0x003029C8,0x003029D4,12
FUN_003029d8,0x003029D8,0x003029E8,16
FUN_003029e8,0x003029E8,0x00302A44,92
FUN_00302a48,0x00302A48,0x00302A9C,84
FUN_00302aa0,0x00302AA0,0x00302AD4,52
FUN_00302ad8,0x00302AD8,0x00302B4C,116
FUN_00302b50,0x00302B50,0x00302B78,40
FUN_00302b78,0x00302B78,0x00302B90,24
FUN_00302b90,0x00302B90,0x00302BA4,20
FUN_00302ba8,0x00302BA8,0x00302BB8,16
FUN_00302bb8,0x00302BB8,0x00302BC4,12
FUN_00302c20,0x00302C20,0x00302C34,20
FUN_00302c38,0x00302C38,0x00302C44,12
FUN_00302c48,0x00302C48,0x00302C54,12
FUN_00302c58,0x00302C58,0x00302CC4,108
FUN_00302cc8,0x00302CC8,0x00302CE0,24
FUN_00302ce0,0x00302CE0,0x00302DC8,232
FUN_00302dc8,0x00302DC8,0x00302DDC,20
FUN_00302ddc,0x00302DDC,0x00302E0C,48
FUN_00302e0c,0x00302E0C,0x00302E30,36
FUN_00302e30,0x00302E30,0x00302E94,100
FUN_00302e98,0x00302E98,0x00302FB8,288
FUN_00302fb8,0x00302FB8,0x00302FFC,68
FUN_00303000,0x00303000,0x00303174,372
FUN_00303178,0x00303178,0x003031E0,104
FUN_003031e0,0x003031E0,0x003031EC,12
FUN_003031f0,0x003031F0,0x0030326C,124
FUN_00303270,0x00303270,0x003032D0,96
FUN_003032d0,0x003032D0,0x00303398,200
FUN_00303398,0x00303398,0x003033A8,16
FUN_003033a8,0x003033A8,0x003033DC,52
FUN_003033e0,0x003033E0,0x00303434,84
FUN_00303438,0x00303438,0x00303538,256
FUN_00303538,0x00303538,0x00303558,32
FUN_00303558,0x00303558,0x0030367C,972
entry_00303680,0x00303680,0x00303928,680
FUN_00303928,0x00303928,0x00303A08,224
FUN_00303a08,0x00303A08,0x00303AE8,224
FUN_00303ae8,0x00303AE8,0x00303C18,304
FUN_00303c18,0x00303C18,0x00303CA4,140
FUN_00303ca8,0x00303CA8,0x00303CB4,12
FUN_00303cb8,0x00303CB8,0x00303CC4,12
FUN_00303cc8,0x00303CC8,0x00303CD4,12
FUN_00303cd8,0x00303CD8,0x00303CE4,12
entry_00303ce8,0x00303CE8,0x00303D10,40
FUN_00303d10,0x00303D10,0x00303D34,36
FUN_00303d40,0x00303D40,0x00303F90,592
FUN_00303f90,0x00303F90,0x00304694,1796
FUN_00304698,0x00304698,0x00304AB4,1052
FUN_00304ab8,0x00304AB8,0x00304CD4,728
FUN_00304cd8,0x00304CD8,0x00304D4C,116
FUN_00304d50,0x00304D50,0x00304DE4,148
FUN_00304de8,0x00304DE8,0x00304E9C,180
FUN_00304ea0,0x00304EA0,0x00304F6C,204
entry_00304f70,0x00304F70,0x00305020,176
entry_00305020,0x00305020,0x003052D0,688
entry_003052d0,0x003052D0,0x00305370,160
entry_00305370,0x00305370,0x00305420,176
entry_00305420,0x00305420,0x00305500,224
entry_00305500,0x00305500,0x003055E8,232
entry_003055e8,0x003055E8,0x003056C0,216
entry_003056c0,0x003056C0,0x003059C8,776
entry_003059c8,0x003059C8,0x00305A28,96
entry_00305a28,0x00305A28,0x00305A88,96
FUN_00305a88,0x00305A88,0x00305AB0,40
FUN_00305ab0,0x00305AB0,0x00305D44,660
FUN_00305d48,0x00305D48,0x00305D64,28
FUN_00305d68,0x00305D68,0x00305EEC,388
FUN_00305ef0,0x00305EF0,0x00306000,272
FUN_00306000,0x00306000,0x00306118,280
FUN_00306118,0x00306118,0x00306244,300
FUN_00306248,0x00306248,0x00306444,508
FUN_00306448,0x00306448,0x00306504,188
FUN_00306508,0x00306508,0x003069B0,1192
FUN_003069b0,0x003069B0,0x00306A38,136
FUN_00306a38,0x00306A38,0x00306BD4,412
FUN_00306bd8,0x00306BD8,0x00306D24,332
FUN_00306d28,0x00306D28,0x00306D54,44
FUN_00306d58,0x00306D58,0x00306EC0,360
FUN_00306ec0,0x00306EC0,0x00307044,388
FUN_00307048,0x00307048,0x003072B4,620
FUN_003072b8,0x003072B8,0x003073D4,284
FUN_003073d8,0x003073D8,0x003074E4,268
FUN_003074e8,0x003074E8,0x00307654,364
FUN_00307658,0x00307658,0x003076D8,128
FUN_003076d8,0x003076D8,0x0030773C,100
FUN_00307740,0x00307740,0x0030785C,284
FUN_00307860,0x00307860,0x00307924,196
FUN_00307928,0x00307928,0x003079BC,292
entry_003079c0,0x003079C0,0x00307A50,144
FUN_00307a50,0x00307A50,0x00307C40,496
FUN_00307c40,0x00307C40,0x00307C54,68
entry_00307c58,0x00307C58,0x00307C88,48
FUN_00307c88,0x00307C88,0x00307CFC,116
FUN_00307d00,0x00307D00,0x00307DA0,160
FUN_00307da0,0x00307DA0,0x00307E64,196
FUN_00307e68,0x00307E68,0x00307F5C,244
FUN_00307f60,0x00307F60,0x00307FF0,144
FUN_00307ff0,0x00307FF0,0x003080BC,204
FUN_003080c0,0x003080C0,0x00308150,144
FUN_00308150,0x00308150,0x00308404,692
FUN_00308408,0x00308408,0x003084A8,160
FUN_003084a8,0x003084A8,0x00308738,656
entry_00308738,0x00308738,0x00308760,40
FUN_00308760,0x00308760,0x003088D4,372
FUN_003088d8,0x003088D8,0x003089E8,312
FUN_003089e8,0x003089E8,0x00308BA0,440
FUN_00308ba0,0x00308BA0,0x00308D0C,364
FUN_00308d10,0x00308D10,0x00308D94,132
FUN_00308d98,0x00308D98,0x00308EC0,296
FUN_00308ec0,0x00308EC0,0x00309008,328
FUN_00309008,0x00309008,0x003091C8,448
FUN_003091c8,0x003091C8,0x0030929C,212
FUN_003092a0,0x003092A0,0x00309528,648
FUN_00309528,0x00309528,0x0030955C,52
FUN_00309560,0x00309560,0x0030957C,28
FUN_00309580,0x00309580,0x00309618,152
FUN_00309618,0x00309618,0x00309664,76
FUN_00309668,0x00309668,0x003096AC,68
FUN_003096b0,0x003096B0,0x00309704,84
FUN_00309708,0x00309708,0x00309734,44
FUN_00309738,0x00309738,0x003097AC,116
FUN_003097b0,0x003097B0,0x00309824,116
FUN_00309828,0x00309828,0x0030990C,228
FUN_00309910,0x00309910,0x00309A60,336
FUN_00309a60,0x00309A60,0x00309AC8,104
FUN_00309ac8,0x00309AC8,0x00309B3C,116
FUN_00309b40,0x00309B40,0x00309D78,568
FUN_00309d78,0x00309D78,0x00309DE8,112
FUN_00309de8,0x00309DE8,0x00309DF0,8
FUN_00309df0,0x00309DF0,0x00309E0C,28
FUN_00309e10,0x00309E10,0x00309E78,104
FUN_00309e78,0x00309E78,0x00309F18,160
FUN_00309f18,0x00309F18,0x00309FE8,208
FUN_00309fe8,0x00309FE8,0x0030A0B4,204
FUN_0030a0b8,0x0030A0B8,0x0030A170,184
FUN_0030a170,0x0030A170,0x0030A228,184
FUN_0030a228,0x0030A228,0x0030A2C8,160
FUN_0030a2c8,0x0030A2C8,0x0030A348,128
FUN_0030a348,0x0030A348,0x0030A39C,84
FUN_0030a3a0,0x0030A3A0,0x0030A418,120
FUN_0030a418,0x0030A418,0x0030A4C4,784
entry_0030a4c8,0x0030A4C8,0x0030A730,616
FUN_0030a730,0x0030A730,0x0030A74C,28
FUN_0030a750,0x0030A750,0x0030A80C,364
entry_0030a810,0x0030A810,0x0030A8C0,176
FUN_0030a8c0,0x0030A8C0,0x0030A958,152
FUN_0030a958,0x0030A958,0x0030A9F8,160
FUN_0030a9f8,0x0030A9F8,0x0030AA64,108
FUN_0030aa68,0x0030AA68,0x0030AB24,364
entry_0030ab28,0x0030AB28,0x0030ABD8,176
FUN_0030abd8,0x0030ABD8,0x0030AC88,176
FUN_0030ac88,0x0030AC88,0x0030AF68,736
FUN_0030af68,0x0030AF68,0x0030AFFC,500
entry_0030b000,0x0030B000,0x0030B160,352
FUN_0030b160,0x0030B160,0x0030B364,516
FUN_0030b368,0x0030B368,0x0030B548,480
FUN_0030b548,0x0030B548,0x0030B5E0,152
FUN_0030b5e0,0x0030B5E0,0x0030B698,184
FUN_0030b698,0x0030B698,0x0030B768,208
FUN_0030b768,0x0030B768,0x0030B860,248
FUN_0030b860,0x0030B860,0x0030B88C,44
FUN_0030b890,0x0030B890,0x0030B8C4,52
FUN_0030b8c8,0x0030B8C8,0x0030B8F4,44
FUN_0030b8f8,0x0030B8F8,0x0030B924,44
FUN_0030b928,0x0030B928,0x0030B960,56
FUN_0030b960,0x0030B960,0x0030BAE8,392
FUN_0030bae8,0x0030BAE8,0x0030BB38,80
FUN_0030bb38,0x0030BB38,0x0030BB8C,84
FUN_0030bb90,0x0030BB90,0x0030BBD8,72
FUN_0030bbd8,0x0030BBD8,0x0030BD40,360
FUN_0030bd40,0x0030BD40,0x0030BDF0,176
FUN_0030bdf0,0x0030BDF0,0x0030BE74,132
FUN_0030be78,0x0030BE78,0x0030BE94,28
FUN_0030be98,0x0030BE98,0x0030C220,904
FUN_0030c220,0x0030C220,0x0030C310,240
FUN_0030c310,0x0030C310,0x0030C448,312
FUN_0030c448,0x0030C448,0x0030C4B8,112
FUN_0030c4b8,0x0030C4B8,0x0030C5B0,248
FUN_0030c5b0,0x0030C5B0,0x0030C77C,460
FUN_0030c780,0x0030C780,0x0030C7CC,76
FUN_0030c7d0,0x0030C7D0,0x0030C800,48
FUN_0030c800,0x0030C800,0x0030C80C,12
FUN_0030c810,0x0030C810,0x0030C8CC,188
FUN_0030c8d0,0x0030C8D0,0x0030C994,196
FUN_0030c998,0x0030C998,0x0030CAC0,296
FUN_0030cac0,0x0030CAC0,0x0030CAF4,52
FUN_0030caf8,0x0030CAF8,0x0030CBB4,188
FUN_0030cbb8,0x0030CBB8,0x0030CC98,224
FUN_0030cc98,0x0030CC98,0x0030CD30,152
FUN_0030cd30,0x0030CD30,0x0030CE44,276
FUN_0030ce48,0x0030CE48,0x0030CFC0,376
FUN_0030cfc0,0x0030CFC0,0x0030D084,196
FUN_0030d088,0x0030D088,0x0030D0E0,88
FUN_0030d0e0,0x0030D0E0,0x0030D25C,380
FUN_0030d260,0x0030D260,0x0030D2D0,112
FUN_0030d2d0,0x0030D2D0,0x0030D41C,332
FUN_0030d420,0x0030D420,0x0030D4AC,140
FUN_0030d4b0,0x0030D4B0,0x0030D5F0,320
FUN_0030d5f0,0x0030D5F0,0x0030D6BC,204
FUN_0030d6c0,0x0030D6C0,0x0030D7DC,284
FUN_0030d7e0,0x0030D7E0,0x0030D89C,188
FUN_0030d8a0,0x0030D8A0,0x0030DA6C,460
FUN_0030da70,0x0030DA70,0x0030DBCC,348
FUN_0030dbd0,0x0030DBD0,0x0030DC9C,204
FUN_0030dca0,0x0030DCA0,0x0030DDAC,268
FUN_0030ddb0,0x0030DDB0,0x0030DE20,112
FUN_0030de20,0x0030DE20,0x0030DE60,64
FUN_0030de60,0x0030DE60,0x0030DEC0,96
FUN_0030dec0,0x0030DEC0,0x0030DEDC,28
FUN_0030dee0,0x0030DEE0,0x0030DF20,64
FUN_0030df20,0x0030DF20,0x0030DF5C,60
FUN_0030df60,0x0030DF60,0x0030DFAC,76
FUN_0030dfb0,0x0030DFB0,0x0030E014,100
FUN_0030e018,0x0030E018,0x0030E080,104
FUN_0030e080,0x0030E080,0x0030E0E8,104
FUN_0030e0e8,0x0030E0E8,0x0030E114,44
FUN_0030e118,0x0030E118,0x0030E138,32
FUN_0030e138,0x0030E138,0x0030E1A0,104
FUN_0030e1a0,0x0030E1A0,0x0030E208,104
FUN_0030e208,0x0030E208,0x0030E2BC,180
FUN_0030e2c0,0x0030E2C0,0x0030E364,164
FUN_0030e368,0x0030E368,0x0030E398,48
FUN_0030e398,0x0030E398,0x0030E3BC,36
FUN_0030e3c0,0x0030E3C0,0x0030E41C,136
entry_0030e420,0x0030E420,0x0030E450,48
FUN_0030e450,0x0030E450,0x0030E458,8
FUN_0030e458,0x0030E458,0x0030E4A0,72
FUN_0030e4a0,0x0030E4A0,0x0030E514,116
FUN_0030e518,0x0030E518,0x0030E62C,1664
entry_0030e630,0x0030E630,0x0030E748,280
entry_0030e748,0x0030E748,0x0030E7D8,144
entry_0030e7d8,0x0030E7D8,0x0030E988,432
entry_0030e988,0x0030E988,0x0030E9B8,48
entry_0030e9b8,0x0030E9B8,0x0030EBB0,504
FUN_0030ebb0,0x0030EBB0,0x0030ED0C,1388
entry_0030ed10,0x0030ED10,0x0030EDA0,144
entry_0030eda0,0x0030EDA0,0x0030EF50,432
entry_0030ef50,0x0030EF50,0x0030EF80,48
entry_0030ef80,0x0030EF80,0x0030F130,432
FUN_0030f130,0x0030F130,0x0030F218,232
FUN_0030f218,0x0030F218,0x0030F294,136
entry_0030f298,0x0030F298,0x0030F2A8,16
FUN_0030f2a8,0x0030F2A8,0x0030F368,192
FUN_0030f368,0x0030F368,0x0030F394,52
entry_0030f398,0x0030F398,0x0030F3A0,8
FUN_0030f3a0,0x0030F3A0,0x0030F3B4,20
FUN_0030f3b8,0x0030F3B8,0x0030F3CC,20
FUN_0030f3d0,0x0030F3D0,0x0030F3E8,24
FUN_0030f3e8,0x0030F3E8,0x0030F414,44
FUN_0030f418,0x0030F418,0x0030F420,8
FUN_0030f420,0x0030F420,0x0030F474,84
FUN_0030f478,0x0030F478,0x0030F49C,36
FUN_0030f4a0,0x0030F4A0,0x0030F4C4,36
FUN_0030f4c8,0x0030F4C8,0x0030F4F0,40
FUN_0030f4f0,0x0030F4F0,0x0030F6F8,520
FUN_0030f6f8,0x0030F6F8,0x0030F70C,20
FUN_0030f710,0x0030F710,0x0030F774,100
FUN_0030f778,0x0030F778,0x0030F7DC,100
FUN_0030f7e0,0x0030F7E0,0x0030F868,136
FUN_0030f868,0x0030F868,0x0030F948,224
FUN_0030f948,0x0030F948,0x0030F9D8,144
FUN_0030f9d8,0x0030F9D8,0x0030FA00,40
FUN_0030fa00,0x0030FA00,0x0030FAB0,344
entry_0030fab4,0x0030FAB4,0x0030FB10,92
entry_0030fb10,0x0030FB10,0x0030FB60,80
FUN_0030fb60,0x0030FB60,0x0030FC0C,288
entry_0030fc14,0x0030FC14,0x0030FC88,116
FUN_0030fc88,0x0030FC88,0x0030FCD0,72
FUN_0030fcd0,0x0030FCD0,0x0030FCD8,8
FUN_0030fcd8,0x0030FCD8,0x0030FCE0,8
FUN_0030fce0,0x0030FCE0,0x0030FD5C,204
entry_0030fd60,0x0030FD60,0x0030FDB0,80
FUN_0030fdb0,0x0030FDB0,0x0030FEEC,316
FUN_0030fef0,0x0030FEF0,0x0030FF74,140
entry_0030ff78,0x0030FF78,0x0030FF80,8
FUN_0030ff80,0x0030FF80,0x0030FFE4,100
FUN_0030ffe8,0x0030FFE8,0x00310044,172
entry_00310048,0x00310048,0x00310098,80
FUN_00310098,0x00310098,0x003100A0,8
FUN_003100a0,0x003100A0,0x0031016C,900
entry_00310170,0x00310170,0x003102F0,384
entry_003102f0,0x003102F0,0x00310430,320
FUN_00310430,0x00310430,0x00310580,336
FUN_00310580,0x00310580,0x003106E0,352
FUN_003106e0,0x003106E0,0x0031071C,60
FUN_00310720,0x00310720,0x0031086C,592
entry_00310870,0x00310870,0x00310888,24
entry_00310888,0x00310888,0x003108C0,56
entry_003108c0,0x003108C0,0x00310980,192
FUN_00310980,0x00310980,0x003109D8,88
FUN_003109d8,0x003109D8,0x00310A3C,100
FUN_00310a40,0x00310A40,0x00310AE4,632
entry_00310ae8,0x00310AE8,0x00310B10,40
entry_00310b10,0x00310B10,0x00310B38,40
entry_00310b38,0x00310B38,0x00310CC8,400
FUN_00310cc8,0x00310CC8,0x00310D54,316
entry_00310d58,0x00310D58,0x00310E08,176
FUN_00310e08,0x00310E08,0x00310E54,76
FUN_00310e58,0x00310E58,0x00310EAC,180
entry_00310eb0,0x00310EB0,0x00310F10,96
FUN_00310f10,0x00310F10,0x00310FAC,156
FUN_00310fb0,0x00310FB0,0x00310FDC,44
FUN_00310fe0,0x00310FE0,0x00311034,84
FUN_00311038,0x00311038,0x0031107C,68
FUN_00311080,0x00311080,0x003110D8,88
FUN_003110d8,0x003110D8,0x003111D0,248
FUN_003111d0,0x003111D0,0x0031137C,1384
entry_00311380,0x00311380,0x003114D8,344
entry_003114d8,0x003114D8,0x00311570,152
entry_00311570,0x00311570,0x003116C8,344
entry_003116c8,0x003116C8,0x00311748,128
FUN_00311748,0x00311748,0x003117B0,104
FUN_003117b0,0x003117B0,0x003117E0,48
FUN_003117e0,0x003117E0,0x00311848,104
FUN_00311848,0x00311848,0x00311878,48
FUN_00311878,0x00311878,0x00311934,188
FUN_00311938,0x00311938,0x00311958,32
FUN_00311958,0x00311958,0x00311998,64
FUN_00311998,0x00311998,0x00311A24,140
FUN_00311a28,0x00311A28,0x00311A80,88
FUN_00311a80,0x00311A80,0x00311AAC,356
entry_00311ab0,0x00311AB0,0x00311BE8,312
FUN_00311be8,0x00311BE8,0x00311C64,416
entry_00311c68,0x00311C68,0x00311D70,264
entry_00311d70,0x00311D70,0x00311D90,32
FUN_00311d90,0x00311D90,0x00311EA0,272
FUN_00311ea0,0x00311EA0,0x00311F0C,280
entry_00311f10,0x00311F10,0x00311F88,120
entry_00311f88,0x00311F88,0x00311FC0,56
FUN_00311fc0,0x00311FC0,0x00312004,1060
entry_00312008,0x00312008,0x00312050,72
entry_00312050,0x00312050,0x00312090,64
entry_00312090,0x00312090,0x003120A8,24
entry_003120a8,0x003120A8,0x003120B8,16
entry_003120b8,0x003120B8,0x00312100,72
entry_00312100,0x00312100,0x00312208,264
entry_00312208,0x00312208,0x00312228,32
entry_00312228,0x00312228,0x00312328,256
entry_00312328,0x00312328,0x00312398,112
entry_00312398,0x00312398,0x00312410,120
FUN_00312410,0x00312410,0x003125C8,440
FUN_003125c8,0x003125C8,0x003125FC,52
FUN_00312600,0x00312600,0x00312640,64
FUN_00312640,0x00312640,0x00312664,36
FUN_00312668,0x00312668,0x00312688,32
FUN_00312688,0x00312688,0x003126A4,28
FUN_003126a8,0x003126A8,0x00312720,120
FUN_00312720,0x00312720,0x003127FC,324
entry_00312800,0x00312800,0x00312868,104
FUN_00312868,0x00312868,0x003128C8,96
FUN_003128c8,0x003128C8,0x00312960,152
FUN_00312960,0x00312960,0x00312974,20
FUN_00312978,0x00312978,0x003129E4,168
entry_003129e8,0x003129E8,0x00312A28,64
FUN_00312a28,0x00312A28,0x00312ACC,284
entry_00312ad0,0x00312AD0,0x00312B48,120
FUN_00312b48,0x00312B48,0x00312BE0,152
FUN_00312be0,0x00312BE0,0x00312D7C,564
entry_00312d80,0x00312D80,0x00312DD0,80
entry_00312dd0,0x00312DD0,0x00312E20,80
FUN_00312e20,0x00312E20,0x00312E8C,1068
entry_00312e90,0x00312E90,0x00312ED0,64
entry_00312ed0,0x00312ED0,0x00313018,328
entry_00313018,0x00313018,0x00313068,80
entry_00313068,0x00313068,0x003130C0,88
entry_003130c0,0x003130C0,0x00313260,416
FUN_00313260,0x00313260,0x003133C4,356
FUN_003133c8,0x003133C8,0x00313468,160
FUN_00313468,0x00313468,0x003134E0,120
FUN_003134e0,0x003134E0,0x00313500,32
FUN_00313500,0x00313500,0x00313518,24
FUN_00313518,0x00313518,0x0031353C,36
FUN_00313540,0x00313540,0x00313554,20
FUN_00313558,0x00313558,0x00313570,24
FUN_00313570,0x00313570,0x00313594,36
FUN_00313598,0x00313598,0x003135B8,32
FUN_003135b8,0x003135B8,0x003135F0,56
FUN_003135f0,0x003135F0,0x00313650,96
FUN_00313650,0x00313650,0x003136E0,144
FUN_003136e0,0x003136E0,0x00313808,296
FUN_00313808,0x00313808,0x00313868,96
FUN_00313868,0x00313868,0x00313A10,424
FUN_00313a10,0x00313A10,0x00313A30,32
FUN_00313a30,0x00313A30,0x00313A98,104
FUN_00313a98,0x00313A98,0x00313B00,104
FUN_00313b00,0x00313B00,0x00313B34,52
FUN_00313b38,0x00313B38,0x00313B5C,60
entry_00313b60,0x00313B60,0x00313B78,24
FUN_00313b78,0x00313B78,0x00313BB4,88
entry_00313bb8,0x00313BB8,0x00313BD8,32
FUN_00313bd8,0x00313BD8,0x00313C04,44
FUN_00313c08,0x00313C08,0x00313C34,212
entry_00313c38,0x00313C38,0x00313CE0,168
FUN_00313ce0,0x00313CE0,0x00313D14,176
entry_00313d18,0x00313D18,0x00313D68,80
entry_00313d68,0x00313D68,0x00313D78,16
entry_00313d78,0x00313D78,0x00313DA0,40
FUN_00313da0,0x00313DA0,0x00313E04,280
entry_00313e08,0x00313E08,0x00313E50,72
entry_00313e50,0x00313E50,0x00313EC0,112
FUN_00313ec0,0x00313EC0,0x00313EE4,36
FUN_00313ee8,0x00313EE8,0x00313FAC,1280
entry_00313fb0,0x00313FB0,0x003141C8,536
entry_003141c8,0x003141C8,0x003143C0,504
entry_003143c0,0x003143C0,0x003143F8,56
FUN_003143f8,0x003143F8,0x00314420,40
FUN_00314420,0x00314420,0x00314470,80
FUN_00314470,0x00314470,0x00314490,32
FUN_00314490,0x00314490,0x003144B4,36
FUN_003144b8,0x003144B8,0x003144D4,28
FUN_003144d8,0x003144D8,0x003144F4,28
FUN_00314538,0x00314538,0x003145C0,136
FUN_003145c0,0x003145C0,0x0031464C,140
FUN_00314650,0x00314650,0x00314684,52
FUN_00314688,0x00314688,0x003146BC,52
FUN_003146c0,0x003146C0,0x003146F4,52
FUN_003146f8,0x003146F8,0x0031472C,52
FUN_00314730,0x00314730,0x00314764,52
FUN_00314a90,0x00314A90,0x00314AEC,176
entry_00314af0,0x00314AF0,0x00314B48,88
FUN_00314b48,0x00314B48,0x00314C00,184
FUN_00314c00,0x00314C00,0x00314C18,136
FUN_00314c18,0x00314C18,0x00314C40,40
FUN_00314c40,0x00314C40,0x00314CC4,200
entry_00314cc8,0x00314CC8,0x00314D10,72
FUN_00314d10,0x00314D10,0x00314D64,84
FUN_00314d68,0x00314D68,0x00314DB0,72
FUN_00314db0,0x00314DB0,0x00314E9C,584
entry_00314ea0,0x00314EA0,0x00314EB8,24
entry_00314eb8,0x00314EB8,0x00314EE0,40
entry_00314ee0,0x00314EE0,0x00314F68,136
entry_00314f68,0x00314F68,0x00315008,160
FUN_00315008,0x00315008,0x00315104,1788
entry_00315108,0x00315108,0x003151C8,192
entry_003151c8,0x003151C8,0x00315250,136
entry_00315250,0x00315250,0x003152A0,80
entry_003152a0,0x003152A0,0x003152F8,88
entry_003152f8,0x003152F8,0x00315358,96
entry_00315358,0x00315358,0x00315548,496
entry_00315548,0x00315548,0x00315580,56
entry_00315580,0x00315580,0x003155F0,112
entry_003155f0,0x003155F0,0x00315658,104
entry_00315658,0x00315658,0x003156D8,128
entry_003156d8,0x003156D8,0x00315730,88
FUN_00315730,0x00315730,0x003157C4,148
FUN_003157c4,0x003157C4,0x00315874,176
FUN_00315874,0x00315874,0x00315978,260
FUN_00315978,0x00315978,0x00315A38,192
FUN_00315a38,0x00315A38,0x00315AB4,124
FUN_00315ab8,0x00315AB8,0x00315B04,76
FUN_00315b08,0x00315B08,0x00315B64,92
FUN_00315b68,0x00315B68,0x00315BD8,112
FUN_00315bd8,0x00315BD8,0x00315C9C,2472
entry_00315ca0,0x00315CA0,0x00315D48,168
entry_00315d48,0x00315D48,0x00315E10,200
entry_00315e10,0x00315E10,0x00315E60,80
entry_00315e60,0x00315E60,0x00315E90,48
entry_00315e90,0x00315E90,0x00315F10,128
entry_00315f10,0x00315F10,0x00315F58,72
entry_00315f58,0x00315F58,0x00315F88,48
entry_00315f88,0x00315F88,0x00315F98,16
entry_00315f98,0x00315F98,0x00315FC8,48
entry_00315fc8,0x00315FC8,0x00316078,176
entry_00316078,0x00316078,0x003160A8,48
entry_003160a8,0x003160A8,0x00316198,240
entry_00316198,0x00316198,0x003162F0,344
entry_003162f0,0x003162F0,0x00316338,72
entry_00316338,0x00316338,0x00316358,32
entry_00316358,0x00316358,0x00316400,168
entry_00316400,0x00316400,0x003165C8,456
FUN_003165c8,0x003165C8,0x003165E0,24
FUN_003165e0,0x003165E0,0x00316644,100
FUN_00316648,0x00316648,0x003166A0,88
FUN_003166a0,0x003166A0,0x00316710,112
FUN_00316710,0x00316710,0x00316790,128
FUN_00316790,0x00316790,0x0031681C,208
entry_00316820,0x00316820,0x00316848,40
entry_00316848,0x00316848,0x00316868,32
FUN_00316868,0x00316868,0x00316900,152
FUN_00316900,0x00316900,0x00316920,32
FUN_00316920,0x00316920,0x00316944,36
FUN_00316948,0x00316948,0x00316964,28
FUN_00316968,0x00316968,0x00316988,32
FUN_00316988,0x00316988,0x003169E4,92
FUN_003169e8,0x003169E8,0x003169FC,28
FUN_00316a00,0x00316A00,0x00316A88,136
FUN_00316a88,0x00316A88,0x00316B18,144
FUN_00316b18,0x00316B18,0x00316B20,8
FUN_00316b20,0x00316B20,0x00316BC8,168
FUN_00316bc8,0x00316BC8,0x00316CF4,300
FUN_00316cf4,0x00316CF4,0x00316E38,324
FUN_00316e38,0x00316E38,0x00316F4C,276
FUN_00316f4c,0x00316F4C,0x00317084,312
FUN_00317088,0x00317088,0x00317244,444
FUN_00317248,0x00317248,0x00317298,80
FUN_00317298,0x00317298,0x0031731C,132
entry_00317320,0x00317320,0x00317390,112
FUN_00317390,0x00317390,0x003173B0,32
FUN_003173b0,0x003173B0,0x00317414,3652
entry_00317418,0x00317418,0x00317540,296
entry_00317540,0x00317540,0x00317720,480
entry_00317720,0x00317720,0x003177C0,160
entry_003177c0,0x003177C0,0x00317868,168
entry_00317868,0x00317868,0x00317950,232
entry_00317950,0x00317950,0x00317AB8,360
entry_00317ab8,0x00317AB8,0x00317B10,88
entry_00317b10,0x00317B10,0x00317BC0,176
entry_00317bc0,0x00317BC0,0x00317C20,96
entry_00317c20,0x00317C20,0x00317C68,72
entry_00317c68,0x00317C68,0x00317CA0,56
entry_00317ca0,0x00317CA0,0x00317CD0,48
entry_00317cd0,0x00317CD0,0x00317E10,320
entry_00317e10,0x00317E10,0x00317E28,24
entry_00317e28,0x00317E28,0x00317F78,336
entry_00317f78,0x00317F78,0x00318238,704
FUN_00318238,0x00318238,0x0031825C,36
FUN_00318260,0x00318260,0x00318288,40
FUN_00318288,0x00318288,0x0031834C,228
entry_00318350,0x00318350,0x00318370,32
FUN_00318370,0x00318370,0x0031852C,560
entry_00318530,0x00318530,0x00318560,48
entry_00318560,0x00318560,0x003185A8,72
FUN_003185a8,0x003185A8,0x003185D4,44
FUN_003185d8,0x003185D8,0x003185FC,68
entry_00318600,0x00318600,0x00318620,32
FUN_00318620,0x00318620,0x003186D4,180
FUN_003186d8,0x003186D8,0x0031874C,116
FUN_00318750,0x00318750,0x00318804,5652
entry_00318808,0x00318808,0x00318930,296
entry_00318930,0x00318930,0x00318960,48
entry_00318960,0x00318960,0x00318A60,256
entry_00318a60,0x00318A60,0x00318A88,40
entry_00318a88,0x00318A88,0x00318AA8,32
entry_00318aa8,0x00318AA8,0x00318AF8,80
entry_00318af8,0x00318AF8,0x00318B68,112
entry_00318b68,0x00318B68,0x00318C98,304
entry_00318c98,0x00318C98,0x00318CC0,40
entry_00318cc0,0x00318CC0,0x00318CE8,40
entry_00318ce8,0x00318CE8,0x00318D08,32
entry_00318d08,0x00318D08,0x00318D20,24
entry_00318d20,0x00318D20,0x00318D40,32
entry_00318d40,0x00318D40,0x00318DE0,160
entry_00318de0,0x00318DE0,0x00318E10,48
entry_00318e10,0x00318E10,0x00318E48,56
entry_00318e48,0x00318E48,0x00318E70,40
entry_00318e70,0x00318E70,0x00318F40,208
entry_00318f40,0x00318F40,0x00318FC8,136
entry_00318fc8,0x00318FC8,0x003198C0,2296
entry_003198c0,0x003198C0,0x003199D0,272
entry_003199d0,0x003199D0,0x00319D58,904
entry_00319d58,0x00319D58,0x00319DC0,104
FUN_00319dc0,0x00319DC0,0x00319F3C,444
entry_00319f40,0x00319F40,0x00319F80,64
FUN_00319f80,0x00319F80,0x00319F9C,212
entry_00319fa0,0x00319FA0,0x0031A038,152
entry_0031a038,0x0031A038,0x0031A060,40
FUN_0031a060,0x0031A060,0x0031A0E4,3096
entry_0031a0e8,0x0031A0E8,0x0031A148,96
entry_0031a148,0x0031A148,0x0031A238,240
entry_0031a238,0x0031A238,0x0031A270,56
entry_0031a270,0x0031A270,0x0031A298,40
entry_0031a298,0x0031A298,0x0031A2D0,56
entry_0031a2d0,0x0031A2D0,0x0031A2E0,16
entry_0031a2e0,0x0031A2E0,0x0031A300,32
entry_0031a300,0x0031A300,0x0031A330,48
entry_0031a330,0x0031A330,0x0031A3C0,144
entry_0031a3c0,0x0031A3C0,0x0031A3E0,32
entry_0031a3e0,0x0031A3E0,0x0031A4B8,216
entry_0031a4b8,0x0031A4B8,0x0031A4F8,64
entry_0031a4f8,0x0031A4F8,0x0031A610,280
entry_0031a610,0x0031A610,0x0031A690,128
entry_0031a690,0x0031A690,0x0031A728,152
entry_0031a728,0x0031A728,0x0031A780,88
entry_0031a780,0x0031A780,0x0031A7A8,40
entry_0031a7a8,0x0031A7A8,0x0031A7C8,32
entry_0031a7c8,0x0031A7C8,0x0031A7F0,40
entry_0031a7f0,0x0031A7F0,0x0031A808,24
entry_0031a808,0x0031A808,0x0031A820,24
entry_0031a820,0x0031A820,0x0031A940,288
entry_0031a940,0x0031A940,0x0031A9B0,112
entry_0031a9b0,0x0031A9B0,0x0031AA30,128
entry_0031aa30,0x0031AA30,0x0031AA48,24
entry_0031aa48,0x0031AA48,0x0031AB58,272
entry_0031ab58,0x0031AB58,0x0031ABE8,144
entry_0031abe8,0x0031ABE8,0x0031AC80,152
entry_0031ac80,0x0031AC80,0x0031ACF0,112
FUN_0031acf0,0x0031ACF0,0x0031ADDC,252
entry_0031ade0,0x0031ADE0,0x0031ADF0,16
FUN_0031adf0,0x0031ADF0,0x0031AE44,84
FUN_0031ae48,0x0031AE48,0x0031AE9C,84
FUN_0031aea0,0x0031AEA0,0x0031AF84,264
entry_0031af88,0x0031AF88,0x0031AFB0,40
FUN_0031afb0,0x0031AFB0,0x0031AFCC,28
FUN_0031afd0,0x0031AFD0,0x0031B1A4,552
entry_0031b1a8,0x0031B1A8,0x0031B200,88
FUN_0031b200,0x0031B200,0x0031B31C,4632
entry_0031b320,0x0031B320,0x0031B418,248
entry_0031b418,0x0031B418,0x0031B5A8,400
entry_0031b5a8,0x0031B5A8,0x0031B628,128
entry_0031b628,0x0031B628,0x0031B638,16
entry_0031b638,0x0031B638,0x0031B660,40
entry_0031b660,0x0031B660,0x0031B790,304
entry_0031b790,0x0031B790,0x0031BAF8,872
entry_0031baf8,0x0031BAF8,0x0031BB18,32
entry_0031bb18,0x0031BB18,0x0031BBA8,144
entry_0031bba8,0x0031BBA8,0x0031BCD8,304
entry_0031bcd8,0x0031BCD8,0x0031BD20,72
entry_0031bd20,0x0031BD20,0x0031C068,840
entry_0031c068,0x0031C068,0x0031C080,24
entry_0031c080,0x0031C080,0x0031C108,136
entry_0031c108,0x0031C108,0x0031C2B0,424
entry_0031c2b0,0x0031C2B0,0x0031C2D0,32
entry_0031c2d0,0x0031C2D0,0x0031C360,144
entry_0031c360,0x0031C360,0x0031C3A8,72
entry_0031c3a8,0x0031C3A8,0x0031C468,192
FUN_0031c468,0x0031C468,0x0031C4AC,268
entry_0031c4b0,0x0031C4B0,0x0031C530,128
entry_0031c530,0x0031C530,0x0031C580,80
FUN_0031c580,0x0031C580,0x0031C5DC,92
FUN_0031c5e0,0x0031C5E0,0x0031C658,120
FUN_0031c658,0x0031C658,0x0031C750,248
FUN_0031c750,0x0031C750,0x0031C76C,28
FUN_0031c770,0x0031C770,0x0031C78C,28
FUN_0031c790,0x0031C790,0x0031C81C,140
FUN_0031c820,0x0031C820,0x0031C93C,284
FUN_0031c940,0x0031C940,0x0031CA3C,744
entry_0031ca40,0x0031CA40,0x0031CB10,208
entry_0031cb10,0x0031CB10,0x0031CB68,88
entry_0031cb68,0x0031CB68,0x0031CC38,208
FUN_0031cc38,0x0031CC38,0x0031CDA4,364
FUN_0031cda8,0x0031CDA8,0x0031CE94,972
entry_0031ce98,0x0031CE98,0x0031CEB0,24
entry_0031ceb0,0x0031CEB0,0x0031CFA0,240
entry_0031cfa0,0x0031CFA0,0x0031CFE8,72
entry_0031cfe8,0x0031CFE8,0x0031D040,88
entry_0031d040,0x0031D040,0x0031D188,328
FUN_0031d188,0x0031D188,0x0031D21C,148
FUN_0031d220,0x0031D220,0x0031D284,136
entry_0031d288,0x0031D288,0x0031D2B0,40
FUN_0031d2b0,0x0031D2B0,0x0031D2BC,12
FUN_0031d2c0,0x0031D2C0,0x0031D2E4,36
FUN_0031d2e8,0x0031D2E8,0x0031D304,28
FUN_0031d308,0x0031D308,0x0031D344,332
entry_0031d348,0x0031D348,0x0031D400,184
entry_0031d400,0x0031D400,0x0031D460,96
FUN_0031d460,0x0031D460,0x0031D494,52
FUN_0031d494,0x0031D494,0x0031D574,224
FUN_0031d578,0x0031D578,0x0031D61C,164
FUN_0031d620,0x0031D620,0x0031D64C,44
FUN_0031d650,0x0031D650,0x0031D758,264
FUN_0031d758,0x0031D758,0x0031D888,304
FUN_0031d888,0x0031D888,0x0031D908,128
FUN_0031d908,0x0031D908,0x0031D9C4,188
FUN_0031d9c8,0x0031D9C8,0x0031DA00,56
FUN_0031da00,0x0031DA00,0x0031DC0C,524
FUN_0031dc10,0x0031DC10,0x0031DC8C,248
entry_0031dc90,0x0031DC90,0x0031DD10,128
FUN_0031dd10,0x0031DD10,0x0031DE68,344
FUN_0031de68,0x0031DE68,0x0031DED0,104
FUN_0031ded0,0x0031DED0,0x0031E060,400
FUN_0031e060,0x0031E060,0x0031E0DC,200
entry_0031e0e0,0x0031E0E0,0x0031E108,40
entry_0031e108,0x0031E108,0x0031E130,40
FUN_0031e130,0x0031E130,0x0031E2C8,408
FUN_0031e2c8,0x0031E2C8,0x0031E394,380
entry_0031e398,0x0031E398,0x0031E400,104
entry_0031e400,0x0031E400,0x0031E450,80
FUN_0031e450,0x0031E450,0x0031E4DC,200
entry_0031e4e0,0x0031E4E0,0x0031E520,64
FUN_0031e520,0x0031E520,0x0031E590,112
FUN_0031e590,0x0031E590,0x0031E5B4,48
entry_0031e5b8,0x0031E5B8,0x0031E5C8,16
FUN_0031e5c8,0x0031E5C8,0x0031E674,372
entry_0031e678,0x0031E678,0x0031E728,176
entry_0031e728,0x0031E728,0x0031E748,32
FUN_0031e748,0x0031E748,0x0031E790,72
FUN_0031e790,0x0031E790,0x0031E7CC,60
FUN_0031e7d0,0x0031E7D0,0x0031E814,96
entry_0031e818,0x0031E818,0x0031E838,32
FUN_0031e838,0x0031E838,0x0031E8B8,128
FUN_0031e8b8,0x0031E8B8,0x0031E8FC,96
entry_0031e900,0x0031E900,0x0031E920,32
FUN_0031e920,0x0031E920,0x0031E93C,28
FUN_0031e940,0x0031E940,0x0031E9CC,540
entry_0031e9d0,0x0031E9D0,0x0031EA70,160
entry_0031ea70,0x0031EA70,0x0031EB00,144
entry_0031eb00,0x0031EB00,0x0031EB20,32
entry_0031eb20,0x0031EB20,0x0031EB70,80
FUN_0031eb70,0x0031EB70,0x0031EB9C,44
FUN_0031eba0,0x0031EBA0,0x0031EC88,232
FUN_0031ec88,0x0031EC88,0x0031ED6C,384
entry_0031ed70,0x0031ED70,0x0031EDC8,88
entry_0031edc8,0x0031EDC8,0x0031EE10,72
FUN_0031ee10,0x0031EE10,0x0031EE70,96
FUN_0031ee70,0x0031EE70,0x0031EF04,176
entry_0031ef08,0x0031EF08,0x0031EF28,32
FUN_0031ef28,0x0031EF28,0x0031EF80,88
FUN_0031ef80,0x0031EF80,0x0031EFDC,92
FUN_0031efe0,0x0031EFE0,0x0031F040,96
FUN_0031f040,0x0031F040,0x0031F0A0,96
FUN_0031f0a0,0x0031F0A0,0x0031F144,1408
entry_0031f148,0x0031F148,0x0031F198,80
entry_0031f198,0x0031F198,0x0031F220,136
entry_0031f220,0x0031F220,0x0031F328,264
entry_0031f328,0x0031F328,0x0031F3A0,120
entry_0031f3a0,0x0031F3A0,0x0031F4E0,320
entry_0031f4e0,0x0031F4E0,0x0031F580,160
entry_0031f580,0x0031F580,0x0031F5A0,32
entry_0031f5a0,0x0031F5A0,0x0031F640,160
FUN_0031f640,0x0031F640,0x0031F650,16
FUN_0031f650,0x0031F650,0x0031F660,16
SetGsCrt,0x0031F660,0x0031F670,16
FUN_0031f670,0x0031F670,0x0031F680,16
_Exit,0x0031F680,0x0031F690,16
FUN_0031f690,0x0031F690,0x0031F6A0,16
_LoadExecPS2,0x0031F6A0,0x0031F6B0,16
FUN_0031f6b0,0x0031F6B0,0x0031F6C0,16
FUN_0031f6c0,0x0031F6C0,0x0031F6D0,16
FUN_0031f6d0,0x0031F6D0,0x0031F6E0,16
FUN_0031f6e0,0x0031F6E0,0x0031F6F0,16
SetVTLBRefillHandler,0x0031F710,0x0031F720,16
FUN_0031f720,0x0031F720,0x0031F730,16
FUN_0031f730,0x0031F730,0x0031F740,16
AddIntcHandler,0x0031F740,0x0031F750,16
AddIntcHandler,0x0031F750,0x0031F760,16
RemoveIntcHandler,0x0031F760,0x0031F770,16
AddDmacHandler,0x0031F770,0x0031F780,16
AddDmacHandler,0x0031F780,0x0031F790,16
RemoveDmacHandler,0x0031F790,0x0031F7A0,16
_EnableIntc,0x0031F7A0,0x0031F7B0,16
_DisableIntc,0x0031F7B0,0x0031F7C0,16
_EnableDmac,0x0031F7C0,0x0031F7D0,16
_DisableDmac,0x0031F7D0,0x0031F7E0,16
FUN_0031f7e0,0x0031F7E0,0x0031F7F0,16
FUN_0031f7f0,0x0031F7F0,0x0031F800,16
_iEnableIntc,0x0031F800,0x0031F810,16
_iDisableIntc,0x0031F810,0x0031F820,16
_iEnableDmac,0x0031F820,0x0031F830,16
_iDisableDmac,0x0031F830,0x0031F840,16
FUN_0031f840,0x0031F840,0x0031F850,16
FUN_0031f850,0x0031F850,0x0031F860,16
CreateThread,0x0031F860,0x0031F870,16
DeleteThread,0x0031F870,0x0031F880,16
_StartThread,0x0031F880,0x0031F890,16
FUN_0031f890,0x0031F890,0x0031F8A0,16
ExitDeleteThread,0x0031F8A0,0x0031F8B0,16
TerminateThread,0x0031F8B0,0x0031F8C0,16
FUN_0031f8c0,0x0031F8C0,0x0031F8D0,16
FUN_0031f8d0,0x0031F8D0,0x0031F8E0,16
FUN_0031f8e0,0x0031F8E0,0x0031F8F0,16
ChangeThreadPriority,0x0031F8F0,0x0031F900,16
FUN_0031f900,0x0031F900,0x0031F910,16
RotateThreadReadyQueue,0x0031F910,0x0031F920,16
FUN_0031f920,0x0031F920,0x0031F930,16
FUN_0031f930,0x0031F930,0x0031F940,16
FUN_0031f940,0x0031F940,0x0031F950,16
GetThreadId,0x0031F950,0x0031F960,16
ReferThreadStatus,0x0031F960,0x0031F970,16
FUN_0031f970,0x0031F970,0x0031F980,16
SleepThread,0x0031F980,0x0031F990,16
WakeupThread,0x0031F990,0x0031F9A0,16
_iWakeupThread,0x0031F9A0,0x0031F9B0,16
FUN_0031f9b0,0x0031F9B0,0x0031F9C0,16
FUN_0031f9c0,0x0031F9C0,0x0031F9D0,16
SuspendThread,0x0031F9D0,0x0031F9E0,16
_iSuspendThread,0x0031F9E0,0x0031F9F0,16
FUN_0031f9f0,0x0031F9F0,0x0031FA00,16
FUN_0031fa00,0x0031FA00,0x0031FA10,16
FUN_0031fa10,0x0031FA10,0x0031FA20,16
FUN_0031fa20,0x0031FA20,0x0031FA30,16
EndOfHeap,0x0031FA40,0x0031FA50,16
FUN_0031fa50,0x0031FA50,0x0031FA60,16
CreateSema,0x0031FA60,0x0031FA70,16
DeleteSema,0x0031FA70,0x0031FA80,16
SignalSema,0x0031FA80,0x0031FA90,16
iSignalSema,0x0031FA90,0x0031FAA0,16
WaitSema,0x0031FAA0,0x0031FAB0,16
PollSema,0x0031FAB0,0x0031FAC0,16
FUN_0031fac0,0x0031FAC0,0x0031FAD0,16
FUN_0031fad0,0x0031FAD0,0x0031FAE0,16
FUN_0031fae0,0x0031FAE0,0x0031FAF0,16
FUN_0031faf0,0x0031FAF0,0x0031FB00,16
SetOsdConfigParam,0x0031FB00,0x0031FB10,16
GetOsdConfigParam,0x0031FB10,0x0031FB20,16
FUN_0031fb20,0x0031FB20,0x0031FB30,16
FUN_0031fb30,0x0031FB30,0x0031FB40,16
FUN_0031fb40,0x0031FB40,0x0031FB50,16
FUN_0031fb50,0x0031FB50,0x0031FB60,16
FlushCache,0x0031FCE0,0x0031FCF0,16
FUN_0031fcf0,0x0031FCF0,0x0031FD00,16
FUN_0031fd00,0x0031FD00,0x0031FD10,16
iFlushCache,0x0031FD10,0x0031FD20,16
FUN_0031fd20,0x0031FD20,0x0031FD30,16
sceSifStopDma,0x0031FD30,0x0031FD40,16
FUN_0031fd40,0x0031FD40,0x0031FD50,16
FUN_0031fd50,0x0031FD50,0x0031FD60,16
FUN_0031fd60,0x0031FD60,0x0031FD70,16
GetOsdConfigParam2,0x0031FD70,0x0031FD80,16
FUN_0031fd80,0x0031FD80,0x0031FD90,16
FUN_0031fd90,0x0031FD90,0x0031FDA0,16
GsPutIMR,0x0031FDA0,0x0031FDB0,16
FUN_0031fdb0,0x0031FDB0,0x0031FDC0,16
FUN_0031fdc0,0x0031FDC0,0x0031FDD0,16
SetVSyncFlag,0x0031FDD0,0x0031FDE0,16
FUN_0031fde0,0x0031FDE0,0x0031FDF0,16
FUN_0031fdf0,0x0031FDF0,0x0031FE00,16
sceSifDmaStat,0x0031FE00,0x0031FE10,16
FUN_0031fe10,0x0031FE10,0x0031FE20,16
sceSifSetDma,0x0031FE20,0x0031FE30,16
isceSifSetDma,0x0031FE30,0x0031FE40,16
sceSifSetDChain,0x0031FE40,0x0031FE50,16
isceSifSetDChain,0x0031FE50,0x0031FE60,16
sceSifSetReg,0x0031FE60,0x0031FE70,16
sceSifGetReg,0x0031FE70,0x0031FE80,16
_ExecOSD,0x0031FE80,0x0031FE90,16
Deci2Call,0x0031FE90,0x0031FEA0,16
FUN_0031fea0,0x0031FEA0,0x0031FEB0,16
FUN_0031feb0,0x0031FEB0,0x0031FEC0,16
GetMemorySize,0x0031FEC0,0x0031FED0,16
_InitTLB,0x0031FED0,0x0031FEE0,16
FUN_0031fee0,0x0031FEE0,0x0031FEEC,12
FUN_0031fef0,0x0031FEF0,0x0031FF80,144
FUN_0031ff80,0x0031FF80,0x00320024,164
FUN_00320028,0x00320028,0x003200A4,124
FUN_003200a8,0x003200A8,0x0032011C,116
FUN_00320120,0x00320120,0x00320148,40
FUN_00320148,0x00320148,0x00320150,8
FUN_00320150,0x00320150,0x00320158,8
FUN_00320158,0x00320158,0x00320160,8
FUN_00320160,0x00320160,0x0032020C,172
FUN_00320210,0x00320210,0x00320218,8
FUN_00320218,0x00320218,0x0032022C,20
entry_00320230,0x00320230,0x00320238,8
FUN_00320238,0x00320238,0x00320260,40
FUN_00320260,0x00320260,0x00320288,40
FUN_00320288,0x00320288,0x003202B0,40
FUN_003202b0,0x003202B0,0x00320354,164
FUN_00320358,0x00320358,0x003203D4,124
FUN_003203d8,0x003203D8,0x003203EC,20
FUN_003203f0,0x003203F0,0x00320494,164
FUN_00320498,0x00320498,0x00320514,124
FUN_00320518,0x00320518,0x0032052C,20
FUN_00320530,0x00320530,0x00320540,16
FUN_00320540,0x00320540,0x003205A8,104
FUN_003205a8,0x003205A8,0x00320610,104
FUN_00320610,0x00320610,0x00320678,104
FUN_00320678,0x00320678,0x003206E0,104
FUN_003206e0,0x003206E0,0x00320700,32
FUN_00320700,0x00320700,0x00320720,32
FUN_00320720,0x00320720,0x00320740,32
FUN_00320740,0x00320740,0x00320760,32
FUN_00320760,0x00320760,0x00320838,216
FUN_00320838,0x00320838,0x0032090C,212
FUN_00320910,0x00320910,0x003209A4,148
FUN_003209a8,0x003209A8,0x00320A24,124
FUN_00320a28,0x00320A28,0x00320AC0,152
FUN_00320ac0,0x00320AC0,0x00320B88,200
FUN_00320b88,0x00320B88,0x00320BB0,40
FUN_00320bb0,0x00320BB0,0x00320BD4,36
FUN_00320bd8,0x00320BD8,0x00320C14,60
FUN_00320c18,0x00320C18,0x00320C54,60
FUN_00320c58,0x00320C58,0x00320D24,400
entry_00320d28,0x00320D28,0x00320DF0,200
FUN_00320df0,0x00320DF0,0x00320F64,372
FUN_00320f68,0x00320F68,0x00321038,208
FUN_00321038,0x00321038,0x003210F4,188
FUN_003210f8,0x003210F8,0x00321134,60
FUN_00321138,0x00321138,0x003211E8,176
FUN_003211e8,0x003211E8,0x0032121C,52
FUN_00321220,0x00321220,0x003212B4,148
FUN_003212b8,0x003212B8,0x00321324,352
entry_00321328,0x00321328,0x00321380,88
entry_00321380,0x00321380,0x00321420,160
FUN_00321420,0x00321420,0x00321A14,1524
FUN_00321a18,0x00321A18,0x00321A50,56
FUN_00321a50,0x00321A50,0x00321AB0,96
FUN_00321ab0,0x00321AB0,0x00321ACC,28
FUN_00321ad0,0x00321AD0,0x00321ADC,12
FUN_00321ae0,0x00321AE0,0x00321AF8,24
FUN_00321af8,0x00321AF8,0x00321B14,28
FUN_00321b18,0x00321B18,0x00321B24,12
FUN_00321b28,0x00321B28,0x00321DA8,640
FUN_00321da8,0x00321DA8,0x00321DDC,52
FUN_00321de0,0x00321DE0,0x00321DF8,24
FUN_00321df8,0x00321DF8,0x00321E10,24
FUN_00321e10,0x00321E10,0x00321E88,120
FUN_00321e88,0x00321E88,0x00321ED4,76
FUN_00321ed8,0x00321ED8,0x0032200C,308
FUN_00322010,0x00322010,0x0032204C,60
FUN_00322050,0x00322050,0x0032208C,60
FUN_00322090,0x00322090,0x003221D8,328
FUN_003221d8,0x003221D8,0x00322284,172
FUN_00322288,0x00322288,0x00322424,412
FUN_00322428,0x00322428,0x0032244C,36
FUN_00322450,0x00322450,0x003224F8,168
FUN_003224f8,0x003224F8,0x00322514,28
FUN_00322518,0x00322518,0x00322548,48
FUN_00322548,0x00322548,0x00322588,64
FUN_00322588,0x00322588,0x00322654,204
FUN_00322658,0x00322658,0x00322698,64
FUN_00322698,0x00322698,0x00322768,208
FUN_00322768,0x00322768,0x003228C0,344
FUN_003228c0,0x003228C0,0x0032290C,76
FUN_00322910,0x00322910,0x00322950,64
FUN_00322950,0x00322950,0x00322A1C,204
FUN_00322a20,0x00322A20,0x00322B60,320
FUN_00322b60,0x00322B60,0x00322BEC,140
FUN_00322bf0,0x00322BF0,0x00322DE4,500
FUN_00322de8,0x00322DE8,0x00322E24,60
FUN_00322e28,0x00322E28,0x00322EBC,148
FUN_00322ec0,0x00322EC0,0x00322F90,208
FUN_00322f90,0x00322F90,0x00323024,148
FUN_00323028,0x00323028,0x003230B8,144
FUN_003230b8,0x003230B8,0x00323110,88
FUN_00323110,0x00323110,0x003232D4,452
FUN_003232d8,0x003232D8,0x003232EC,60
entry_003232f0,0x003232F0,0x00323318,40
FUN_00323318,0x00323318,0x00323374,92
FUN_00323378,0x00323378,0x00323400,136
FUN_00323400,0x00323400,0x0032346C,108
FUN_00323470,0x00323470,0x003237D4,944
entry_003237d8,0x003237D8,0x00323828,80
FUN_00323828,0x00323828,0x00323874,76
FUN_00323878,0x00323878,0x003238A4,44
FUN_003238a8,0x003238A8,0x003238B4,12
FUN_003238b8,0x003238B8,0x0032395C,164
FUN_00323960,0x00323960,0x003239A4,68
FUN_003239a8,0x003239A8,0x00323BAC,516
FUN_00323bb0,0x00323BB0,0x00323C3C,140
FUN_00323c40,0x00323C40,0x00323C74,52
FUN_00323c78,0x00323C78,0x00323EFC,644
FUN_00323f00,0x00323F00,0x0032407C,380
FUN_00324080,0x00324080,0x0032419C,564
entry_003241a0,0x003241A0,0x003242B8,280
FUN_003242b8,0x003242B8,0x00324518,608
FUN_00324518,0x00324518,0x0032463C,700
entry_00324640,0x00324640,0x003247D8,408
FUN_003247d8,0x003247D8,0x00324B4C,884
FUN_00324b50,0x00324B50,0x00324D2C,476
FUN_00324d30,0x00324D30,0x00324ED4,420
FUN_00324ed8,0x00324ED8,0x00324EF4,28
FUN_00324ef8,0x00324EF8,0x003250A4,428
FUN_003250a8,0x003250A8,0x003250C4,28
FUN_003250c8,0x003250C8,0x00325334,620
FUN_00325338,0x00325338,0x00325458,288
FUN_00325458,0x00325458,0x00325474,28
FUN_00325478,0x00325478,0x00325540,200
FUN_00325540,0x00325540,0x003256A8,360
FUN_003256a8,0x003256A8,0x00325800,344
FUN_00325800,0x00325800,0x003259A0,416
FUN_003259a0,0x003259A0,0x00325BDC,572
FUN_00325be0,0x00325BE0,0x00325DD0,496
FUN_00325dd0,0x00325DD0,0x00325DEC,28
FUN_00325df0,0x00325DF0,0x00325F88,408
FUN_00325f88,0x00325F88,0x003261F4,620
FUN_003261f8,0x003261F8,0x00326214,28
FUN_00326218,0x00326218,0x00326334,564
entry_00326338,0x00326338,0x00326450,280
FUN_00326450,0x00326450,0x00326688,568
FUN_00326688,0x00326688,0x00326868,480
FUN_00326868,0x00326868,0x00326A30,456
FUN_00326a30,0x00326A30,0x00326AB8,136
FUN_00326ab8,0x00326AB8,0x00326B28,112
FUN_00326b28,0x00326B28,0x00326BA8,128
FUN_00326ba8,0x00326BA8,0x00326C20,120
FUN_00326c20,0x00326C20,0x00326C3C,28
FUN_00326c40,0x00326C40,0x00326D30,240
FUN_00326d30,0x00326D30,0x00326DA0,112
FUN_00326da0,0x00326DA0,0x00326E10,112
FUN_00326e10,0x00326E10,0x00326E80,112
FUN_00326e80,0x00326E80,0x00326EFC,124
FUN_00326f00,0x00326F00,0x00326F7C,124
FUN_00326f80,0x00326F80,0x00327080,256
FUN_00327080,0x00327080,0x0032710C,140
FUN_00327110,0x00327110,0x00327148,56
FUN_00327148,0x00327148,0x00327350,520
FUN_00327350,0x00327350,0x00327558,520
FUN_00327558,0x00327558,0x003275E8,144
FUN_003275e8,0x003275E8,0x00327688,160
FUN_00327688,0x00327688,0x00327718,144
FUN_00327718,0x00327718,0x00327734,28
FUN_00327738,0x00327738,0x00327754,28
FUN_00327758,0x00327758,0x0032797C,548
FUN_00327980,0x00327980,0x003279A0,32
FUN_003279a0,0x003279A0,0x003279BC,28
FUN_003279c0,0x003279C0,0x00327AC4,260
FUN_00327ac8,0x00327AC8,0x00327AE4,28
FUN_00327ae8,0x00327AE8,0x00327B10,40
FUN_00327b10,0x00327B10,0x00327BFC,236
FUN_00327c00,0x00327C00,0x00327CDC,220
FUN_00327ce0,0x00327CE0,0x00327E34,340
FUN_00327e38,0x00327E38,0x00327E60,40
FUN_00327e60,0x00327E60,0x00327EB0,80
FUN_00327eb0,0x00327EB0,0x00327FC0,272
FUN_00327fc0,0x00327FC0,0x00328014,84
FUN_00328018,0x00328018,0x00328030,24
FUN_00328030,0x00328030,0x00328078,72
FUN_00328078,0x00328078,0x00328084,12
FUN_00328088,0x00328088,0x00328098,16
FUN_00328098,0x00328098,0x003280D0,56
FUN_003280d0,0x003280D0,0x00328110,64
FUN_00328110,0x00328110,0x00328120,16
FUN_00328120,0x00328120,0x00328154,52
FUN_00328158,0x00328158,0x00328254,252
RFU116_SetSyscall,0x00328258,0x00328268,16
FUN_00328268,0x00328268,0x003282BC,84
RFU116_SetSyscall,0x003282C0,0x003282D0,16
FUN_003282d0,0x003282D0,0x003282E0,16
FUN_003282e0,0x003282E0,0x00328318,56
RFU091,0x00328318,0x00328328,16
FUN_00328328,0x00328328,0x00328390,104
FUN_00328390,0x00328390,0x0032843C,172
FUN_00328440,0x00328440,0x00328450,16
FUN_00328450,0x00328450,0x00328480,48
RFU116_SetSyscall,0x00328480,0x00328490,16
FUN_00328490,0x00328490,0x003285A8,280
thunk_FUN_0032a6e8,0x003285A8,0x003285B0,8
FUN_003285b0,0x003285B0,0x00328620,112
FUN_00328620,0x00328620,0x00328668,72
FUN_00328668,0x00328668,0x00328690,40
FUN_00328690,0x00328690,0x003286DC,76
RFU116_SetSyscall,0x003286E0,0x003286F0,16
FUN_003286f0,0x003286F0,0x00328700,16
FUN_00328700,0x00328700,0x00328738,56
RFU091,0x00328738,0x00328748,16
FUN_00328748,0x00328748,0x0032881C,212
FUN_00328820,0x00328820,0x00328888,104
FUN_00328888,0x00328888,0x00328890,8
FUN_00328890,0x00328890,0x003288A0,16
FUN_003288a0,0x003288A0,0x003288B0,16
FUN_003288b0,0x003288B0,0x003288C0,16
FUN_003288c0,0x003288C0,0x00328A14,340
FUN_00328a18,0x00328A18,0x00328AD0,184
FUN_00328ad0,0x00328AD0,0x00328AFC,44
FUN_00328b00,0x00328B00,0x00328B90,144
FUN_00328b90,0x00328B90,0x00328C0C,124
FUN_00328c10,0x00328C10,0x00328DA0,400
FUN_00328da0,0x00328DA0,0x00328DCC,128
entry_00328dd0,0x00328DD0,0x00328E28,88
FUN_00328e28,0x00328E28,0x00328E60,56
FUN_00328e60,0x00328E60,0x00329100,672
FUN_00329100,0x00329100,0x0032914C,76
FUN_00329150,0x00329150,0x003291CC,124
FUN_003291d0,0x003291D0,0x00329240,112
FUN_00329240,0x00329240,0x00329288,72
FUN_00329288,0x00329288,0x00329328,160
FUN_00329328,0x00329328,0x00329374,76
FUN_00329378,0x00329378,0x003293C8,80
FUN_003293c8,0x003293C8,0x00329424,92
FUN_00329428,0x00329428,0x003294D4,172
FUN_003294d8,0x003294D8,0x00329524,76
FUN_00329528,0x00329528,0x003295EC,196
FUN_003295f0,0x003295F0,0x0032963C,76
FUN_00329640,0x00329640,0x0032970C,204
FUN_00329710,0x00329710,0x00329758,72
FUN_00329758,0x00329758,0x003297A4,76
FUN_003297a8,0x003297A8,0x00329814,108
FUN_00329818,0x00329818,0x00329864,76
FUN_00329868,0x00329868,0x0032995C,244
FUN_00329960,0x00329960,0x003299DC,124
FUN_003299e0,0x003299E0,0x00329A88,168
FUN_00329a88,0x00329A88,0x00329AF8,112
FUN_00329af8,0x00329AF8,0x00329B4C,84
FUN_00329b50,0x00329B50,0x00329B84,52
FUN_00329b88,0x00329B88,0x00329BD4,76
FUN_00329bd8,0x00329BD8,0x00329C34,92
FUN_00329c38,0x00329C38,0x00329D64,300
FUN_00329d68,0x00329D68,0x00329E58,240
FUN_00329e58,0x00329E58,0x00329F00,168
FUN_00329f00,0x00329F00,0x00329F78,120
FUN_00329f78,0x00329F78,0x00329F9C,36
FUN_00329fa0,0x00329FA0,0x0032A01C,124
FUN_0032a020,0x0032A020,0x0032A0D8,184
FUN_0032a0d8,0x0032A0D8,0x0032A12C,84
FUN_0032a130,0x0032A130,0x0032A1D8,168
FUN_0032a1d8,0x0032A1D8,0x0032A21C,68
FUN_0032a220,0x0032A220,0x0032A244,36
FUN_0032a248,0x0032A248,0x0032A278,48
FUN_0032a278,0x0032A278,0x0032A29C,36
FUN_0032a2a0,0x0032A2A0,0x0032A2D0,48
FUN_0032a2d0,0x0032A2D0,0x0032A2F4,36
FUN_0032a2f8,0x0032A2F8,0x0032A32C,52
FUN_0032a330,0x0032A330,0x0032A364,52
FUN_0032a368,0x0032A368,0x0032A398,48
FUN_0032a398,0x0032A398,0x0032A3BC,36
FUN_0032a3c0,0x0032A3C0,0x0032A3E4,36
FUN_0032a3e8,0x0032A3E8,0x0032A40C,36
FUN_0032a410,0x0032A410,0x0032A470,96
FUN_0032a470,0x0032A470,0x0032A4F4,132
FUN_0032a4f8,0x0032A4F8,0x0032A508,16
FUN_0032a508,0x0032A508,0x0032A540,56
RFU091,0x0032A540,0x0032A550,16
RFU116_SetSyscall,0x0032A550,0x0032A560,16
FUN_0032a560,0x0032A560,0x0032A624,196
FUN_0032a628,0x0032A628,0x0032A638,16
FUN_0032a638,0x0032A638,0x0032A648,16
RFU086_WaitEvnetFlag,0x0032A648,0x0032A658,16
FUN_0032a658,0x0032A658,0x0032A688,48
FUN_0032a688,0x0032A688,0x0032A698,16
FUN_0032a698,0x0032A698,0x0032A6A8,16
FUN_0032a6a8,0x0032A6A8,0x0032A6B8,16
FUN_0032a6b8,0x0032A6B8,0x0032A6C8,16
FUN_0032a6e8,0x0032A6E8,0x0032A728,64
FUN_0032a728,0x0032A728,0x0032A91C,500
FUN_0032a940,0x0032A940,0x0032AA40,256
FUN_0032aa40,0x0032AA40,0x0032AB74,308
FUN_0032ab80,0x0032AB80,0x0032AC7C,252
FUN_0032ac7c,0x0032AC7C,0x0032ACA0,36
FUN_0032aca0,0x0032ACA0,0x0032ADB4,1664
entry_0032adb8,0x0032ADB8,0x0032B048,656
entry_0032b048,0x0032B048,0x0032B0A8,96
entry_0032b0a8,0x0032B0A8,0x0032B140,152
entry_0032b140,0x0032B140,0x0032B330,496
FUN_0032b330,0x0032B330,0x0032B37C,1368
entry_0032b380,0x0032B380,0x0032B610,656
entry_0032b610,0x0032B610,0x0032B670,96
entry_0032b670,0x0032B670,0x0032B708,152
entry_0032b708,0x0032B708,0x0032B898,400
FUN_0032b898,0x0032B898,0x0032B940,168
FUN_0032b940,0x0032B940,0x0032BA58,280
FUN_0032ba58,0x0032BA58,0x0032BABC,116
entry_0032bac0,0x0032BAC0,0x0032BAD0,16
FUN_0032bad0,0x0032BAD0,0x0032BB4C,292
entry_0032bb50,0x0032BB50,0x0032BBF8,168
FUN_0032bbf8,0x0032BBF8,0x0032BC74,156
entry_0032bc78,0x0032BC78,0x0032BC98,32
FUN_0032bc98,0x0032BC98,0x0032BCA4,12
__tf11CDen2Stream,0x0032BCAC,0x0032BCE8,60
play__11CDen2Stream,0x0032BCE8,0x0032BCF0,8
ifPlayReady__11CDen2Stream,0x0032BCF0,0x0032BCF8,8
ifAlive__11CDen2Stream,0x0032BCF8,0x0032BD00,8
ifPlay__11CDen2Stream,0x0032BD00,0x0032BD08,8
ifEOS__11CDen2Stream,0x0032BD08,0x0032BD10,8
getFrameNo__11CDen2Stream,0x0032BD10,0x0032BD18,8
getSubFrameNo__11CDen2Stream,0x0032BD18,0x0032BD24,12
setPitch__11CDen2Streamf,0x0032BD24,0x0032BD2C,8
setVolume__11CDen2Streamff,0x0032BD2C,0x0032BD38,12
__tf12CVideoStream,0x0032BD38,0x0032BD84,76
__12CVideoStream,0x0032BD84,0x0032BDB4,48
__tf11CDragonMPEG,0x0032BDB4,0x0032BE00,76
__11CDragonMPEG,0x0032BE00,0x0032BE1C,28
set448__11CDragonMPEG,0x0032BE1C,0x0032BE28,12
__tf7CEzMPEG,0x0032BE28,0x0032BE64,60
Draw__5CTask,0x0032BE64,0x0032BE6C,8
OnEntry__5CTask,0x0032BE6C,0x0032BE74,8
OnActivate__5CTask,0x0032BE74,0x0032BE7C,8
OnDisActivate__5CTask,0x0032BE7C,0x0032BE84,8
OnDestroy__5CTask,0x0032BE84,0x0032BE8C,8
OnGetMessage__5CTaski,0x0032BE8C,0x0032BE94,8
DrawDebugScreen__5CTaskRi,0x0032BE94,0x0032BE9C,8
__tf13CDraTaskVSync,0x0032BE9C,0x0032BEEC,80
__tf16CDragonTaskSetup,0x0032BEEC,0x0032BF3C,80
__16CDragonTaskSetup,0x0032BF3C,0x0032BF74,56
__tf6OptVar,0x0032BF74,0x0032BFB0,60
inputPad__6OptVar,0x0032BFB0,0x0032BFB8,8
setVariable__6OptVarPc,0x0032BFB8,0x0032BFC0,8
getString__6OptVar,0x0032BFC0,0x0032BFC8,8
reset__6OptVar,0x0032BFC8,0x0032BFD0,8
writeString__6OptVarPc,0x0032BFD0,0x0032BFD8,8
__tf9OptString,0x0032BFD8,0x0032C024,76
setVariable__9OptStringPc,0x0032C024,0x0032C09C,120
getString__9OptString,0x0032C09C,0x0032C0A4,8
__tf14CGArmsModeTask,0x0032C0A4,0x0032C0F0,76
enable_angel_select__14CGArmsModeTask,0x0032C0F0,0x0032C0FC,12
disable_angel_select__14CGArmsModeTask,0x0032C0FC,0x0032C104,8
set_arms_type__14CGArmsModeTaski,0x0032C104,0x0032C10C,8
__tf5CTask,0x0032C10C,0x0032C148,60
__tf7CCamera,0x0032C148,0x0032C198,80
set_tick_time__7CCameraf,0x0032C198,0x0032C1A0,8
on_select__7CCamera,0x0032C1A0,0x0032C1A8,8
init__7CCamera,0x0032C1A8,0x0032C204,92
__tf6CGMem2,0x0032C204,0x0032C240,60
__tf11CGLoadData2,0x0032C240,0x0032C27C,60
set_data_no__11CGLoadData2Ui,0x0032C27C,0x0032C284,8
set_data_type__11CGLoadData2Ui,0x0032C284,0x0032C28C,8
get_data_no__11CGLoadData2,0x0032C28C,0x0032C294,8
get_load_no__11CGLoadData2,0x0032C294,0x0032C29C,8
get_asgn_adrs__11CGLoadData2,0x0032C29C,0x0032C2A4,8
__tf12CGCommonData,0x0032C2A4,0x0032C2F0,76
__tf13CGCommonDataS,0x0032C2F0,0x0032C33C,76
__tf13CGCommonDataN,0x0032C33C,0x0032C388,76
__tf13CGModeGndData,0x0032C388,0x0032C3D4,76
__tf14CGModeGndDataN,0x0032C3D4,0x0032C420,76
__tf17CGModeGndDataTest,0x0032C420,0x0032C46C,76
__tf13CGModeAirData,0x0032C46C,0x0032C4B8,76
__tf14CGModeAirDataN,0x0032C4B8,0x0032C504,76
__tf17CGModeAirDataTest,0x0032C504,0x0032C550,76
__tf14CGModeAirDataS,0x0032C550,0x0032C59C,76
__tf15CGModeEventData,0x0032C59C,0x0032C5E8,76
__tf16CGModeEventDataN,0x0032C5E8,0x0032C634,76
__tf14CGModeArmsData,0x0032C634,0x0032C680,76
__tf15CGModeArmsDataN,0x0032C680,0x0032C6CC,76
__tf12CGMisSelData,0x0032C6CC,0x0032C718,76
__tf13CGMisSelDataN,0x0032C718,0x0032C764,76
__tf11CGTitleData,0x0032C764,0x0032C7B0,76
__tf12CGTitleDataN,0x0032C7B0,0x0032C7FC,76
__tf17CGStaffCreditData,0x0032C7FC,0x0032C848,76
__tf18CGStaffCreditDataN,0x0032C848,0x0032C894,76
__tf5CGObj,0x0032C894,0x0032C8E0,76
exec_stage1__5CGObj,0x0032C8E0,0x0032C8E8,8
exec_stagem__5CGObj,0x0032C8E8,0x0032C8F0,8
draw_stage__5CGObj,0x0032C8F0,0x0032C8F8,8
on_entry__5CGObj,0x0032C8F8,0x0032C900,8
on_delete__5CGObj,0x0032C900,0x0032C908,8
on_active__5CGObj,0x0032C908,0x0032C910,8
on_disactive__5CGObj,0x0032C910,0x0032C918,8
on_remove__5CGObj,0x0032C918,0x0032C920,8
remove__5CGObj,0x0032C920,0x0032C928,8
invalid__5CGObj,0x0032C928,0x0032C938,16
valid__5CGObj,0x0032C938,0x0032C948,16
active__5CGObj,0x0032C948,0x0032C958,16
disactive__5CGObj,0x0032C958,0x0032C968,16
display_on__5CGObj,0x0032C968,0x0032C978,16
display_off__5CGObj,0x0032C978,0x0032C988,16
is_valid__5CGObj,0x0032C988,0x0032C994,12
is_active__5CGObj,0x0032C994,0x0032C9A0,12
is_display__5CGObj,0x0032C9A0,0x0032C9AC,12
req_remove__5CGObj,0x0032C9AC,0x0032C9BC,16
req_display_on__5CGObj,0x0032C9BC,0x0032C9CC,16
req_display_off__5CGObj,0x0032C9CC,0x0032C9DC,16
set_object_id__5CGObjUs,0x0032C9DC,0x0032C9E4,8
set_model_id__5CGObjUs,0x0032C9E4,0x0032C9EC,8
set_attrib__5CGObjUi,0x0032C9EC,0x0032C9F4,8
__nw__5CGObjUiPv,0x0032C9F4,0x0032C9FC,8
__tf11CGObjCtrler,0x0032C9FC,0x0032CA38,60
bundle_exec_stage__11CGObjCtrler,0x0032CA38,0x0032CAA0,104
get_gobj__11CGObjCtrler,0x0032CAA0,0x0032CB0C,108
get_gobj_number__11CGObjCtrler,0x0032CB0C,0x0032CB14,8
__tf10CGListItem,0x0032CB14,0x0032CB50,60
__tf11CGActiveObj,0x0032CB50,0x0032CBAC,92
action_order__11CGActiveObjUiP15_aciton_command,0x0032CBAC,0x0032CBB4,8
set_next_state__11CGActiveObjUi,0x0032CBB4,0x0032CBBC,8
set_next_mode__11CGActiveObjUi,0x0032CBBC,0x0032CBC4,8
set_next_submode__11CGActiveObjUi,0x0032CBC4,0x0032CBCC,8
on_move__11CGActiveObj,0x0032CBCC,0x0032CBD4,8
set_motion_model__11CGActiveObjUi,0x0032CBD4,0x0032CBEC,24
set_motion__11CGActiveObjUsUsUsUsUs,0x0032CBEC,0x0032CC0C,32
set_motion_one__11CGActiveObjUsUsUsUsUs,0x0032CC0C,0x0032CC2C,32
set_motion_sync__11CGActiveObjUsUsUsUs,0x0032CC2C,0x0032CC48,28
set_motion_sync_one__11CGActiveObjUsUsUsUsUs,0x0032CC48,0x0032CC64,28
set_motion_time__11CGActiveObjUs,0x0032CC64,0x0032CC74,16
get_motion_frame__11CGActiveObjUs,0x0032CC74,0x0032CCB0,60
get_motion_status__11CGActiveObj,0x0032CCB0,0x0032CCB8,8
__tf17CGActiveObjCtrler,0x0032CCB8,0x0032CD14,92
__tf9CGArmBody,0x0032CD14,0x0032CD50,60
__tf20CGOcMasterFrontStage,0x0032CD50,0x0032CDA4,84
__as__t6TFader1ZfRCf,0x0032CDA4,0x0032CDCC,40
target__t6TFader1ZfRCfRCi,0x0032CDCC,0x0032CE24,88
setNow__t6TFader1ZfRCf,0x0032CE24,0x0032CE38,20
__tf13CGameCoreTask,0x0032CE38,0x0032CE84,76
__13CGameCoreTask,0x0032CE84,0x0032CEC4,64
__tf15CGMovieModeTask,0x0032CEC4,0x0032CF10,76
__tf16CGResultModeTask,0x0032CF10,0x0032CF5C,76
set_type__16CGResultModeTaskUi,0x0032CF5C,0x0032CF68,12
__tf16CStaffCreditTask,0x0032CF68,0x0032CFB4,76
set_route__16CStaffCreditTaskUi,0x0032CFB4,0x0032CFC8,20
get_route__16CStaffCreditTask,0x0032CFC8,0x0032CFD0,8
__tf15CGTitleCallTask,0x0032CFD0,0x0032D01C,76
__tf10CTitleTask,0x0032D01C,0x0032D068,76
__tf18CGWorldMapModeTask,0x0032D068,0x0032D0B4,76
__tf7CGBeast,0x0032D0B4,0x0032D108,84
action_die__7CGBeasti,0x0032D108,0x0032D11C,20
action_damage__7CGBeasti,0x0032D11C,0x0032D130,20
__tf8CGCherub,0x0032D130,0x0032D184,84
__tf11CGArmDrFire,0x0032D184,0x0032D1D0,76
__tf8CGDragon,0x0032D1D0,0x0032D224,84
on_defult__8CGDragon,0x0032D224,0x0032D230,12
__tf11CGEnchanter,0x0032D230,0x0032D284,84
action_damage__11CGEnchanteri,0x0032D284,0x0032D298,20
__tf7CGGhost,0x0032D298,0x0032D2EC,84
action_damage__7CGGhosti,0x0032D2EC,0x0032D300,20
__tf8CGGoblin,0x0032D300,0x0032D354,84
action_guard__8CGGoblini,0x0032D354,0x0032D368,20
action_counter__8CGGoblini,0x0032D368,0x0032D37C,20
__tf7CGGolem,0x0032D37C,0x0032D3D0,84
on_defult__7CGGolem,0x0032D3D0,0x0032D3DC,12
__tf7CGNecro,0x0032D3DC,0x0032D430,84
action_damage__7CGNecroi,0x0032D430,0x0032D444,20
__tf10CGOperator,0x0032D444,0x0032D498,84
__tf5CGOrc,0x0032D498,0x0032D4EC,84
action_guard__5CGOrci,0x0032D4EC,0x0032D500,20
action_counter__5CGOrci,0x0032D500,0x0032D514,20
__tf8CGPriest,0x0032D514,0x0032D568,84
action_die__8CGPriesti,0x0032D568,0x0032D57C,20
action_damage__8CGPriesti,0x0032D57C,0x0032D590,20
__tf8CGShadow,0x0032D590,0x0032D5E4,84
__tf6CGTank,0x0032D5E4,0x0032D638,84
__tf8CGUndead,0x0032D638,0x0032D68C,84
action_guard__8CGUndeadi,0x0032D68C,0x0032D6A0,20
action_counter__8CGUndeadi,0x0032D6A0,0x0032D6B4,20
__tf9CGArchery,0x0032D6B4,0x0032D708,84
__tf10CGAttacker,0x0032D708,0x0032D75C,84
__tf10CGCataplut,0x0032D75C,0x0032D7B0,84
__tf9CGCavalry,0x0032D7B0,0x0032D804,84
action_guard__9CGCavalryi,0x0032D804,0x0032D818,20
action_counter__9CGCavalryi,0x0032D818,0x0032D82C,20
__tf7CGDummy,0x0032D82C,0x0032D880,84
__tf14CGArmGroupHead,0x0032D880,0x0032D8CC,76
__tf11CGGroupHead,0x0032D8CC,0x0032D920,84
__tf10CGInfantry,0x0032D920,0x0032D974,84
action_guard__10CGInfantryi,0x0032D974,0x0032D988,20
action_counter__10CGInfantryi,0x0032D988,0x0032D99C,20
__tf12CGPlayerObj2,0x0032D99C,0x0032D9F0,84
set_dragon__12CGPlayerObj2P17CGPlayerDragonObj,0x0032D9F0,0x0032D9F8,8
__tf17CGPlayerDragonObj,0x0032D9F8,0x0032DA4C,84
set_input__17CGPlayerDragonObjP13CGPlayerInput,0x0032DA4C,0x0032DA54,8
__tf7CGSkelh,0x0032DA54,0x0032DAA8,84
set_state_func__7CGSkelhUiPM7CGSkelhFP7CGSkelh_v,0x0032DAA8,0x0032DAD4,44
__tf13CGTreasureBox,0x0032DAD4,0x0032DB28,84
test_under_attack__9CGArmBodyP5CGArmP5CFvecT2,0x0032DB28,0x0032DB30,8
__tf18CGArmDFireBallItem,0x0032DB30,0x0032DB80,80
init__18CGArmDFireBallItem,0x0032DB80,0x0032DBC0,64
set_exec_func__18CGArmDFireBallItemPM18CGArmDFireBallItemFP18CGArmDFireBallItem_v,0x0032DBC0,0x0032DBE0,32
exec_null__18CGArmDFireBallItem,0x0032DBE0,0x0032DBE8,8
__tf14CGArmDFireBall,0x0032DBE8,0x0032DC38,80
__tf5CGArm,0x0032DC38,0x0032DC88,80
__tf11CGArmCtrler,0x0032DC88,0x0032DCD4,76
__tf9CGArmItem,0x0032DCD4,0x0032DD24,80
init__9CGArmItem,0x0032DD24,0x0032DD5C,56
__tf10CGArmItemC,0x0032DD5C,0x0032DDAC,80
__tf18CGArmMagicBallItem,0x0032DDAC,0x0032DDFC,80
set_exec_func__18CGArmMagicBallItemPM18CGArmMagicBallItemFP18CGArmMagicBallItem_Ui,0x0032DDFC,0x0032DE1C,32
init__18CGArmMagicBallItem,0x0032DE1C,0x0032DF50,308
__tf14CGArmMagicBall,0x0032DF50,0x0032DFA0,80
__tf17CGArmParabolaItem,0x0032DFA0,0x0032DFF0,80
init__17CGArmParabolaItem,0x0032DFF0,0x0032E06C,124
__tf13CGArmParabola,0x0032E06C,0x0032E0BC,80
__tf18CGArmShockWaveItem,0x0032E0BC,0x0032E10C,80
init__18CGArmShockWaveItem,0x0032E10C,0x0032E148,60
__tf14CGArmShockWave,0x0032E148,0x0032E198,80
__tf14CGArmSwordItem,0x0032E198,0x0032E1E8,80
__tf10CGArmSword,0x0032E1E8,0x0032E238,80
__tf7CCamDbg,0x0032E238,0x0032E288,80
__tf7CCamDie,0x0032E288,0x0032E2D8,80
__tf9CCamEvent,0x0032E2D8,0x0032E328,80
__tf18CCamEventForPlayer,0x0032E328,0x0032E378,80
shake__18CCamEventForPlayerff,0x0032E378,0x0032E384,12
reset_param__18CCamEventForPlayerfff,0x0032E384,0x0032E394,16
__tf16CCamGndForPlayer,0x0032E394,0x0032E3E4,80
shake__16CCamGndForPlayerfff,0x0032E3E4,0x0032E3F4,16
__tf16CCamGetOffDragon,0x0032E3F4,0x0032E444,80
shake__16CCamGetOffDragonfff,0x0032E444,0x0032E454,16
__tf15CCamGetOnDragon,0x0032E454,0x0032E4A4,80
__tf17CCamAirHForPlayer,0x0032E4A4,0x0032E4F4,80
__tf17CCamAirLForPlayer,0x0032E4F4,0x0032E544,80
shake__17CCamAirLForPlayerfff,0x0032E544,0x0032E554,16
__tf7CCamStd,0x0032E554,0x0032E5A4,80
set_move_time__7CCamStdf,0x0032E5A4,0x0032E5AC,8
__tf12CCamSwSphere,0x0032E5AC,0x0032E5FC,80
__tf10CCamViewer,0x0032E5FC,0x0032E64C,80
init__10CCamViewer,0x0032E64C,0x0032E744,248
clear__t12CMemoryArray2Z12INTFUNCSTACKi_256_,0x0032E744,0x0032E7A4,96
initArray__t12CMemoryArray2Z12INTFUNCSTACKi_256_,0x0032E7A4,0x0032E7CC,40
__t12CMemoryArray2Z12INTFUNCSTACKi_256_,0x0032E7CC,0x0032E808,60
pop__t12CMemoryArray2Z12INTFUNCSTACKi_256_,0x0032E808,0x0032E834,44
push__t12CMemoryArray2Z12INTFUNCSTACKi_256_Pv,0x0032E834,0x0032E860,44
__t5CList2Zii_32_,0x0032E860,0x0032E874,20
__t5CList2Z16CShapeMotionStati_16_,0x0032E874,0x0032E8B4,64
Init__t5CList2Zii_32_,0x0032E8B4,0x0032E924,112
Init__t5CList2Z16CShapeMotionStati_16_,0x0032E924,0x0032E990,108
SetStatus__12CEneCtrlBasei,0x0032E990,0x0032E99C,12
___10CEneAdCtrl,0x0032E99C,0x0032E9FC,96
__tf10CEneAdCtrl,0x0032E9FC,0x0032EA4C,80
CreateRandRound__10CEneAdCtrl,0x0032EA4C,0x0032EC74,552
DrawWithAlpha__10CEneAdCtrliiRC8CFmatrixT3,0x0032EC74,0x0032ECA8,52
LocalInitStatus__12CEneCtrlBase,0x0032ECA8,0x0032ECB0,8
___11CEneBatCtrl,0x0032ECB0,0x0032ED10,96
__tf11CEneBatCtrl,0x0032ED10,0x0032ED60,80
ExecutePreAct__11CEneBatCtrli,0x0032ED60,0x0032EDE0,128
___10CEneBdCtrl,0x0032EDE0,0x0032EE54,116
__tf10CEneBdCtrl,0x0032EE54,0x0032EEA4,80
__tft7CDampNo1Zf,0x0032EEA4,0x0032EEF4,80
Execute__t7CDampNo1Zfi,0x0032EEF4,0x0032EF14,32
__tft6CExtNo1Zf,0x0032EF14,0x0032EF60,76
__tf10CExtNoBase,0x0032EF60,0x0032EF9C,60
___10CEneBfCtrl,0x0032EF9C,0x0032EFFC,96
__tf10CEneBfCtrl,0x0032EFFC,0x0032F04C,80
___10CEneBmCtrl,0x0032F04C,0x0032F0C8,124
__tf10CEneBmCtrl,0x0032F0C8,0x0032F118,80
NotDraw__10CEneBmCtrl,0x0032F118,0x0032F148,48
DrawWithAlpha__10CEneBmCtrliiRC8CFmatrixT3,0x0032F148,0x0032F17C,52
___10CEneMrCtrl,0x0032F17C,0x0032F1DC,96
__tf10CEneMrCtrl,0x0032F1DC,0x0032F22C,80
___10CEneMbCtrl,0x0032F22C,0x0032F28C,96
__tf10CEneMbCtrl,0x0032F28C,0x0032F2DC,80
___11CEneMb3Ctrl,0x0032F2DC,0x0032F33C,96
__tf11CEneMb3Ctrl,0x0032F33C,0x0032F38C,80
___10CEneBtCtrl,0x0032F38C,0x0032F3EC,96
__tf10CEneBtCtrl,0x0032F3EC,0x0032F43C,80
___10CEneCaCtrl,0x0032F43C,0x0032F49C,96
__tf10CEneCaCtrl,0x0032F49C,0x0032F4EC,80
RemoveAll__t5CList2ZP17CTargetAnimCamerai8,0x0032F4EC,0x0032F508,28
AddTail__t5CList2ZP17CTargetAnimCamerai8RCP17CTargetAnimCamera,0x0032F508,0x0032F570,104
GetNext__t5CList2ZP17CTargetAnimCamerai8RPv,0x0032F570,0x0032F580,16
Find__Ct5CList2ZP17CTargetAnimCamerai8P17CTargetAnimCameraPv,0x0032F580,0x0032F5C8,72
Init__t5CList2ZP17CTargetAnimCamerai8,0x0032F5C8,0x0032F638,112
__tf10CCameraMan,0x0032F638,0x0032F674,60
__10CCameraMan,0x0032F674,0x0032F6BC,72
RemoveAllCamera__10CCameraMan,0x0032F6BC,0x0032F6E0,36
GetCameraNum__C10CCameraMan,0x0032F6E0,0x0032F6E8,8
AddCamera__10CCameraManP17CTargetAnimCamera,0x0032F6E8,0x0032F708,32
GetNowCamera__10CCameraMan,0x0032F708,0x0032F710,8
GetMatrix__C10CCameraMan,0x0032F710,0x0032F758,72
GetMatrix__10CCameraMan,0x0032F758,0x0032F760,8
__t5CList2ZP17CTargetAnimCamerai8,0x0032F760,0x0032F774,20
__tft9CLinearNo1Zf,0x0032F774,0x0032F7C4,80
Execute__t9CLinearNo1Zfi,0x0032F7C4,0x0032F818,84
__tf14CEneCannonCtrl,0x0032F818,0x0032F868,80
___14CEneCannonCtrl,0x0032F868,0x0032F8C8,96
SetParentCtrl__14CEneCannonCtrlP8CEneCtrl,0x0032F8C8,0x0032F8D0,8
__tf11CEneBahCtrl,0x0032F8D0,0x0032F920,80
___11CEneBahCtrl,0x0032F920,0x0032F980,96
___12CEneBah2Ctrl,0x0032F980,0x0032F9E0,96
__tf12CEneBah2Ctrl,0x0032F9E0,0x0032FA30,80
___10CEnePpCtrl,0x0032FA30,0x0032FA90,96
__tf10CEnePpCtrl,0x0032FA90,0x0032FAE0,80
LocalInitStatus__10CEnePpCtrl,0x0032FAE0,0x0032FB50,112
___11CEneAbwCtrl,0x0032FB50,0x0032FBB0,96
__tf11CEneAbwCtrl,0x0032FBB0,0x0032FC00,80
__tf17CEneSeaCannonCtrl,0x0032FC00,0x0032FC50,80
___17CEneSeaCannonCtrl,0x0032FC50,0x0032FCB0,96
___11CEneCn6Ctrl,0x0032FCB0,0x0032FD10,96
__tf11CEneCn6Ctrl,0x0032FD10,0x0032FD60,80
___10CEneFgCtrl,0x0032FD60,0x0032FDC0,96
__tf10CEneFgCtrl,0x0032FDC0,0x0032FE10,80
LocalInitStatus__10CEneFgCtrl,0x0032FE10,0x0032FE3C,44
ExecuteDead__10CEneNoCtrli,0x0032FE3C,0x0032FE44,8
___10CEneBsCtrl,0x0032FE44,0x0032FEA4,96
__tf10CEneBsCtrl,0x0032FEA4,0x0032FEF4,80
LocalInitStatus__10CEneBsCtrl,0x0032FEF4,0x0032FF70,124
SetParentCtrl__10CEneBsCtrlP8CEneCtrl,0x0032FF70,0x0032FF78,8
__tf10CEneNoCtrl,0x0032FF78,0x0032FFC8,80
__tf14CCharaCtrlBase,0x0032FFC8,0x00330014,76
__nw__14CCharaCtrlBaseUiPv,0x00330014,0x0033001C,8
__14CCharaCtrlBase,0x0033001C,0x003301F4,472
ClearAllEffect__14CCharaCtrlBase,0x003301F4,0x00330248,84
GetMatrix__14CCharaCtrlBase,0x00330248,0x003302C4,124
Execute__14CCharaCtrlBasei,0x003302C4,0x0033037C,184
LocalPreExecute__14CCharaCtrlBasei,0x0033037C,0x00330384,8
LocalPostExecute__14CCharaCtrlBasei,0x00330384,0x0033038C,8
Draw__14CCharaCtrlBase,0x0033038C,0x00330394,8
Input__14CCharaCtrlBaseR13CGPlayerInput,0x00330394,0x0033039C,8
CheckHit__14CCharaCtrlBase,0x0033039C,0x003303A4,8
GetExtPointPos__14CCharaCtrlBasei,0x003303A4,0x003303BC,24
GetExtPointNormal__14CCharaCtrlBasei,0x003303BC,0x003303D8,28
CreateLwMat__14CCharaCtrlBase,0x003303D8,0x003308E0,1288
__tf15CPostureControl,0x003308E0,0x0033091C,60
__tft8CDampRag1Zf,0x0033091C,0x0033096C,80
Execute__t8CDampRag1Zfi,0x0033096C,0x00330A30,196
GetNext__t5CList2ZP8CEneCtrli_129_RPv,0x00330A30,0x00330A40,16
___10CEneCyCtrl,0x00330A40,0x00330AB4,116
__tf10CEneCyCtrl,0x00330AB4,0x00330B04,80
___14CEneSplashCtrl,0x00330B04,0x00330B64,96
__tf14CEneSplashCtrl,0x00330B64,0x00330BB4,80
___10CEneDgCtrl,0x00330BB4,0x00330C14,96
__tf10CEneDgCtrl,0x00330C14,0x00330C64,80
__10CEneDgCtrl,0x00330C64,0x0033102C,968
FUN_0033102c,0x0033102C,0x00331048,28
___13CEneRelDgCtrl,0x00331048,0x003310A8,96
__tf13CEneRelDgCtrl,0x003310A8,0x003310F8,80
__13CEneRelDgCtrl,0x003310F8,0x003314B0,952
FUN_003314b0,0x003314B0,0x003314CC,28
__tft7CDampNo1Z8CFvector,0x003314CC,0x0033151C,80
__tf12CEneCtrlBase,0x0033151C,0x0033156C,80
__tft6CExtNo1Z8CFvector,0x0033156C,0x003315B8,76
Execute__t7CDampNo1Z8CFvectori,0x003315B8,0x00331640,136
__t5CList2ZP16CSkyEffectHandlei_16_,0x00331640,0x00331654,20
RemoveAll__t5CList2ZP16CSkyEffectHandlei_16_,0x00331654,0x00331670,28
GetAt__t5CList2ZP8CEneCtrli_18_i,0x00331670,0x00331684,20
AddTail__t5CList2ZP16CSkyEffectHandlei_16_RCP16CSkyEffectHandle,0x00331684,0x003316EC,104
GetNext__t5CList2ZP16CSkyEffectHandlei_16_RPv,0x003316EC,0x003316FC,16
RemoveAt__t5CList2ZP16CSkyEffectHandlei_16_Pv,0x003316FC,0x00331774,120
Init__t5CList2ZP16CSkyEffectHandlei_16_,0x00331774,0x003317E4,112
FindIndex__Ct5CList2ZP8CEneCtrli_18_i,0x003317E4,0x00331820,60
DeleteNode__t5CList2ZP16CSkyEffectHandlei_16_PQ2t5CList2ZP16CSkyEffectHandlei_16_5SNode,0x00331820,0x0033184C,44
__tf17CDragonMotionBase,0x0033184C,0x00331888,60
LocalInit__17CDragonMotionBase,0x00331888,0x00331890,8
LocalPreExecute__17CDragonMotionBasei,0x00331890,0x00331898,8
LocalPostExecute__17CDragonMotionBasei,0x00331898,0x003318A0,8
LocalPreDraw__17CDragonMotionBase,0x003318A0,0x003318A8,8
LocalPostDraw__17CDragonMotionBase,0x003318A8,0x003318B0,8
__tf11CDragonCtrl,0x003318B0,0x00331900,80
___11CDragonCtrl,0x00331900,0x00331978,120
Release__11CDragonCtrl,0x00331978,0x00331980,8
IsInit__11CDragonCtrl,0x00331980,0x00331988,8
GndSeUpdate__11CDragonCtrl,0x00331988,0x003319BC,52
IsInBreath__C11CDragonCtrl,0x003319BC,0x003319C8,12
SetBreathAbleFlag__11CDragonCtrlb,0x003319C8,0x003319D0,8
IsUseMagic__C11CDragonCtrl,0x003319D0,0x003319DC,12
GetUseMagicCount__C11CDragonCtrl,0x003319DC,0x003319E4,8
SetGndFireDisableFrame__11CDragonCtrli,0x003319E4,0x003319EC,8
SetTargetForceFlag__11CDragonCtrli,0x003319EC,0x003319F4,8
AttachPathAnim__11CDragonCtrlPUI80,0x003319F4,0x00331A10,28
PlayPathAnim__11CDragonCtrlif,0x00331A10,0x00331A28,24
IsPlayPathAnim__C11CDragonCtrl,0x00331A28,0x00331A30,8
StopPathAnim__11CDragonCtrl,0x00331A30,0x00331A40,16
SetLwMatrix__11CDragonCtrlRC8CFmatrix,0x00331A40,0x00331A6C,44
GetSpeed__C11CDragonCtrl,0x00331A6C,0x00331A84,24
IsInDrift__C11CDragonCtrl,0x00331A84,0x00331A90,12
IsInDriftRoll__C11CDragonCtrl,0x00331A90,0x00331A98,8
Draw__11CDragonCtrl,0x00331A98,0x00331AB8,32
Draw__11CDragonCtrlRC8CFmatrix,0x00331AB8,0x00331B40,136
GetExtPointPos__11CDragonCtrli,0x00331B40,0x00331B8C,76
GetExtPointNormal__11CDragonCtrli,0x00331B8C,0x00331BDC,80
SetRingDisableTime__11CDragonCtrli,0x00331BDC,0x00331BE4,8
__opi__t6TFader1Zi,0x00331BE4,0x00331BEC,8
__tf13CDragonMotion,0x00331BEC,0x00331C38,76
__13CDragonMotion,0x00331C38,0x00331E00,456
Init__13CDragonMotionPUI80i,0x00331E00,0x00331E24,36
GetExtBodyDiffNAll__13CDragonMotionP8CFvectorT1,0x00331E24,0x00331E68,68
GetMotion__13CDragonMotion,0x00331E68,0x00331E70,8
GetFlapSpeed__C13CDragonMotion,0x00331E70,0x00331E78,8
GetFlapTargetSpeed__C13CDragonMotion,0x00331E78,0x00331E80,8
Draw__13CDragonMotion,0x00331E80,0x00331E9C,28
Draw__13CDragonMotionG8CFmatrix,0x00331E9C,0x00331F20,132
LocalPostExecute__13CDragonMotioni,0x00331F20,0x00331F68,72
LocalPreDraw__13CDragonMotion,0x00331F68,0x00331F70,8
LocalPostDraw__13CDragonMotion,0x00331F70,0x00331F78,8
___10CEneEdCtrl,0x00331F78,0x00331FD8,96
__tf10CEneEdCtrl,0x00331FD8,0x00332028,80
__tf17CEneBillBoardCtrl,0x00332028,0x00332078,80
__tf8CEneCtrl,0x00332078,0x003320C8,80
__8CEneCtrl,0x003320C8,0x00332460,920
FUN_00332460,0x00332460,0x0033247C,28
___8CEneCtrl,0x0033247C,0x003324DC,96
IsRealModel__C8CEneCtrl,0x003324DC,0x003324FC,32
IsForceRealModel__C8CEneCtrl,0x003324FC,0x00332504,8
AttachModel__8CEneCtrlP17CSkyEneBaseMotion,0x00332504,0x00332514,16
DetachModel__8CEneCtrl,0x00332514,0x00332520,12
SetTarget__8CEneCtrlP8CEneCtrlRC8CFvector,0x00332520,0x00332538,24
ResetTarget__8CEneCtrl,0x00332538,0x00332540,8
SetMotion__8CEneCtrliP8CFvector,0x00332540,0x00332578,56
ExecutePreAct__8CEneCtrli,0x00332578,0x00332580,8
ExecuteNormal__8CEneCtrli,0x00332580,0x00332588,8
ExecuteWait__8CEneCtrli,0x00332588,0x00332590,8
ExecuteAttackWait__8CEneCtrli,0x00332590,0x00332598,8
ExecuteAttack__8CEneCtrli,0x00332598,0x003325A0,8
ExecuteBillBoard__8CEneCtrli,0x003325A0,0x003325A8,8
ExecutePostAct__8CEneCtrli,0x003325A8,0x003325B0,8
ExecuteExtra__8CEneCtrli,0x003325B0,0x003325B8,8
SetRealModelEvent__8CEneCtrl,0x003325B8,0x003325C0,8
OnMessage__8CEneCtrlif,0x003325C0,0x003325C8,8
OnDestroy__8CEneCtrl,0x003325C8,0x003325D0,8
SetParentCtrl__8CEneCtrlP8CEneCtrl,0x003325D0,0x003325D8,8
SetMyMatrix__8CEneCtrlRC8CFmatrix,0x003325D8,0x003325E0,8
SetParentMatrix__8CEneCtrlRC8CFmatrix,0x003325E0,0x003325E8,8
GetParentCtrl__8CEneCtrl,0x003325E8,0x003325F0,8
GetExtPointPos__8CEneCtrli,0x003325F0,0x00332658,104
GetExtPointNormal__8CEneCtrli,0x00332658,0x003326C4,108
SetSpeed__8CEneCtrlf,0x003326C4,0x003326D4,16
GetSpeed__C8CEneCtrl,0x003326D4,0x003326DC,8
IsInGunSight__C8CEneCtrlG8CIvector,0x003326DC,0x0033278C,176
ExecuteToTarget__8CEneCtrlG8CFvectori,0x0033278C,0x0033279C,16
___19CEneNormalFloatCtrl,0x0033279C,0x003327FC,96
__tf19CEneNormalFloatCtrl,0x003327FC,0x0033284C,80
__19CEneNormalFloatCtrl,0x0033284C,0x00332C10,964
FUN_00332c10,0x00332C10,0x00332C2C,28
OriginalExecute__19CEneNormalFloatCtrli,0x00332C2C,0x00332C34,8
___17CEneNormalFlyCtrl,0x00332C34,0x00332C94,96
__tf17CEneNormalFlyCtrl,0x00332C94,0x00332CE4,80
___18CEneRelationalCtrl,0x00332CE4,0x00332D44,96
__tf18CEneRelationalCtrl,0x00332D44,0x00332D94,80
__18CEneRelationalCtrl,0x00332D94,0x00333198,1028
FUN_00333198,0x00333198,0x003331B4,28
IsLink__C18CEneRelationalCtrl,0x003331B4,0x003331BC,8
SetParentCtrl__18CEneRelationalCtrlP8CEneCtrl,0x003331BC,0x003331C4,8
GetParentCtrl__18CEneRelationalCtrl,0x003331C4,0x003331CC,8
CreateLwMat__18CEneRelationalCtrl,0x003331CC,0x0033320C,64
__tft12CDampNoFrame1Zf,0x0033320C,0x0033325C,80
Execute__t12CDampNoFrame1Zfi,0x0033325C,0x003332A4,72
__tf17CSkyEneBaseMotion,0x003332A4,0x003332F0,76
AttachBuff__17CSkyEneBaseMotionP18CMotionChannelStatP14SCharaExtPointP19CMotionChannelGroupPA2_i,0x003332F0,0x00333304,20
__17CSkyEneBaseMotion,0x00333304,0x003333F0,236
EnemyLocalInit__17CSkyEneBaseMotion,0x003333F0,0x003333F8,8
Draw__17CSkyEneBaseMotionP8CFmatrix,0x003333F8,0x00333468,112
CopyMotionStatus__17CSkyEneBaseMotionRC17CSkyEneBaseMotion,0x00333468,0x003335B4,332
SetBillBoardId__17CSkyEneBaseMotioni,0x003335B4,0x003335BC,8
IsBillBoard__C17CSkyEneBaseMotion,0x003335BC,0x003335CC,16
ClearAllParam__17CSkyEneBaseMotion,0x003335CC,0x0033361C,80
LocalClearParam__17CSkyEneBaseMotion,0x0033361C,0x00333624,8
SetFireLight__17CSkyEneBaseMotionG8CFvectorT1ff,0x00333624,0x00333674,80
Find__Ct5CList2ZP10CSndHandlei_64_P10CSndHandlePv,0x00333674,0x003336BC,72
AddTail__t5CList2ZP10CSndHandlei_64_RCP10CSndHandle,0x003336BC,0x00333724,104
RemoveAll__t5CList2Z11CEneBltCtrli_32_,0x00333724,0x00333740,28
RemoveAll__t5CList2Z11CEneBltCtrli_256_,0x00333740,0x0033375C,28
GetNext__t5CList2Z11CEneBltCtrli_32_RPv,0x0033375C,0x0033376C,16
CreateNew__t5CList2Z11CEneBltCtrli_32_,0x0033376C,0x003337CC,96
CreateNew__t5CList2Z11CEneBltCtrli_256_,0x003337CC,0x00333874,168
GetNext__t5CList2Z11CEneBltCtrli_256_RPv,0x00333874,0x00333884,16
GetAt__t5CList2Z11CEneBltCtrli_32_Pv,0x00333884,0x0033388C,8
RemoveAt__t5CList2Z11CEneBltCtrli_32_Pv,0x0033388C,0x00333904,120
GetAt__t5CList2Z11CEneBltCtrli_256_Pv,0x00333904,0x0033390C,8
RemoveAt__t5CList2Z11CEneBltCtrli_256_Pv,0x0033390C,0x003339A4,152
Init__t5CList2Z11CEneBltCtrli_32_,0x003339A4,0x00333A0C,104
Init__t5CList2Z11CEneBltCtrli_256_,0x00333A0C,0x00333AB8,172
DeleteNode__t5CList2Z11CEneBltCtrli_32_PQ2t5CList2Z11CEneBltCtrli_32_5SNode,0x00333AB8,0x00333AE4,44
DeleteNode__t5CList2Z11CEneBltCtrli_256_PQ2t5CList2Z11CEneBltCtrli_256_5SNode,0x00333AE4,0x00333B30,76
__t5CList2Z11CEneBltCtrli_32_,0x00333B30,0x00333B88,88
FUN_00333b88,0x00333B88,0x00333BE0,88
__t5CList2Z11CEneBltCtrli_256_,0x00333BE0,0x00333C38,88
FUN_00333c38,0x00333C38,0x00333C90,88
__tf11CEneBltCtrl,0x00333C90,0x00333CCC,60
___11CEneBltCtrl,0x00333CCC,0x00333D2C,96
IsDanger__C11CEneBltCtrl,0x00333D2C,0x00333D4C,32
GetNowSpeedVector__C11CEneBltCtrl,0x00333D4C,0x00333DA0,84
IsModel__C11CEneBltCtrl,0x00333DA0,0x00333DB0,16
IsEffect__C11CEneBltCtrl,0x00333DB0,0x00333DBC,12
GetModelNo__C11CEneBltCtrl,0x00333DBC,0x00333DC4,8
GetEffectNo__C11CEneBltCtrl,0x00333DC4,0x00333DD0,12
IsLowCost__C11CEneBltCtrl,0x00333DD0,0x00333DF0,32
GetNext__t5CList2Z11CWeaponCtrli_36_RPv,0x00333DF0,0x00333E00,16
___11CEneF15Ctrl,0x00333E00,0x00333E60,96
__tf11CEneF15Ctrl,0x00333E60,0x00333EB0,80
SetDamageMotion__11CEneF15CtrlP11CWeaponCtrliG8CFvectori,0x00333EB0,0x00333EBC,12
___17CEneFloatBaseCtrl,0x00333EBC,0x00333F1C,96
__tf17CEneFloatBaseCtrl,0x00333F1C,0x00333F6C,80
__17CEneFloatBaseCtrl,0x00333F6C,0x0033433C,976
FUN_0033433c,0x0033433C,0x00334358,28
LocalInitStatus__17CEneFloatBaseCtrl,0x00334358,0x003343EC,148
___10CEneAmCtrl,0x003343EC,0x0033444C,96
__tf10CEneAmCtrl,0x0033444C,0x0033449C,80
___15CEneFlyNearCtrl,0x0033449C,0x003344FC,96
__tf15CEneFlyNearCtrl,0x003344FC,0x0033454C,80
LocalInitStatus__15CEneFlyNearCtrl,0x0033454C,0x00334598,76
___14CEneFlyFarCtrl,0x00334598,0x003345F8,96
__tf14CEneFlyFarCtrl,0x003345F8,0x00334648,80
RemoveAll__t5CList2Z10CGa1Bulleti3,0x00334648,0x00334664,28
GetAt__t5CList2Z10CGa1Bulleti3Pv,0x00334664,0x0033466C,8
RemoveAt__t5CList2Z10CGa1Bulleti3Pv,0x0033466C,0x003346E4,120
GetNext__t5CList2Z10CGa1Bulleti3RPv,0x003346E4,0x003346F4,16
CreateNew__t5CList2Z10CGa1Bulleti3,0x003346F4,0x00334754,96
Init__t5CList2Z10CGa1Bulleti3,0x00334754,0x00334790,60
DeleteNode__t5CList2Z10CGa1Bulleti3PQ2t5CList2Z10CGa1Bulleti35SNode,0x00334790,0x003347BC,44
___10CEneGaCtrl,0x003347BC,0x00334830,116
__tf10CEneGaCtrl,0x00334830,0x00334880,80
___11CEneGa1Ctrl,0x00334880,0x003348E0,96
__tf11CEneGa1Ctrl,0x003348E0,0x00334930,80
___11CEneGa4Ctrl,0x00334930,0x00334990,96
__tf11CEneGa4Ctrl,0x00334990,0x003349E0,80
ExecuteDead__11CEneGa4Ctrli,0x003349E0,0x003349E8,8
___10CEneGfCtrl,0x003349E8,0x00334A48,96
__tf10CEneGfCtrl,0x00334A48,0x00334A98,80
___10CEneGhCtrl,0x00334A98,0x00334AF8,96
__tf10CEneGhCtrl,0x00334AF8,0x00334B48,80
GetNext__t5CList2ZP10CSndHandlei_64_RPv,0x00334B48,0x00334B58,16
RemoveAt__t5CList2ZP10CSndHandlei_64_Pv,0x00334B58,0x00334BD0,120
DeleteNode__t5CList2ZP10CSndHandlei_64_PQ2t5CList2ZP10CSndHandlei_64_5SNode,0x00334BD0,0x00334BFC,44
__t5CList2ZP10CSndHandlei_64_,0x00334BFC,0x00334C10,20
RemoveAll__t5CList2ZP10CSndHandlei_64_,0x00334C10,0x00334C2C,28
Init__t5CList2ZP10CSndHandlei_64_,0x00334C2C,0x00334C9C,112
CreateNew__t5CList2Z11CLockOnCtrli8,0x00334C9C,0x00334CFC,96
GetNext__t5CList2Z11CLockOnCtrli8RPv,0x00334CFC,0x00334D0C,16
RemoveAt__t5CList2Z11CLockOnCtrli8Pv,0x00334D0C,0x00334D84,120
DeleteNode__t5CList2Z11CLockOnCtrli8PQ2t5CList2Z11CLockOnCtrli85SNode,0x00334D84,0x00334DB0,44
__t5CList2Z11CLockOnCtrli8,0x00334DB0,0x00334E14,100
Init__t5CList2Z11CLockOnCtrli8,0x00334E14,0x00334E80,108
___10CEneMaCtrl,0x00334E80,0x00334EE0,96
__tf10CEneMaCtrl,0x00334EE0,0x00334F30,80
___11CEneMarCtrl,0x00334F30,0x00334F90,96
__tf11CEneMarCtrl,0x00334F90,0x00334FE0,80
___10CEnePbCtrl,0x00334FE0,0x00335040,96
__tf10CEnePbCtrl,0x00335040,0x00335090,80
___10CEnePhCtrl,0x00335090,0x003350F0,96
__tf10CEnePhCtrl,0x003350F0,0x00335140,80
DrawWithAlpha__10CEnePhCtrliiRC8CFmatrixT3,0x00335140,0x00335174,52
___10CEneSkCtrl,0x00335174,0x003351D4,96
__tf10CEneSkCtrl,0x003351D4,0x00335224,80
__tf17CTargetAnimCamera,0x00335224,0x00335270,76
__17CTargetAnimCamera,0x00335270,0x003355C0,848
___17CTargetAnimCamera,0x003355C0,0x003355F4,52
Attach__17CTargetAnimCameraPUI80,0x003355F4,0x0033561C,40
Detach__17CTargetAnimCamera,0x0033561C,0x00335628,12
Init__17CTargetAnimCamera,0x00335628,0x00335654,44
IsPlayAnim__C17CTargetAnimCamera,0x00335654,0x003356A0,76
SetPause__17CTargetAnimCamera,0x003356A0,0x003356AC,12
ResetPause__17CTargetAnimCamera,0x003356AC,0x003356B4,8
GetAnimFrame__C17CTargetAnimCamera,0x003356B4,0x003356BC,8
GetAnimFrameNum__C17CTargetAnimCamera,0x003356BC,0x003356C8,12
Play__17CTargetAnimCamerafb,0x003356C8,0x00335714,76
Stop__17CTargetAnimCamera,0x00335714,0x0033571C,8
___16CSkyTargetCamera,0x0033571C,0x00335750,52
__tf16CSkyTargetCamera,0x00335750,0x003357A0,80
SetCameraMode__16CSkyTargetCamera14ESkyCameraMode,0x003357A0,0x003357A8,8
SetTargetChaseRate__16CSkyTargetCamerafb,0x003357A8,0x003357E0,56
SetDefaultCameraDistance__16CSkyTargetCameraff,0x003357E0,0x003357EC,12
ResetCamDist__16CSkyTargetCamera,0x003357EC,0x00335800,20
___16CGndTargetCamera,0x00335800,0x00335834,52
__tf16CGndTargetCamera,0x00335834,0x00335884,80
__16CGndTargetCamera,0x00335884,0x00335D9C,1304
___15CSkyRoundCamera,0x00335D9C,0x00335DD0,52
__tf15CSkyRoundCamera,0x00335DD0,0x00335E20,80
__15CSkyRoundCamera,0x00335E20,0x003361CC,940
GetDefaultDiffPos__C15CSkyRoundCamera,0x003361CC,0x00336204,56
SetDiffPos__15CSkyRoundCameraRC8CFvector,0x00336204,0x00336218,20
___15CSkyStartCamera,0x00336218,0x0033624C,52
__tf15CSkyStartCamera,0x0033624C,0x0033629C,80
__15CSkyStartCamera,0x0033629C,0x00336610,884
___19CSkySoundGameCamera,0x00336610,0x00336644,52
__tf19CSkySoundGameCamera,0x00336644,0x00336694,80
__19CSkySoundGameCamera,0x00336694,0x003369FC,872
__19CSkySoundGameCameraRC8CFvector,0x003369FC,0x00336D8C,912
FUN_00336d8c,0x00336D8C,0x00336DBC,48
__tf13CSkyCameraMan,0x00336DBC,0x00336E08,76
__13CSkyCameraMan,0x00336E08,0x00338534,5932
FUN_00338534,0x00338534,0x00338610,220
___13CSkyCameraMan,0x00338610,0x0033866C,92
IsStartCamera__13CSkyCameraMan,0x0033866C,0x00338680,20
GetCameraPos__C13CSkyCameraMan,0x00338680,0x00338698,24
___19CStaticDragonCamera,0x00338698,0x003386CC,52
__tf19CStaticDragonCamera,0x003386CC,0x0033871C,80
LocalExecute__19CStaticDragonCamerai,0x0033871C,0x00338738,28
__tf8CPackMan,0x00338738,0x00338774,60
___8CPackMan,0x00338774,0x003387A8,52
RemoveAll__t5CList2ZP16CSkyEffectHandlei_64_,0x003387A8,0x003387C4,28
RemoveAll__t5CList2Z15CSkyEffectCharai_24_,0x003387C4,0x003387E0,28
AddTail__t5CList2ZP16CSkyEffectHandlei_64_RCP16CSkyEffectHandle,0x003387E0,0x00338848,104
GetNext__t5CList2ZP16CSkyEffectHandlei_64_RPv,0x00338848,0x00338858,16
GetNext__t5CList2Z15CSkyEffectCharai_24_RPv,0x00338858,0x00338868,16
RemoveAt__t5CList2Z15CSkyEffectCharai_24_Pv,0x00338868,0x00338900,152
RemoveHead__t5CList2ZP16CSkyEffectHandlei_64_,0x00338900,0x00338958,88
RemoveAt__t5CList2ZP16CSkyEffectHandlei_64_Pv,0x00338958,0x003389D0,120
CreateNew__t5CList2Z15CSkyEffectCharai_24_,0x003389D0,0x00338A78,168
RemoveTail__t5CList2Z15CSkyEffectCharai_24_,0x00338A78,0x00338AFC,132
Init__t5CList2Z15CSkyEffectCharai_24_,0x00338AFC,0x00338BB0,180
Init__t5CList2ZP16CSkyEffectHandlei_64_,0x00338BB0,0x00338C20,112
DeleteNode__t5CList2Z15CSkyEffectCharai_24_PQ2t5CList2Z15CSkyEffectCharai_24_5SNode,0x00338C20,0x00338C6C,76
DeleteNode__t5CList2ZP16CSkyEffectHandlei_64_PQ2t5CList2ZP16CSkyEffectHandlei_64_5SNode,0x00338C6C,0x00338C98,44
__t5CList2Z15CSkyEffectCharai_24_,0x00338C98,0x00338D9C,260
__t5CList2ZP16CSkyEffectHandlei_64_,0x00338D9C,0x00338DB0,20
__tf16CSkyEffectHandle,0x00338DB0,0x00338DEC,60
__16CSkyEffectHandle,0x00338DEC,0x00338E38,76
Clear__16CSkyEffectHandle,0x00338E38,0x00338E78,64
Set__16CSkyEffectHandleiRC8CFmatrixb,0x00338E78,0x00338EC4,76
IsActive__C16CSkyEffectHandle,0x00338EC4,0x00338ED4,16
SetMatrix__16CSkyEffectHandleRC8CFmatrix,0x00338ED4,0x00338F10,60
AddTail__t5CList2ZP8CEneCtrli_129_RCP8CEneCtrl,0x00338F10,0x00338F78,104
RemoveAt__t5CList2ZP8CEneCtrli_129_Pv,0x00338F78,0x00338FF0,120
GetNext__Ct5CList2ZP8CEneCtrli_129_RPv,0x00338FF0,0x00339004,20
DeleteNode__t5CList2ZP8CEneCtrli_129_PQ2t5CList2ZP8CEneCtrli_129_5SNode,0x00339004,0x00339030,44
RemoveAll__t5CList2ZP8CEneCtrli_129_,0x00339030,0x0033904C,28
RemoveAll__t5CList2ZP8CEneCtrli_18_,0x0033904C,0x00339068,28
RemoveAll__t5CList2ZP8CEneCtrli_96_,0x00339068,0x00339084,28
RemoveAll__t5CList2ZP8CEneCtrli_256_,0x00339084,0x003390A0,28
RemoveAll__t5CList2ZP17CSkyEneBaseMotioni_36_,0x003390A0,0x003390BC,28
RemoveAll__t5CList2ZP17CSkyEneBaseMotioni_18_,0x003390BC,0x003390D8,28
Init__t5CList2Zii_256_,0x003390D8,0x00339148,112
AddTail__t5CList2Zii_256_RCi,0x00339148,0x003391B0,104
Init__t5CList2Zii_36_,0x003391B0,0x00339220,112
AddTail__t5CList2Zii_36_RCi,0x00339220,0x00339288,104
GetNext__t5CList2ZP8CEneCtrli_18_RPv,0x00339288,0x00339298,16
GetAt__t5CList2Zii_36_Pv,0x00339298,0x003392A0,8
RemoveAt__t5CList2Zii_36_Pv,0x003392A0,0x00339318,120
AddTail__t5CList2ZP17CSkyEneBaseMotioni_36_RCP17CSkyEneBaseMotion,0x00339318,0x00339380,104
GetAt__t5CList2Zii_256_Pv,0x00339380,0x00339388,8
__t5CList2Z10CGa1Bulleti3,0x00339388,0x003393D0,72
RemoveAt__t5CList2Zii_256_Pv,0x003393D0,0x00339448,120
AddTail__t5CList2ZP17CSkyEneBaseMotioni_18_RCP17CSkyEneBaseMotion,0x00339448,0x003394B0,104
GetNext__t5CList2ZP17CSkyEneBaseMotioni_36_RPv,0x003394B0,0x003394C0,16
RemoveAt__t5CList2ZP17CSkyEneBaseMotioni_36_Pv,0x003394C0,0x00339538,120
AddTail__t5CList2ZP8CEneCtrli_18_RCP8CEneCtrl,0x00339538,0x003395A0,104
AddTail__t5CList2ZP8CEneCtrli_256_RCP8CEneCtrl,0x003395A0,0x00339608,104
AddTail__t5CList2ZP8CEneCtrli_96_RCP8CEneCtrl,0x00339608,0x00339670,104
GetNext__t5CList2ZP8CEneCtrli_96_RPv,0x00339670,0x00339680,16
GetNext__t5CList2ZP8CEneCtrli_256_RPv,0x00339680,0x00339690,16
Init__t5CList2ZP8CEneCtrli_129_,0x00339690,0x00339700,112
Init__t5CList2ZP8CEneCtrli_18_,0x00339700,0x00339770,112
Init__t5CList2ZP8CEneCtrli_96_,0x00339770,0x003397E0,112
Init__t5CList2ZP8CEneCtrli_256_,0x003397E0,0x00339850,112
Init__t5CList2ZP17CSkyEneBaseMotioni_36_,0x00339850,0x003398C0,112
Init__t5CList2ZP17CSkyEneBaseMotioni_18_,0x003398C0,0x00339930,112
DeleteNode__t5CList2Zii_36_PQ2t5CList2Zii_36_5SNode,0x00339930,0x0033995C,44
DeleteNode__t5CList2Zii_256_PQ2t5CList2Zii_256_5SNode,0x0033995C,0x00339988,44
DeleteNode__t5CList2ZP17CSkyEneBaseMotioni_36_PQ2t5CList2ZP17CSkyEneBaseMotioni_36_5SNode,0x00339988,0x003399B4,44
__t5CList2ZP8CEneCtrli_129_,0x003399B4,0x003399C8,20
__t5CList2ZP8CEneCtrli_18_,0x003399C8,0x003399DC,20
__t5CList2ZP8CEneCtrli_96_,0x003399DC,0x003399F0,20
__t5CList2ZP8CEneCtrli_256_,0x003399F0,0x00339A04,20
__t5CList2ZP17CSkyEneBaseMotioni_36_,0x00339A04,0x00339A18,20
__t5CList2ZP17CSkyEneBaseMotioni_18_,0x00339A18,0x00339A2C,20
__t5CList2Zii_256_,0x00339A2C,0x00339A40,20
__t5CList2Zii_36_,0x00339A40,0x00339A54,20
__tf19CSkyEneNormalMotion,0x00339A54,0x00339AA4,80
InitAttachBuff__19CSkyEneNormalMotion,0x00339AA4,0x00339AC8,36
LocalInit__19CSkyEneNormalMotion,0x00339AC8,0x00339BB4,236
__tf9CNoMotion,0x00339BB4,0x00339C04,80
SetMotionIndex__9CNoMotion,0x00339C04,0x00339C14,16
CreateRealMotionIndex__9CNoMotion,0x00339C14,0x00339C48,52
__tf9CWbMotion,0x00339C48,0x00339C98,80
SetMotionIndex__9CWbMotion,0x00339C98,0x00339CA8,16
CreateRealMotionIndex__9CWbMotion,0x00339CA8,0x00339CD4,44
___10CEneNoCtrl,0x00339CD4,0x00339D34,96
LocalInitStatus__10CEneNoCtrl,0x00339D34,0x00339DA4,112
__tf9CPhMotion,0x00339DA4,0x00339DF4,80
SetMotionIndex__9CPhMotion,0x00339DF4,0x00339E04,16
CreateRealMotionIndex__9CPhMotion,0x00339E04,0x00339E30,44
__tf11CBehoMotion,0x00339E30,0x00339E80,80
LocalClearParam__11CBehoMotion,0x00339E80,0x00339E88,8
SetMotionIndex__11CBehoMotion,0x00339E88,0x00339E98,16
CreateRealMotionIndex__11CBehoMotion,0x00339E98,0x00339EC4,44
LocalSetMotion__11CBehoMotioniP8CFvector,0x00339EC4,0x00339ECC,8
__tf17CPoisonBehoMotion,0x00339ECC,0x00339F1C,80
SetMotionIndex__17CPoisonBehoMotion,0x00339F1C,0x00339F2C,16
CreateRealMotionIndex__17CPoisonBehoMotion,0x00339F2C,0x00339F58,44
__tf10CGa1Motion,0x00339F58,0x00339FA8,80
LocalClearParam__10CGa1Motion,0x00339FA8,0x00339FB0,8
SetMotionIndex__10CGa1Motion,0x00339FB0,0x00339FC0,16
CreateRealMotionIndex__10CGa1Motion,0x00339FC0,0x00339FEC,44
LocalSetMotion__10CGa1MotioniP8CFvector,0x00339FEC,0x00339FF4,8
__tf10CGa2Motion,0x00339FF4,0x0033A044,80
LocalClearParam__10CGa2Motion,0x0033A044,0x0033A04C,8
SetMotionIndex__10CGa2Motion,0x0033A04C,0x0033A05C,16
CreateRealMotionIndex__10CGa2Motion,0x0033A05C,0x0033A088,44
LocalSetMotion__10CGa2MotioniP8CFvector,0x0033A088,0x0033A090,8
__tf9CSkMotion,0x0033A090,0x0033A0E0,80
InitAttachBuff__9CSkMotion,0x0033A0E0,0x0033A104,36
LocalInit__9CSkMotion,0x0033A104,0x0033A21C,280
SetMotionIndex__9CSkMotion,0x0033A21C,0x0033A22C,16
CreateRealMotionIndex__9CSkMotion,0x0033A22C,0x0033A258,44
__tf10CF15Motion,0x0033A258,0x0033A2A8,80
SetMotionIndex__10CF15Motion,0x0033A2A8,0x0033A2B8,16
CreateRealMotionIndex__10CF15Motion,0x0033A2B8,0x0033A2E4,44
__tf10CBatMotion,0x0033A2E4,0x0033A334,80
SetMotionIndex__10CBatMotion,0x0033A334,0x0033A344,16
CreateRealMotionIndex__10CBatMotion,0x0033A344,0x0033A370,44
__tf9CGhMotion,0x0033A370,0x0033A3C0,80
SetMotionIndex__9CGhMotion,0x0033A3C0,0x0033A3D0,16
CreateRealMotionIndex__9CGhMotion,0x0033A3D0,0x0033A3FC,44
__tf14CEDragonMotion,0x0033A3FC,0x0033A44C,80
LocalClearParam__14CEDragonMotion,0x0033A44C,0x0033A454,8
SetMotionIndex__14CEDragonMotion,0x0033A454,0x0033A464,16
CreateRealMotionIndex__14CEDragonMotion,0x0033A464,0x0033A490,44
LocalSetMotion__14CEDragonMotioniP8CFvector,0x0033A490,0x0033A498,8
__tf9CGfMotion,0x0033A498,0x0033A4E8,80
LocalClearParam__9CGfMotion,0x0033A4E8,0x0033A4F0,8
SetMotionIndex__9CGfMotion,0x0033A4F0,0x0033A500,16
CreateRealMotionIndex__9CGfMotion,0x0033A500,0x0033A52C,44
LocalSetMotion__9CGfMotioniP8CFvector,0x0033A52C,0x0033A534,8
__tf9CAdMotion,0x0033A534,0x0033A584,80
SetMotionIndex__9CAdMotion,0x0033A584,0x0033A594,16
CreateRealMotionIndex__9CAdMotion,0x0033A594,0x0033A5C0,44
__tf9CBtMotion,0x0033A5C0,0x0033A610,80
SetMotionIndex__9CBtMotion,0x0033A610,0x0033A620,16
CreateRealMotionIndex__9CBtMotion,0x0033A620,0x0033A64C,44
__tf9CBdMotion,0x0033A64C,0x0033A69C,80
SetMotionIndex__9CBdMotion,0x0033A69C,0x0033A6AC,16
CreateRealMotionIndex__9CBdMotion,0x0033A6AC,0x0033A6D8,44
__tf9CCnMotion,0x0033A6D8,0x0033A728,80
SetMotionIndex__9CCnMotion,0x0033A728,0x0033A738,16
CreateRealMotionIndex__9CCnMotion,0x0033A738,0x0033A764,44
__tf9CPpMotion,0x0033A764,0x0033A7B4,80
SetMotionIndex__9CPpMotion,0x0033A7B4,0x0033A7C4,16
CreateRealMotionIndex__9CPpMotion,0x0033A7C4,0x0033A7F0,44
__tf10CAbwMotion,0x0033A7F0,0x0033A840,80
SetMotionIndex__10CAbwMotion,0x0033A840,0x0033A850,16
CreateRealMotionIndex__10CAbwMotion,0x0033A850,0x0033A87C,44
__tf9CCyMotion,0x0033A87C,0x0033A8CC,80
InitAttachBuff__9CCyMotion,0x0033A8CC,0x0033A8F0,36
LocalInit__9CCyMotion,0x0033A8F0,0x0033A9FC,268
SetMotionIndex__9CCyMotion,0x0033A9FC,0x0033AA0C,16
CreateRealMotionIndex__9CCyMotion,0x0033AA0C,0x0033AA38,44
__tf9CTwMotion,0x0033AA38,0x0033AA88,80
SetMotionIndex__9CTwMotion,0x0033AA88,0x0033AA98,16
CreateRealMotionIndex__9CTwMotion,0x0033AA98,0x0033AAC4,44
__tf9CSpMotion,0x0033AAC4,0x0033AB14,80
SetMotionIndex__9CSpMotion,0x0033AB14,0x0033AB24,16
CreateRealMotionIndex__9CSpMotion,0x0033AB24,0x0033AB50,44
__tf9CKmMotion,0x0033AB50,0x0033ABA0,80
SetMotionIndex__9CKmMotion,0x0033ABA0,0x0033ABB0,16
CreateRealMotionIndex__9CKmMotion,0x0033ABB0,0x0033ABDC,44
__tf9CCaMotion,0x0033ABDC,0x0033AC2C,80
SetMotionIndex__9CCaMotion,0x0033AC2C,0x0033AC3C,16
CreateRealMotionIndex__9CCaMotion,0x0033AC3C,0x0033AC68,44
EnemyLocalInit__9CCaMotion,0x0033AC68,0x0033AC90,40
__tf9CBmMotion,0x0033AC90,0x0033ACE0,80
InitAttachBuff__9CBmMotion,0x0033ACE0,0x0033AD04,36
LocalInit__9CBmMotion,0x0033AD04,0x0033AE00,252
SetMotionIndex__9CBmMotion,0x0033AE00,0x0033AE10,16
CreateRealMotionIndex__9CBmMotion,0x0033AE10,0x0033AE3C,44
RemoveAll__t5CList2Z12SKvmInstancei_38_,0x0033AE3C,0x0033AE58,28
CreateNew__t5CList2Z12SKvmInstancei_38_,0x0033AE58,0x0033AEB8,96
GetNext__t5CList2Z12SKvmInstancei_38_RPv,0x0033AEB8,0x0033AEC8,16
Init__t5CList2Z12SKvmInstancei_38_,0x0033AEC8,0x0033AF30,104
___11CEneKvmCtrl,0x0033AF30,0x0033AF90,96
__tf11CEneKvmCtrl,0x0033AF90,0x0033AFE0,80
__11CEneKvmCtrl,0x0033AFE0,0x0033B3D0,1008
FUN_0033b3d0,0x0033B3D0,0x0033B3EC,28
NotDraw__11CEneKvmCtrl,0x0033B3EC,0x0033B41C,48
SetDamage__11CEneKvmCtrl,0x0033B41C,0x0033B424,8
CheckDamageHit__11CEneKvmCtrlP11CWeaponCtrlRC8CFvectorT2,0x0033B424,0x0033B42C,8
___10CEneAbCtrl,0x0033B42C,0x0033B48C,96
__tf10CEneAbCtrl,0x0033B48C,0x0033B4DC,80
___14CEneWingAbCtrl,0x0033B4DC,0x0033B53C,96
__tf14CEneWingAbCtrl,0x0033B53C,0x0033B58C,80
___11CEneAb2Ctrl,0x0033B58C,0x0033B5EC,96
__tf11CEneAb2Ctrl,0x0033B5EC,0x0033B63C,80
___10CEneSsCtrl,0x0033B63C,0x0033B69C,96
__tf10CEneSsCtrl,0x0033B69C,0x0033B6EC,80
___10CEneSbCtrl,0x0033B6EC,0x0033B74C,96
__tf10CEneSbCtrl,0x0033B74C,0x0033B79C,80
__t5CList2Z12SKvmInstancei_38_,0x0033B79C,0x0033B7D8,60
___t9CRingBuff2Zii6,0x0033B7D8,0x0033B80C,52
__tft9CRingBuff2Zii6,0x0033B80C,0x0033B858,76
__tft13CRingBuffBase1Zi,0x0033B858,0x0033B894,60
___10CEneSpCtrl,0x0033B894,0x0033B8F4,96
__tf10CEneSpCtrl,0x0033B8F4,0x0033B944,80
___10CEneKmCtrl,0x0033B944,0x0033B9A4,96
__tf10CEneKmCtrl,0x0033B9A4,0x0033B9F4,80
___10CEneSrCtrl,0x0033B9F4,0x0033BA54,96
__tf10CEneSrCtrl,0x0033BA54,0x0033BAA4,80
NotDraw__10CEneSrCtrl,0x0033BAA4,0x0033BAD4,48
__tf13CTargetCamera,0x0033BAD4,0x0033BB10,60
__13CTargetCamera,0x0033BB10,0x0033BE1C,780
___13CTargetCamera,0x0033BE1C,0x0033BE50,52
Init__13CTargetCamera,0x0033BE50,0x0033BE58,8
SetActivate__13CTargetCamerab,0x0033BE58,0x0033BE60,8
IsActive__C13CTargetCamera,0x0033BE60,0x0033BE68,8
SetRoll__13CTargetCameraf,0x0033BE68,0x0033BE78,16
SetChaseRate__13CTargetCameraf,0x0033BE78,0x0033BE88,16
GetCameraDirec__C13CTargetCamera,0x0033BE88,0x0033BEA0,24
GetSpeedVector__C13CTargetCamera,0x0033BEA0,0x0033BEB8,24
SetPositionDirect__13CTargetCameraRC8CFvector,0x0033BEB8,0x0033BEDC,36
LocalExecute__13CTargetCamerai,0x0033BEDC,0x0033BEE4,8
LocalPostExecute__13CTargetCamerai,0x0033BEE4,0x0033BEEC,8
GetMatrix__C13CTargetCamera,0x0033BEEC,0x0033BF34,72
GetMatrix__13CTargetCamera,0x0033BF34,0x0033BF3C,8
SetTarget__13CTargetCameraRC8CFvector,0x0033BF3C,0x0033BF50,20
SetCameraDistance__13CTargetCameraf,0x0033BF50,0x0033BFB8,104
Execute__11CTkSpEffecti,0x0033BFB8,0x0033C020,104
SetPosition__11CTkSpEffectRC8CFvector,0x0033C020,0x0033C028,8
SetPosition__11CTkSpEffectRC8CFvectorT1,0x0033C028,0x0033C030,8
SetColor__11CTkSpEffectRC8CIvector,0x0033C030,0x0033C038,8
SetSize__11CTkSpEffectf,0x0033C038,0x0033C040,8
SetLength__11CTkSpEffecti,0x0033C040,0x0033C048,8
SetNum__11CTkSpEffecti,0x0033C048,0x0033C050,8
SetAlphaMode__11CTkSpEffect20ETkSpEffectAlphaMode,0x0033C050,0x0033C058,8
SetType__11CTkSpEffecti,0x0033C058,0x0033C060,8
SetAlpha__11CTkSpEffecti,0x0033C060,0x0033C068,8
SetRate__11CTkSpEffectf,0x0033C068,0x0033C070,8
SetFrame__11CTkSpEffecti,0x0033C070,0x0033C078,8
SetSpeed__11CTkSpEffectf,0x0033C078,0x0033C080,8
SetDirection__11CTkSpEffectRC8CFvector,0x0033C080,0x0033C088,8
CreateInstance__11CTkSpEffect,0x0033C088,0x0033C090,8
LocalExecute__11CTkSpEffecti,0x0033C090,0x0033C098,8
CheckDelete__11CTkSpEffect,0x0033C098,0x0033C0A0,8
Draw__11CTkSpEffect,0x0033C0A0,0x0033C0A8,8
OnDestroy__11CTkSpEffect,0x0033C0A8,0x0033C0B0,8
___14CSpEffectFlash,0x0033C0B0,0x0033C0E4,52
__tf14CSpEffectFlash,0x0033C0E4,0x0033C130,76
SetColor__14CSpEffectFlashRC8CIvector,0x0033C130,0x0033C144,20
SetType__14CSpEffectFlashi,0x0033C144,0x0033C14C,8
SetRate__14CSpEffectFlashf,0x0033C14C,0x0033C154,8
___14CSpEffectGlare,0x0033C154,0x0033C188,52
__tf14CSpEffectGlare,0x0033C188,0x0033C1D4,76
SetFrame__14CSpEffectGlarei,0x0033C1D4,0x0033C1DC,8
SetColor__14CSpEffectGlareRC8CIvector,0x0033C1DC,0x0033C1F0,20
SetRate__14CSpEffectGlaref,0x0033C1F0,0x0033C1F8,8
SetAlpha__14CSpEffectGlarei,0x0033C1F8,0x0033C208,16
___13CSpEffectBlur,0x0033C208,0x0033C23C,52
__tf13CSpEffectBlur,0x0033C23C,0x0033C288,76
SetFrame__13CSpEffectBluri,0x0033C288,0x0033C290,8
SetAlpha__13CSpEffectBluri,0x0033C290,0x0033C298,8
SetRate__13CSpEffectBlurf,0x0033C298,0x0033C2A8,16
___13CSpEffectZoom,0x0033C2A8,0x0033C2DC,52
__tf13CSpEffectZoom,0x0033C2DC,0x0033C32C,80
SetNum__13CSpEffectZoomi,0x0033C32C,0x0033C334,8
SetSize__13CSpEffectZoomf,0x0033C334,0x0033C344,16
__tf19CSpEffectBroadTrace,0x0033C344,0x0033C390,76
___19CSpEffectBroadTrace,0x0033C390,0x0033C3C4,52
__tf18CSpEffectLineTrace,0x0033C3C4,0x0033C410,76
___18CSpEffectLineTrace,0x0033C410,0x0033C454,68
SetSize__18CSpEffectLineTracef,0x0033C454,0x0033C45C,8
SetColor__18CSpEffectLineTraceRC8CIvector,0x0033C45C,0x0033C470,20
SetLength__18CSpEffectLineTracei,0x0033C470,0x0033C488,24
___18CSpEffectPolyTrace,0x0033C488,0x0033C4CC,68
__tf18CSpEffectPolyTrace,0x0033C4CC,0x0033C51C,80
___17CSpEffectTexTrace,0x0033C51C,0x0033C560,68
__tf17CSpEffectTexTrace,0x0033C560,0x0033C5B0,80
SetType__17CSpEffectTexTracei,0x0033C5B0,0x0033C5B8,8
___21CSpEffectTexTraceRand,0x0033C5B8,0x0033C5FC,68
__tf21CSpEffectTexTraceRand,0x0033C5FC,0x0033C64C,80
SetWaveParam__21CSpEffectTexTraceRandff,0x0033C64C,0x0033C670,36
___17CSpEffectParticle,0x0033C670,0x0033C6A4,52
__tf17CSpEffectParticle,0x0033C6A4,0x0033C6F0,76
SetNum__17CSpEffectParticlei,0x0033C6F0,0x0033C704,20
SetColor__17CSpEffectParticleRC8CIvector,0x0033C704,0x0033C718,20
SetPosition__17CSpEffectParticleRC8CFvector,0x0033C718,0x0033C72C,20
SetSpeed__17CSpEffectParticlef,0x0033C72C,0x0033C734,8
SetDirection__17CSpEffectParticleRC8CFvector,0x0033C734,0x0033C748,20
SetRate__17CSpEffectParticlef,0x0033C748,0x0033C750,8
SetSize__17CSpEffectParticlef,0x0033C750,0x0033C76C,28
SetFrame__17CSpEffectParticlei,0x0033C76C,0x0033C774,8
__tf11CTkSpEffect,0x0033C774,0x0033C7B0,60
___11CTkSpEffect,0x0033C7B0,0x0033C7E4,52
LocalInit__11CTkSpEffect,0x0033C7E4,0x0033C7EC,8
___t9CRingBuff2Z8CFvectori_82_,0x0033C7EC,0x0033C820,52
__tft9CRingBuff2Z8CFvectori_82_,0x0033C820,0x0033C86C,76
__tft13CRingBuffBase1Z8CFvector,0x0033C86C,0x0033C8A8,60
Init__t5CList2Zii_43_,0x0033C8A8,0x0033C918,112
AddTail__t5CList2Zii_43_RCi,0x0033C918,0x0033C980,104
Init__t5CList2ZP11CTkSpEffecti_43_,0x0033C980,0x0033C9F0,112
GetNext__t5CList2ZP11CTkSpEffecti_43_RPv,0x0033C9F0,0x0033CA00,16
GetAt__t5CList2Zii_43_Pv,0x0033CA00,0x0033CA08,8
RemoveAt__t5CList2Zii_43_Pv,0x0033CA08,0x0033CA80,120
AddTail__t5CList2ZP11CTkSpEffecti_43_RCP11CTkSpEffect,0x0033CA80,0x0033CAE8,104
GetAt__t5CList2ZP11CTkSpEffecti_43_Pv,0x0033CAE8,0x0033CAF0,8
Find__Ct5CList2Zii_43_iPv,0x0033CAF0,0x0033CB38,72
RemoveAt__t5CList2ZP11CTkSpEffecti_43_Pv,0x0033CB38,0x0033CBB0,120
Find__Ct5CList2ZP11CTkSpEffecti_43_P11CTkSpEffectPv,0x0033CBB0,0x0033CBF8,72
DeleteNode__t5CList2Zii_43_PQ2t5CList2Zii_43_5SNode,0x0033CBF8,0x0033CC24,44
DeleteNode__t5CList2ZP11CTkSpEffecti_43_PQ2t5CList2ZP11CTkSpEffecti_43_5SNode,0x0033CC24,0x0033CC50,44
__t5CList2ZP11CTkSpEffecti_43_,0x0033CC50,0x0033CC64,20
__t5CList2Zii_43_,0x0033CC64,0x0033CC78,20
___10CEneTwCtrl,0x0033CC78,0x0033CCD8,96
__tf10CEneTwCtrl,0x0033CCD8,0x0033CD28,80
DrawWithAlpha__10CEneTwCtrliiRC8CFmatrixT3,0x0033CD28,0x0033CD5C,52
___10CEneWbCtrl,0x0033CD5C,0x0033CDBC,96
__tf10CEneWbCtrl,0x0033CDBC,0x0033CE0C,80
RemoveAll__t5CList2Z11CLockOnCtrli8,0x0033CE0C,0x0033CE28,28
RemoveAll__t5CList2Z11CWeaponCtrli_36_,0x0033CE28,0x0033CE44,28
RemoveAt__t5CList2Z11CWeaponCtrli_36_Pv,0x0033CE44,0x0033CEBC,120
CreateNew__t5CList2Z11CWeaponCtrli_36_,0x0033CEBC,0x0033CF1C,96
Init__t5CList2Z11CWeaponCtrli_36_,0x0033CF1C,0x0033CF84,104
DeleteNode__t5CList2Z11CWeaponCtrli_36_PQ2t5CList2Z11CWeaponCtrli_36_5SNode,0x0033CF84,0x0033CFB0,44
__t5CList2Z11CWeaponCtrli_36_,0x0033CFB0,0x0033D0CC,284
FUN_0033d0cc,0x0033D0CC,0x0033D140,116
___t9CRingBuff2Z8CFvectori_20_,0x0033D140,0x0033D174,52
__tft9CRingBuff2Z8CFvectori_20_,0x0033D174,0x0033D1C0,76
__tf11CEfAnimInfo,0x0033D1C0,0x0033D20C,76
Reset__11CEfAnimInfo,0x0033D20C,0x0033D238,44
set_fsec__11CEfAnimInfof,0x0033D238,0x0033D240,8
set_move__11CEfAnimInfoi,0x0033D240,0x0033D248,8
__tf12MCFileSelect,0x0033D248,0x0033D294,76
IsSelectedFile__12MCFileSelect,0x0033D294,0x0033D29C,8
__tf11task_sample,0x0033D29C,0x0033D2E8,76
CreateMethodFunctor__H1ZPMQ24abest15BitSetImplement2ZUlUi1FPQ24abest15BitSetImplement2ZUlUi1b_RQ24abest15BitSetImplement2ZUlUi1__4abesX01_Q24abest13MethodFunctor1ZX01,0x0033D2E8,0x0033D320,56
ForEach__H2ZQ24abest13MethodFunctor1ZPMQ24abest15BitSetImplement2ZUlUi1FPQ24abest15BitSetImplement2ZUlUi1b_RQ24abest15BitSetImplement2ZUlUi1Zb_Q24abest15BitSetImplement2ZUlUi4X00X10_X00,0x0033D320,0x0033D3FC,220
IsAll__CQ24abest15BitSetImplement2ZUlUi4b,0x0033D3FC,0x0033D438,60
FindRange__CQ24abest15BitSetImplement2ZUlUi4bUiUi,0x0033D438,0x0033D50C,212
min__H1ZUi_X01X01_X01,0x0033D50C,0x0033D51C,16
FindRange__CQ24abest15BitSetImplement2ZUlUi1bUiUi,0x0033D51C,0x0033D594,120
Fill__Q24abest15BitSetImplement2ZUlUi1b,0x0033D594,0x0033D5A4,16
max__H1Zi_X01X01_X01,0x0033D5A4,0x0033D5B4,16
ForEach__H1ZQ34abes38_GLOBAL__N_OnCreate__Q24abes9SceneNode18CallFactoryDestroy_Q24abes9SceneNodeX01_X01,0x0033D5B4,0x0033D684,208
__tfQ24abes13ControlNoMove,0x0033D684,0x0033D6D0,76
GetMatrix__CQ24abes13ControlNoMoveR8CFmatrix,0x0033D6D0,0x0033D6FC,44
PushTo__Q24abes13ControlNoMoveRQ24abes11MatrixStackPv,0x0033D6FC,0x0033D734,56
PopFrom__Q24abes13ControlNoMoveRQ24abes11MatrixStack,0x0033D734,0x0033D74C,24
MulMatrixRight__CQ24abes13ControlNoMoveR8CFmatrix,0x0033D74C,0x0033D754,8
__tfQ24abes9SceneNode,0x0033D754,0x0033D7B0,92
__Q24abes9SceneNode,0x0033D7B0,0x0033D7C0,16
OnDestroy__Q24abes9SceneNode,0x0033D7C0,0x0033D7C8,8
OnMove__Q24abes9SceneNodeRQ24abes8SceneEnv,0x0033D7C8,0x0033D7D0,8
OnDraw__Q24abes9SceneNodeRQ24abes8SceneEnv,0x0033D7D0,0x0033D7D8,8
MyNameIs__Q24abes9SceneNode,0x0033D7D8,0x0033D808,48
GetParent__Q24abes9SceneNode,0x0033D808,0x0033D810,8
GetControlBase__Q24abes9SceneNode,0x0033D810,0x0033D838,40
GetLocalToWorldMatrix__Q24abes9SceneNodePQ24abes11MatrixStacki,0x0033D838,0x0033D850,24
GetRemoveRequest__Q24abes9SceneNode,0x0033D850,0x0033D85C,12
SetMovable__Q24abes9SceneNodeib,0x0033D85C,0x0033D88C,48
SetVisible__Q24abes9SceneNodeib,0x0033D88C,0x0033D8BC,48
IsMovable__Q24abes9SceneNodei,0x0033D8BC,0x0033D8D4,24
IsVisible__Q24abes9SceneNodei,0x0033D8D4,0x0033D8EC,24
IsChild__Q24abes9SceneNodePQ24abes9SceneNode,0x0033D8EC,0x0033D8FC,16
IsGroup__Q24abes9SceneNode,0x0033D8FC,0x0033D904,8
AddChild__Q24abes9SceneNodePQ24abes9SceneNode,0x0033D904,0x0033D974,112
OnCreate__Q24abes12SceneElement,0x0033D974,0x0033D9A4,48
GetControlBase__Q24abes12SceneElement,0x0033D9A4,0x0033D9AC,8
__tfQ24abes18SceneLivingElement,0x0033D9AC,0x0033DA00,84
IsLoopFrame__CQ24abes18SceneLivingElement,0x0033DA00,0x0033DA14,20
IsUndead__CQ24abes18SceneLivingElement,0x0033DA14,0x0033DA20,12
GetAge__CQ24abes18SceneLivingElement,0x0033DA20,0x0033DA28,8
GetLife__CQ24abes18SceneLivingElement,0x0033DA28,0x0033DA30,8
SetUndead__Q24abes18SceneLivingElementb,0x0033DA30,0x0033DA4C,28
SetAge__Q24abes18SceneLivingElementf,0x0033DA4C,0x0033DA54,8
SetLife__Q24abes18SceneLivingElementfb,0x0033DA54,0x0033DA74,32
__tfQ24abes10SceneLight,0x0033DA74,0x0033DAC8,84
GetColor__CQ24abes10SceneLight,0x0033DAC8,0x0033DAD0,8
SetColor__Q24abes10SceneLightRC8CFvector,0x0033DAD0,0x0033DAE4,20
GetLWM__CQ24abes10SceneLight,0x0033DAE4,0x0033DAEC,8
__tfQ24abes21SceneDirectionalLight,0x0033DAEC,0x0033DB40,84
__tfQ24abes15ScenePointLight,0x0033DB40,0x0033DB94,84
__tfQ24abes15SceneCameraBase,0x0033DB94,0x0033DBE8,84
SetCameraEnv__Q24abes15SceneCameraBaseRCQ24abes15SceneCameraBase,0x0033DBE8,0x0033DC34,76
__tfQ24abes20SceneManualOperation,0x0033DC34,0x0033DC88,84
OnCreate__Q24abes20SceneManualOperation,0x0033DC88,0x0033DD5C,212
SetTrans__Q24abes20SceneManualOperationb,0x0033DD5C,0x0033DD78,28
SetRotate__Q24abes20SceneManualOperationb,0x0033DD78,0x0033DD98,32
SetDump__Q24abes20SceneManualOperationb,0x0033DD98,0x0033DDB8,32
SetControllerID__Q24abes20SceneManualOperationi,0x0033DDB8,0x0033DDD8,32
__tfQ24abest4List1ZQ24abes9SceneNode,0x0033DDD8,0x0033DE14,60
__tfQ34abest4List1ZQ24abes9SceneNode4Node,0x0033DE14,0x0033DE50,60
__tfQ24abes11ControlBase,0x0033DE50,0x0033DE8C,60
__tfQ24abes15ControlByMatrix,0x0033DE8C,0x0033DEE8,92
GetMatrix__CQ24abes15ControlByMatrixR8CFmatrix,0x0033DEE8,0x0033DF14,44
PushTo__Q24abes15ControlByMatrixRQ24abes11MatrixStackPv,0x0033DF14,0x0033DF34,32
PopFrom__Q24abes15ControlByMatrixRQ24abes11MatrixStack,0x0033DF34,0x0033DF4C,24
MulMatrixRight__CQ24abes15ControlByMatrixR8CFmatrix,0x0033DF4C,0x0033DFC8,124
__tfQ24abes12SceneElement,0x0033DFC8,0x0033E01C,84
__tf8CFmatrix,0x0033E01C,0x0033E058,60
__tfQ24abes15SceneEffectBase,0x0033E058,0x0033E0AC,84
GetColor__Q24abes15SceneEffectBase,0x0033E0AC,0x0033E0B4,8
GetBlendType__Q24abes15SceneEffectBase,0x0033E0B4,0x0033E0BC,8
GetTex0__Q24abes15SceneEffectBase,0x0033E0BC,0x0033E0C4,8
GetTexID__Q24abes15SceneEffectBase,0x0033E0C4,0x0033E0CC,8
GetTexU0__Q24abes15SceneEffectBase,0x0033E0CC,0x0033E0D4,8
GetTexV0__Q24abes15SceneEffectBase,0x0033E0D4,0x0033E0DC,8
GetTexU1__Q24abes15SceneEffectBase,0x0033E0DC,0x0033E0E4,8
GetTexV1__Q24abes15SceneEffectBase,0x0033E0E4,0x0033E0EC,8
GetClamp__Q24abes15SceneEffectBase,0x0033E0EC,0x0033E0F4,8
SetColor__Q24abes15SceneEffectBaseGQ24abes5Color,0x0033E0F4,0x0033E104,16
SetBlendType__Q24abes15SceneEffectBaseQ24abes9BlendType,0x0033E104,0x0033E10C,8
SetTex__Q24abes15SceneEffectBaseRC8CTex0Reg,0x0033E10C,0x0033E120,20
SetTex__Q24abes15SceneEffectBaseiRC8CTex0Reg,0x0033E120,0x0033E130,16
SetTexU0__Q24abes15SceneEffectBaseUs,0x0033E130,0x0033E13C,12
SetTexV0__Q24abes15SceneEffectBaseUs,0x0033E13C,0x0033E148,12
SetTexU1__Q24abes15SceneEffectBaseUs,0x0033E148,0x0033E154,12
SetTexV1__Q24abes15SceneEffectBaseUs,0x0033E154,0x0033E160,12
SetClamp__Q24abes15SceneEffectBaseRC9CClampReg,0x0033E160,0x0033E16C,12
SetClamp__Q24abes15SceneEffectBaseQ24abes8WrapTypeT1,0x0033E16C,0x0033E188,28
SetTex0__Q24abes15SceneEffectBaseRC8CTex0Reg,0x0033E188,0x0033E19C,20
__tfQ24abes19ControlByQuaternion,0x0033E19C,0x0033E1E8,76
GetMatrix__CQ24abes19ControlByQuaternionR8CFmatrix,0x0033E1E8,0x0033E364,380
PushTo__Q24abes19ControlByQuaternionRQ24abes11MatrixStackPv,0x0033E364,0x0033E3C0,92
PopFrom__Q24abes19ControlByQuaternionRQ24abes11MatrixStack,0x0033E3C0,0x0033E3D8,24
MulMatrixRight__CQ24abes19ControlByQuaternionR8CFmatrix,0x0033E3D8,0x0033E48C,180
__tfQ24abes22SceneMotionByFuncCurve,0x0033E48C,0x0033E4E0,84
AttachFuncTable__Q24abes22SceneMotionByFuncCurveRQ34abes22SceneMotionByFuncCurve13FunctionTable,0x0033E4E0,0x0033E4E8,8
__tfQ24abes17SceneEffectMotion,0x0033E4E8,0x0033E53C,84
__tfQ24abes10SceneLocus,0x0033E53C,0x0033E590,84
GetCurrent__Q24abes10SceneLocus,0x0033E590,0x0033E598,8
GetLength__Q24abes10SceneLocus,0x0033E598,0x0033E5A0,8
GetDivide__Q24abes10SceneLocus,0x0033E5A0,0x0033E5A8,8
IsLoopFrame__Q24abes10SceneLocus,0x0033E5A8,0x0033E5BC,20
IsEnableLoopFrameDraw__Q24abes10SceneLocus,0x0033E5BC,0x0033E5D0,20
SetCurrent__Q24abes10SceneLocusi,0x0033E5D0,0x0033E5D8,8
SetLength__Q24abes10SceneLocusi,0x0033E5D8,0x0033E608,48
SetDivide__Q24abes10SceneLocusi,0x0033E608,0x0033E610,8
SetLoopFrame__Q24abes10SceneLocusb,0x0033E610,0x0033E630,32
SetEnableLoopFrameDraw__Q24abes10SceneLocusb,0x0033E630,0x0033E650,32
GetPoint__Q24abes10SceneLocusii,0x0033E650,0x0033E668,24
min__H1Zi_X01X01_X01,0x0033E668,0x0033E678,16
OnCreate__Q24abes13SceneLocusEnv,0x0033E678,0x0033E6D8,96
__tfQ24abes24SceneLocusEnvByFuncCurve,0x0033E6D8,0x0033E72C,84
AttachFuncTable__Q24abes24SceneLocusEnvByFuncCurveRQ34abes24SceneLocusEnvByFuncCurve13FunctionTable,0x0033E72C,0x0033E734,8
__tfQ24abes13SceneLocusEnv,0x0033E734,0x0033E788,84
__tfQ24abes13SceneParticle,0x0033E788,0x0033E7DC,84
GetSize__Q24abes13SceneParticle,0x0033E7DC,0x0033E7E4,8
GetRot__Q24abes13SceneParticle,0x0033E7E4,0x0033E7EC,8
GetNum__Q24abes13SceneParticle,0x0033E7EC,0x0033E7F4,8
IsFirstFrame__Q24abes13SceneParticle,0x0033E7F4,0x0033E800,12
IsLoopFrame__Q24abes13SceneParticle,0x0033E800,0x0033E814,20
IsEnableLoopFrameDraw__Q24abes13SceneParticle,0x0033E814,0x0033E820,12
SetSize__Q24abes13SceneParticlef,0x0033E820,0x0033E828,8
SetRot__Q24abes13SceneParticlef,0x0033E828,0x0033E830,8
SetNum__Q24abes13SceneParticleUi,0x0033E830,0x0033E838,8
SetLoopFrame__Q24abes13SceneParticleb,0x0033E838,0x0033E858,32
SetEnableLoopFrameDraw__Q24abes13SceneParticleb,0x0033E858,0x0033E874,28
__tfQ24abes17SceneLineParticle,0x0033E874,0x0033E8C8,84
__tfQ24abes19SceneSpriteParticle,0x0033E8C8,0x0033E91C,84
__tfQ24abes17ScenePolyParticle,0x0033E91C,0x0033E970,84
OnCreate__Q24abes16SceneParticleEnv,0x0033E970,0x0033E9D0,96
__tfQ24abes27SceneParticleEnvByFuncCurve,0x0033E9D0,0x0033EA24,84
AttachFuncTable__Q24abes27SceneParticleEnvByFuncCurveRQ34abes27SceneParticleEnvByFuncCurve13FunctionTable,0x0033EA24,0x0033EA2C,8
__tfQ24abes16SceneParticleEnv,0x0033EA2C,0x0033EA80,84
__tfQ24abes14ScenePrimPoint,0x0033EA80,0x0033EAD4,84
OnCreate__Q24abes14ScenePrimPoint,0x0033EAD4,0x0033EB34,96
OnMove__Q24abes14ScenePrimPointRQ24abes8SceneEnv,0x0033EB34,0x0033EB90,92
SetRotateSpeed__Q24abes14ScenePrimPointf,0x0033EB90,0x0033EB98,8
SetColor__Q24abes14ScenePrimPointGQ24abes5Color,0x0033EB98,0x0033EBA8,16
__tfQ24abes13ScenePrimAxis,0x0033EBA8,0x0033EBFC,84
OnMove__Q24abes13ScenePrimAxisRQ24abes8SceneEnv,0x0033EBFC,0x0033EC64,104
__tfQ24abes13ScenePrimGrid,0x0033EC64,0x0033ECB8,84
OnCreate__Q24abes13ScenePrimGrid,0x0033ECB8,0x0033ECE8,48
OnDestroy__Q24abes13ScenePrimGrid,0x0033ECE8,0x0033ECF0,8
Set__Q24abes13ScenePrimGridii,0x0033ECF0,0x0033ECFC,12
min__H1ZUs_X01X01_X01,0x0033ECFC,0x0033ED18,28
__tfQ24abes13SceneQuadPoly,0x0033ED18,0x0033ED6C,84
GetDivideX__Q24abes13SceneQuadPoly,0x0033ED6C,0x0033ED74,8
GetDivideY__Q24abes13SceneQuadPoly,0x0033ED74,0x0033ED7C,8
SetDivideX__Q24abes13SceneQuadPolyUs,0x0033ED7C,0x0033ED84,8
SetDivideY__Q24abes13SceneQuadPolyUs,0x0033ED84,0x0033ED8C,8
SetDivide__Q24abes13SceneQuadPolyUsUs,0x0033ED8C,0x0033ED98,12
__tfQ24abes18ScenePrimitiveBase,0x0033ED98,0x0033EDEC,84
OnCreate__Q24abes16SceneQuadPolyEnv,0x0033EDEC,0x0033EE4C,96
__tfQ24abes27SceneQuadPolyEnvByFuncCurve,0x0033EE4C,0x0033EEA0,84
AttachFuncTable__Q24abes27SceneQuadPolyEnvByFuncCurveRQ34abes27SceneQuadPolyEnvByFuncCurve13FunctionTable,0x0033EEA0,0x0033EEA8,8
__tfQ24abes16SceneQuadPolyEnv,0x0033EEA8,0x0033EEFC,84
__tf26McSceneLocusEnvByFuncCurve,0x0033EEFC,0x0033EF50,84
AttachFuncTable__26McSceneLocusEnvByFuncCurveRQ226McSceneLocusEnvByFuncCurve13FunctionTable,0x0033EF50,0x0033EF58,8
__tf27McSceneLocusWEnvByFuncCurve,0x0033EF58,0x0033EFAC,84
AttachFuncTable__27McSceneLocusWEnvByFuncCurveRQ227McSceneLocusWEnvByFuncCurve13FunctionTable,0x0033EFAC,0x0033EFB4,8
__tf15SceneLocusWorld,0x0033EFB4,0x0033F008,84
GetCurrent__15SceneLocusWorld,0x0033F008,0x0033F010,8
GetLength__15SceneLocusWorld,0x0033F010,0x0033F018,8
GetDivide__15SceneLocusWorld,0x0033F018,0x0033F020,8
IsLoopFrame__15SceneLocusWorld,0x0033F020,0x0033F034,20
IsEnableLoopFrameDraw__15SceneLocusWorld,0x0033F034,0x0033F048,20
SetCurrent__15SceneLocusWorldi,0x0033F048,0x0033F050,8
SetLength__15SceneLocusWorldi,0x0033F050,0x0033F080,48
SetDivide__15SceneLocusWorldi,0x0033F080,0x0033F088,8
SetLoopFrame__15SceneLocusWorldb,0x0033F088,0x0033F0A8,32
SetEnableLoopFrameDraw__15SceneLocusWorldb,0x0033F0A8,0x0033F0C8,32
GetPoint__15SceneLocusWorldii,0x0033F0C8,0x0033F0E0,24
__tf22SceneOmmEnvByFuncCurve,0x0033F0E0,0x0033F134,84
AttachFuncTable__22SceneOmmEnvByFuncCurveRQ222SceneOmmEnvByFuncCurve13FunctionTable,0x0033F134,0x0033F13C,8
__tf8SceneOmm,0x0033F13C,0x0033F190,84
SetOmmImage__8SceneOmmPvi,0x0033F190,0x0033F19C,12
update__8SceneOmmf,0x0033F19C,0x0033F1AC,16
__tf11McSceneRing,0x0033F1AC,0x0033F200,84
GetCurrent__11McSceneRing,0x0033F200,0x0033F208,8
GetLength__11McSceneRing,0x0033F208,0x0033F210,8
GetDivide__11McSceneRing,0x0033F210,0x0033F218,8
SetLength__11McSceneRingi,0x0033F218,0x0033F248,48
SetDivide__11McSceneRingi,0x0033F248,0x0033F250,8
SetPos__11McSceneRingRC8CFvectorT1,0x0033F250,0x0033F270,32
__tf25McSceneRingEnvByFuncCurve,0x0033F270,0x0033F2C4,84
AttachFuncTable__25McSceneRingEnvByFuncCurveRQ225McSceneRingEnvByFuncCurve13FunctionTable,0x0033F2C4,0x0033F2CC,8
__tf15McSceneLocusEnv,0x0033F2CC,0x0033F320,84
__tf11SceneOmmEnv,0x0033F320,0x0033F374,84
Grid2D__H1Zi_4abesX01i_i,0x0033F374,0x0033F388,20
Create__H1ZQ24abes11SceneCamera_Q24abest13SceneUniverse2Ui_16_Z16mc_EffMemControl_PX00,0x0033F388,0x0033F408,128
MoveAll__Q24abest13SceneUniverse2Ui_16_Z16mc_EffMemControlfi,0x0033F408,0x0033F454,76
DrawAll__Q24abest13SceneUniverse2Ui_16_Z16mc_EffMemControlPQ24abes15SceneCameraBasei,0x0033F454,0x0033F4EC,152
DrawAll__Q24abest13SceneUniverse2Ui_16_Z16mc_EffMemControlPQ24abes15SceneCameraBaseRC8CFmatrixT2ii,0x0033F4EC,0x0033F7A0,692
ForEach__H1ZPFPQ24abes9SceneNodeRQ24abes8SceneEnv_v_Q24abes9SceneNodeX01RQ24abes8SceneEnv_X01,0x0033F7A0,0x0033F860,192
MoveAll__Q24abest13SceneUniverse2Ui_16_Z16mc_EffMemControlii,0x0033F860,0x0033F918,184
__tfQ24abes11SceneCamera,0x0033F918,0x0033F96C,84
GetViewScreenMatrix__Q24abes11SceneCameraR8CFmatrix,0x0033F96C,0x0033F998,44
GetViewClip__Q24abes11SceneCameraRQ24abes8ViewClip,0x0033F998,0x0033F9A0,8
OnCreate__Q24abes11SceneCamera,0x0033F9A0,0x0033FA00,96
ClearAll__Q24abes17SceneUniverseBase,0x0033FA00,0x0033FA1C,28
DrawCallBack__Q24abes17SceneUniverseBasePQ24abes9SceneNodeRQ24abes8SceneEnv,0x0033FA1C,0x0033FA9C,128
__tfQ24abest18FuncArrayWithScale2ZfZQ24abest5Fixed2i4Zs,0x0033FA9C,0x0033FAEC,80
__tfQ24abest17FuncInterpolation2ZfZf,0x0033FAEC,0x0033FB40,84
__tfQ24abest14FuncFixedValue2ZfZf,0x0033FB40,0x0033FB94,84
__tfQ24abest9FuncArray2ZUcZUc,0x0033FB94,0x0033FBE8,84
__tfQ24abest17FuncInterpolation2ZUcZUc,0x0033FBE8,0x0033FC3C,84
__tfQ24abest14FuncFixedValue2ZUcZUc,0x0033FC3C,0x0033FC90,84
__tfQ24abest9FuncArray2ZUsZUs,0x0033FC90,0x0033FCE4,84
__tfQ24abest17FuncInterpolation2ZUsZUs,0x0033FCE4,0x0033FD38,84
__tfQ24abest14FuncFixedValue2ZUsZUs,0x0033FD38,0x0033FD8C,84
__tfQ24abest13SceneUniverse2Ui_16_Z16mc_EffMemControl,0x0033FD8C,0x0033FDE0,84
__tf7mc_effs,0x0033FDE0,0x0033FE2C,76
set_base_color__7mc_effscccc,0x0033FE2C,0x0033FE64,56
__nw__7mc_effsUiPv,0x0033FE64,0x0033FE6C,8
OnCreate__Q24abest13SceneUniverse2Ui_16_Z16mc_EffMemControl,0x0033FE6C,0x0033FEB4,72
set_uchar_curve__7mc_effsR8eff_parmRQ24abest18FunctionCurveUnion1ZUcc,0x0033FEB4,0x0033FF98,228
set_ushort_curve__7mc_effsR8eff_parmRQ24abest18FunctionCurveUnion1ZUs,0x0033FF98,0x00340078,224
set_scalar_curve__7mc_effsR8eff_parmRQ24abest18FunctionCurveUnion1Zf,0x00340078,0x0034015C,228
__tf12mc_effs_base,0x0034015C,0x00340198,60
__tfQ24abes17SceneUniverseBase,0x00340198,0x003401EC,84
MoveCallBack__Q24abes17SceneUniverseBasePQ24abes9SceneNodeRQ24abes8SceneEnv,0x003401EC,0x0034023C,80
__tfQ24abest13FunctionCurve1Zf,0x0034023C,0x00340278,60
__tfQ24abest9FuncArray2ZfZQ24abest5Fixed2i4Zs,0x00340278,0x003402CC,84
__tfQ24abest13FunctionCurve1ZUc,0x003402CC,0x00340308,60
__tfQ24abest13FunctionCurve1ZUs,0x00340308,0x00340344,60
Destroy__Q24abest13SceneUniverse2Ui_16_Z16mc_EffMemControlPQ24abes9SceneNode,0x00340344,0x0034034C,8
Get__Q24abest14FuncFixedValue2ZUsZUsRUsf,0x0034034C,0x00340358,12
Get__Q24abest17FuncInterpolation2ZUsZUsRUsf,0x00340358,0x003403F4,156
Get__Q24abest9FuncArray2ZUsZUsRUsf,0x003403F4,0x00340444,80
Get__Q24abest14FuncFixedValue2ZUcZUcRUcf,0x00340444,0x00340450,12
Get__Q24abest17FuncInterpolation2ZUcZUcRUcf,0x00340450,0x003404EC,156
Get__Q24abest9FuncArray2ZUcZUcRUcf,0x003404EC,0x0034053C,80
Get__Q24abest14FuncFixedValue2ZfZfRff,0x0034053C,0x00340548,12
Get__Q24abest17FuncInterpolation2ZfZfRff,0x00340548,0x003405A8,96
Get__Q24abest18FuncArrayWithScale2ZfZQ24abest5Fixed2i4ZsRff,0x003405A8,0x00340618,112
__tf12mc_effs_null,0x00340618,0x00340664,76
size__12mc_effs_null,0x00340664,0x0034066C,8
time__12mc_effs_null,0x0034066C,0x00340674,8
is_active__12mc_effs_null,0x00340674,0x0034067C,8
view_mode_active__12mc_effs_nulli,0x0034067C,0x00340684,8
IsUpdate__12mc_effs_nulli,0x00340684,0x0034068C,8
IsEternal__12mc_effs_nulli,0x0034068C,0x00340694,8
IsEffectEternal__12mc_effs_nulli,0x00340694,0x0034069C,8
setup__12mc_effs_null,0x0034069C,0x003406A4,8
set_base_color__12mc_effs_nullcccc,0x003406A4,0x003406AC,8
set_camera__12mc_effs_nullP8CFmatrixT1,0x003406AC,0x003406B4,8
set_position__12mc_effs_nullifff,0x003406B4,0x003406BC,8
set_position__12mc_effs_nulliR8CFmatrix,0x003406BC,0x003406C4,8
set_frameVelocity__12mc_effs_nullf,0x003406C4,0x003406CC,8
set_image__12mc_effs_nullPUci,0x003406CC,0x003406D4,8
add_image__12mc_effs_nullPUci,0x003406D4,0x003406DC,8
update__12mc_effs_null,0x003406DC,0x003406E4,8
setback__12mc_effs_null,0x003406E4,0x003406EC,8
active__12mc_effs_null,0x003406EC,0x003406F4,8
inactive__12mc_effs_null,0x003406F4,0x003406FC,8
draw__12mc_effs_null,0x003406FC,0x00340704,8
init__12mc_effs_nulli,0x00340704,0x0034070C,8
forward__12mc_effs_null,0x0034070C,0x00340714,8
forward__12mc_effs_nullf,0x00340714,0x0034071C,8
effect__12mc_effs_nullifff,0x0034071C,0x00340724,8
effect__12mc_effs_nulliR8CFmatrix,0x00340724,0x0034072C,8
set_parm__12mc_effs_nulli,0x0034072C,0x00340734,8
set_parm__12mc_effs_nulliR8CFmatrix,0x00340734,0x0034073C,8
set_parm__12mc_effs_nullifff,0x0034073C,0x00340744,8
effect__12mc_effs_nulliP5CFmatP5CFvec,0x00340744,0x0034074C,8
set_parm__12mc_effs_nulliP5CFmatP5CFvec,0x0034074C,0x00340754,8
release__12mc_effs_nulli,0x00340754,0x0034075C,8
release_all__12mc_effs_null,0x0034075C,0x00340764,8
get_control_type__12mc_effs_null,0x00340764,0x0034076C,8
get_camera__12mc_effs_null,0x0034076C,0x00340774,8
get_vsm__12mc_effs_null,0x00340774,0x0034077C,8
AllocPages__t8CVramMan2s_111_i_256_iP10SCacheData,0x0034077C,0x00340A6C,752
AllocPages__t8CVramMan2s_60_i_256_iP10SCacheData,0x00340A6C,0x00340D5C,752
AllocPages__t8CVramMan2s8i_256_iP10SCacheData,0x00340D5C,0x0034104C,752
AllocPages__t8CVramMan2s4i_256_iP10SCacheData,0x0034104C,0x0034133C,752
__tf9CKzStrWin,0x0034133C,0x00341378,60
GetDX__9CKzStrWin,0x00341378,0x00341388,16
GetDY__9CKzStrWin,0x00341388,0x00341398,16
GetDAlpha__9CKzStrWin,0x00341398,0x003413BC,36
GetTpRate__9CKzStrWin,0x003413BC,0x003413F0,52
IsReady__9CKzStrWin,0x003413F0,0x0034140C,28
IsVisible__9CKzStrWin,0x0034140C,0x0034142C,32
SetActive__9CKzStrWinb,0x0034142C,0x0034144C,32
GetStringParam__9CKzStrWin,0x0034144C,0x00341454,8
SetWX__9CKzStrWini,0x00341454,0x0034145C,8
SetWY__9CKzStrWini,0x0034145C,0x00341464,8
__tf18CKzStrWin_EventLow,0x00341464,0x003414B0,76
__tf19CKzStrWin_EventSkip,0x003414B0,0x003414FC,76
__tf18CKzStrWin_GameArms,0x003414FC,0x00341548,76
__tf19CKzStrWin_GameChara,0x00341548,0x00341594,76
__tf19CKzStrWin_GameSerif,0x00341594,0x003415E0,76
__tf9CKzVrInfo,0x003415E0,0x0034161C,60
__as__t6TFader1ZiRCi,0x0034161C,0x00341644,40
target__t6TFader1ZiRCiT1,0x00341644,0x00341698,84
update__t6TFader1Zii,0x00341698,0x00341704,108
setNow__t6TFader1ZiRCi,0x00341704,0x00341718,20
__tf8CFadeMan,0x00341718,0x00341764,76
__8CFadeMan,0x00341764,0x003417C4,96
IsFinish__C8CFadeMan,0x003417C4,0x003417E4,32
GetNowFadeKind__C8CFadeMan,0x003417E4,0x003417EC,8
GetNowFadeDepth__8CFadeMan,0x003417EC,0x00341804,24
time__Ct6TFader1Zi,0x00341804,0x0034180C,8
__tft6TFader1Zi,0x0034180C,0x00341848,60
__tf14CHlzDecodeSpad,0x00341848,0x00341894,76
__tf10CHlzDecode,0x00341894,0x003418D0,60
__tf7OptBool,0x003418D0,0x0034191C,76
__opRb__7OptBool,0x0034191C,0x00341924,8
__as__7OptBoolb,0x00341924,0x0034196C,72
__as__7OptBoolT0,0x0034196C,0x003419BC,80
reset__7OptBool,0x003419BC,0x003419CC,16
__tf6OptInt,0x003419CC,0x00341A18,76
__opRi__6OptInt,0x00341A18,0x00341A20,8
__as__6OptInti,0x00341A20,0x00341A90,112
__as__6OptIntT0,0x00341A90,0x00341B08,120
reset__6OptInt,0x00341B08,0x00341B18,16
setMaxmin__6OptIntii,0x00341B18,0x00341B24,12
__tf8OptFloat,0x00341B24,0x00341B70,76
__opRf__8OptFloat,0x00341B70,0x00341B78,8
__as__8OptFloatf,0x00341B78,0x00341BE8,112
__as__8OptFloatT0,0x00341BE8,0x00341C60,120
reset__8OptFloat,0x00341C60,0x00341C70,16
setMaxmin__8OptFloatff,0x00341C70,0x00341C7C,12
__tf7OptGrid,0x00341C7C,0x00341CC8,76
getGridX__7OptGrid,0x00341CC8,0x00341CE8,32
getGridY__7OptGrid,0x00341CE8,0x00341D08,32
__tf17CMemorySerializer,0x00341D08,0x00341D54,76
setup__17CMemorySerializerPvi,0x00341D54,0x00341D68,20
getPoint__C17CMemorySerializer,0x00341D68,0x00341D70,8
__tf11CSerializer,0x00341D70,0x00341DAC,60
__tf9CTaskCDVD,0x00341DAC,0x00341DF8,76
__t12CMemoryArray2Z16CTaskListElementi_32_,0x00341DF8,0x00341E34,60
clear__t12CMemoryArray2Z16CTaskListElementi_32_,0x00341E34,0x00341E94,96
pop__t12CMemoryArray2Z16CTaskListElementi_32_,0x00341E94,0x00341EC0,44
initArray__t12CMemoryArray2Z16CTaskListElementi_32_,0x00341EC0,0x00341EE8,40
Execute__5CTaski,0x00341EE8,0x00341EF0,8
__tf10CTaskDebug,0x00341EF0,0x00341F3C,76
__tf15CTaskFileSelect,0x00341F3C,0x00341F88,76
IsSelectedFile__15CTaskFileSelect,0x00341F88,0x00341F90,8
__tf9CTaskMenu,0x00341F90,0x00341FDC,76
start__9CTaskMenuib,0x00341FDC,0x00341FF0,20
returnToDebugMenuScreen__9CTaskMenu,0x00341FF0,0x00341FFC,12
__tf10CTaskSetup,0x00341FFC,0x00342048,76
RequestTaskAutoSatrt__10CTaskSetupiii,0x00342048,0x00342060,24
SetupExecute__10CTaskSetup,0x00342060,0x00342068,8
__opf__t6TFader1Zf,0x00342068,0x00342070,8
__tf10CTaskSound,0x00342070,0x003420BC,76
setupToneBank__10CTaskSound,0x003420BC,0x003420C4,8
__tf10CTaskVSync,0x003420C4,0x00342110,76
getCurrentInstance__10CTaskVSync,0x00342110,0x00342118,8
setPacketSetting__10CTaskVSynci,0x00342118,0x00342124,12
playMovie__10CTaskVSyncP7CEzMPEG,0x00342124,0x0034212C,8
ifPlayMovie__10CTaskVSync,0x0034212C,0x00342138,12
GetPreSpendLine__C10CTaskVSync,0x00342138,0x00342140,8
clear__t12CMemoryArray2Z11CDVDRequesti_64_,0x00342140,0x003421A0,96
push__t12CMemoryArray2Z11CDVDRequesti_64_Pv,0x003421A0,0x003421CC,44
pop__t12CMemoryArray2Z11CDVDRequesti_64_,0x003421CC,0x003421F8,44
initArray__t12CMemoryArray2Z11CDVDRequesti_64_,0x003421F8,0x00342220,40
__t12CMemoryArray2Z11CDVDRequesti_64_,0x00342220,0x0034225C,60
clearNumber__t12CMemoryArray2Z11CSoundVoicei_24_i,0x0034225C,0x00342320,196
remove__t12CMemoryArray2Z11CSoundVoicei_24_Pv,0x00342320,0x0034234C,44
pop__t12CMemoryArray2Z11CSoundVoicei_24_,0x0034234C,0x00342378,44
push__t12CMemoryArray2Z11CSoundVoicei_24_Pv,0x00342378,0x003423A4,44
initArray__t12CMemoryArray2Z11CSoundVoicei_24_,0x003423A4,0x003423CC,40
__t12CMemoryArray2Z11CSoundVoicei_24_,0x003423CC,0x00342414,72
update__t6TFader1Zfi,0x00342414,0x0034246C,88
__tft6TFader1Zf,0x0034246C,0x003424A8,60
GetNext__t5CList2Z16CShapeMotionStati_16_RPv,0x003424A8,0x003424B8,16
GetNext__t5CList2Zii_32_RPv,0x003424B8,0x003424C8,16
GetNext__Ct5CList2Z16CShapeMotionStati_16_RPv,0x003424C8,0x00342524,92
GetAt__t5CList2Z16CShapeMotionStati_16_Pv,0x00342524,0x0034252C,8
RemoveAt__t5CList2Z16CShapeMotionStati_16_Pv,0x0034252C,0x003425A4,120
CreateNew__t5CList2Z16CShapeMotionStati_16_,0x003425A4,0x00342604,96
Find__Ct5CList2Zii_32_iPv,0x00342604,0x0034264C,72
RemoveAt__t5CList2Zii_32_Pv,0x0034264C,0x003426C4,120
AddTail__t5CList2Zii_32_RCi,0x003426C4,0x0034272C,104
RemoveAll__t5CList2Zii_32_,0x0034272C,0x00342748,28
DeleteNode__t5CList2Z16CShapeMotionStati_16_PQ2t5CList2Z16CShapeMotionStati_16_5SNode,0x00342748,0x00342774,44
DeleteNode__t5CList2Zii_32_PQ2t5CList2Zii_32_5SNode,0x00342774,0x003427A0,44
__tf12CConsoleTask,0x003427A0,0x003427EC,76
Execute__12CConsoleTaski,0x003427EC,0x0034282C,64
__tf13FCConsoleTask,0x0034282C,0x0034287C,80
__tf8Cfn_arms,0x0034287C,0x003428C8,76
__tf10Cfn_missel,0x003428C8,0x00342914,76
__tf12CRecTestTask,0x00342914,0x00342960,76
__tf9CDispTask,0x00342960,0x003429AC,76
__9CDispTask,0x003429AC,0x003429F8,76
__tf7CMcTask,0x003429F8,0x00342A44,76
GetCardStat__7CMcTask,0x00342A44,0x00342A4C,8
McReset__7CMcTask,0x00342A4C,0x00342A58,12
SetMcSpflag__7CMcTask,0x00342A58,0x00342A64,12
ClearMcSpflag__7CMcTask,0x00342A64,0x00342A6C,8
clear__t12CMemoryArray2Zt19CMemorySingleBuffer1i_384_i_64_,0x00342A6C,0x00342ACC,96
push__t12CMemoryArray2Zt19CMemorySingleBuffer1i_384_i_64_Pv,0x00342ACC,0x00342AF8,44
create__H1Z11CTrapScript_t12CMemoryArray2Zt19CMemorySingleBuffer1i_384_i_64__PX00,0x00342AF8,0x00342B68,112
initArray__t12CMemoryArray2Zt19CMemorySingleBuffer1i_384_i_64_,0x00342B68,0x00342B90,40
pop__t12CMemoryArray2Zt19CMemorySingleBuffer1i_384_i_64_,0x00342B90,0x00342BBC,44
__tf10CTrapEntry,0x00342BBC,0x00342C08,76
execute__10CTrapEntry,0x00342C08,0x00342C10,8
close__10CTrapEntry,0x00342C10,0x00342C18,8
debugPrint__10CTrapEntry,0x00342C18,0x00342C20,8
__tf11CTrapScript,0x00342C20,0x00342C70,80
__11CTrapScript,0x00342C70,0x00342CB8,72
__t12CMemoryArray2Zt19CMemorySingleBuffer1i_384_i_64_,0x00342CB8,0x00342CCC,20
__tf14CMemoryElement,0x00342CCC,0x00342D08,60
__tf9type_info,0x00344E00,0x00344E40,64
__9type_infoPCc,0x00344E40,0x00344E54,20
name__C9type_info,0x00344E58,0x00344E60,8
__ne__C9type_infoRC9type_info,0x00344E60,0x00344E80,32
__tf8bad_cast,0x00344E80,0x00344ED0,80
__8bad_cast,0x00344ED0,0x00344EE0,16
___8bad_cast,0x00344EE0,0x00344F14,52
__tf10bad_typeid,0x00344F18,0x00344F68,80
__10bad_typeid,0x00344F68,0x00344F78,16
___10bad_typeid,0x00344F78,0x00344FAC,52
___16__user_type_info,0x00344FB0,0x00344FFC,96
entry_00345000,0x00345000,0x00345014,20
__tf16__user_type_info,0x00345018,0x00345068,80
__16__user_type_infoPCc,0x00345068,0x0034507C,20
contained_p__16__user_type_infoQ216__user_type_info8sub_kind,0x00345080,0x0034508C,12
contained_public_p__16__user_type_infoQ216__user_type_info8sub_kind,0x00345090,0x0034509C,12
contained_nonpublic_p__16__user_type_infoQ216__user_type_info8sub_kind,0x003450A0,0x003450B0,16
contained_nonvirtual_p__16__user_type_infoQ216__user_type_info8sub_kind,0x003450B0,0x003450C0,16
contained_virtual_p__16__user_type_infoQ216__user_type_info8sub_kind,0x003450C0,0x003450D0,16
find_public_subobj__C16__user_type_infoiRC9type_infoPvT3,0x003450D0,0x00345104,100
entry_00345108,0x00345108,0x00345138,48
___14__si_type_info,0x00345138,0x00345184,96
entry_00345188,0x00345188,0x0034519C,20
__tf14__si_type_info,0x003451A0,0x003451F0,80
__14__si_type_infoPCcRC16__user_type_info,0x003451F0,0x00345208,24
___17__class_type_info,0x00345208,0x00345254,96
entry_00345258,0x00345258,0x0034526C,20
__tf17__class_type_info,0x00345270,0x003452C0,80
__17__class_type_infoPCcPCQ217__class_type_info9base_infoUi,0x003452C0,0x003452DC,28
__tf9exception,0x003452E0,0x00345320,64
__9exception,0x00345320,0x00345330,16
___9exception,0x00345330,0x00345364,52
__tf13bad_exception,0x00345368,0x003453B8,80
__13bad_exception,0x003453B8,0x003453C8,16
___13bad_exception,0x003453C8,0x003453FC,52
___19__pointer_type_info,0x00345400,0x0034544C,96
entry_00345450,0x00345450,0x00345464,20
__tf19__pointer_type_info,0x00345468,0x003454B8,80
___16__attr_type_info,0x003454B8,0x00345504,96
entry_00345508,0x00345508,0x0034551C,20
__tf16__attr_type_info,0x00345520,0x00345570,80
___19__builtin_type_info,0x00345570,0x003455BC,96
entry_003455c0,0x003455C0,0x003455D4,20
__tf19__builtin_type_info,0x003455D8,0x00345628,80
___16__func_type_info,0x00345628,0x00345674,96
entry_00345678,0x00345678,0x0034568C,20
__tf16__func_type_info,0x00345690,0x003456E0,80
___16__ptmf_type_info,0x003456E0,0x0034572C,96
entry_00345730,0x00345730,0x00345744,20
__tf16__ptmf_type_info,0x00345748,0x00345798,80
___16__ptmd_type_info,0x00345798,0x003457E4,96
entry_003457e8,0x003457E8,0x003457FC,20
__tf16__ptmd_type_info,0x00345800,0x00345850,80
___17__array_type_info,0x00345850,0x0034589C,96
entry_003458a0,0x003458A0,0x003458B4,20
__tf17__array_type_info,0x003458B8,0x00345908,80
___9bad_alloc,0x00345908,0x0034593C,52
__tf9bad_alloc,0x00345940,0x00345990,80
what__C9bad_alloc,0x00345990,0x0034599C,12
__nw__FUiPv,0x003459A0,0x003459A8,8
__vn__FUiPv,0x003459A8,0x003459B0,8
